ID_CLIENTE,SAFRA_REF,PROBABILIDADE_INADIPLENCIA
5058298901476893676,2021-07,0.005815845961673937
274692171162531764,2021-07,0.01720402827463356
274692171162531764,2021-07,0.019199524090682756
274692171162531764,2021-07,0.019199524090682756
465309249432033993,2021-07,0.007908201227448812
465309249432033993,2021-07,0.007908201227448812
465309249432033993,2021-07,0.007908201227448812
465309249432033993,2021-07,0.007908201227448812
5883155883105348987,2021-07,0.02843086033410899
5883155883105348987,2021-07,0.026498855964607593
4489904752023469353,2021-07,0.2461372624036825
3355881107559250653,2021-07,0.0024908769032441335
3355881107559250653,2021-07,0.0027443926505717974
3355881107559250653,2021-07,0.0026580514439803024
3355881107559250653,2021-07,0.0026182153126902896
3355881107559250653,2021-07,0.0026182153126902896
3355881107559250653,2021-07,0.0026580514439803024
3355881107559250653,2021-07,0.0027443926505717974
6330043096034525408,2021-07,0.06771361851475924
6330043096034525408,2021-07,0.08063194079805418
6964108750473070287,2021-07,0.005236408196027554
6964108750473070287,2021-07,0.004310733206328916
6964108750473070287,2021-07,0.005003824666790579
6964108750473070287,2021-07,0.005003824666790579
6964108750473070287,2021-07,0.005003824666790579
6964108750473070287,2021-07,0.005003824666790579
6964108750473070287,2021-07,0.005003824666790579
6964108750473070287,2021-07,0.005003824666790579
6964108750473070287,2021-07,0.005236408196027554
6964108750473070287,2021-07,0.005003824666790579
6964108750473070287,2021-07,0.005003824666790579
6964108750473070287,2021-07,0.005003824666790579
6964108750473070287,2021-07,0.0041190947776310665
6964108750473070287,2021-07,0.005003824666790579
6964108750473070287,2021-07,0.005003824666790579
6964108750473070287,2021-07,0.004310733206328916
4008627434689715639,2021-07,0.22381542785120764
4008627434689715639,2021-07,0.23597751018205423
4008627434689715639,2021-07,0.16376432930350296
5757271354816214865,2021-07,0.8961993534866861
5757271354816214865,2021-07,0.9084503270151196
5757271354816214865,2021-07,0.8961993534866861
5757271354816214865,2021-07,0.8961993534866861
5757271354816214865,2021-07,0.8961993534866861
5757271354816214865,2021-07,0.9021353396774596
5757271354816214865,2021-07,0.899564020879228
5757271354816214865,2021-07,0.8961993534866861
5757271354816214865,2021-07,0.9021353396774596
5757271354816214865,2021-07,0.8988234469529535
5757271354816214865,2021-07,0.8927104684339214
5757271354816214865,2021-07,0.9093626822349453
5757271354816214865,2021-07,0.8961993534866861
5757271354816214865,2021-07,0.9021353396774596
5757271354816214865,2021-07,0.9021353396774596
8909740532547211288,2021-07,0.002778132649691596
8909740532547211288,2021-07,0.0029018928897118056
8909740532547211288,2021-07,0.0029018928897118056
4045739494965095560,2021-07,0.0022538105952457036
4045739494965095560,2021-07,0.0022538105952457036
4045739494965095560,2021-07,0.006064854981553552
6759864637454708017,2021-07,0.01423210375976873
6759864637454708017,2021-07,0.01423210375976873
6759864637454708017,2021-07,0.015163370339515864
6759864637454708017,2021-07,0.014085590971160657
6759864637454708017,2021-07,0.01423210375976873
6759864637454708017,2021-07,0.014085590971160657
6134696632487351445,2021-07,0.002146031612476565
6134696632487351445,2021-07,0.0019578658854735517
6134696632487351445,2021-07,0.002146031612476565
5373371196946859811,2021-07,0.023045627043201334
3095686599956852697,2021-07,0.002433745532080494
3095686599956852697,2021-07,0.0023062226835130176
3095686599956852697,2021-07,0.002433745532080494
1616952665234409442,2021-07,0.05001165531563802
1616952665234409442,2021-07,0.05179710855124769
1088521227159442264,2021-07,0.005397893532236486
1088521227159442264,2021-07,0.005651935475105963
1088521227159442264,2021-07,0.005397893532236486
8529899700094903171,2021-07,0.007602639363170683
8529899700094903171,2021-07,0.007708208438159264
8529899700094903171,2021-07,0.007996415362242836
8529899700094903171,2021-07,0.007996415362242836
8529899700094903171,2021-07,0.007602639363170683
8529899700094903171,2021-07,0.007602639363170683
8529899700094903171,2021-07,0.007602639363170683
499242942549937267,2021-07,0.01833166585472483
499242942549937267,2021-07,0.02184703829374988
499242942549937267,2021-07,0.02184703829374988
499242942549937267,2021-07,0.01681927999646548
499242942549937267,2021-07,0.01681927999646548
499242942549937267,2021-07,0.01833166585472483
499242942549937267,2021-07,0.01681927999646548
499242942549937267,2021-07,0.01833166585472483
499242942549937267,2021-07,0.01833166585472483
5897410907783139228,2021-07,0.0019434769815092185
5897410907783139228,2021-07,0.001972311421407509
5897410907783139228,2021-07,0.0019434769815092185
5897410907783139228,2021-07,0.002073524637055521
2083323809219952960,2021-07,0.0025440895398919803
2083323809219952960,2021-07,0.003594931482547686
2083323809219952960,2021-07,0.003594931482547686
2083323809219952960,2021-07,0.003594931482547686
2083323809219952960,2021-07,0.0028867687776161035
2083323809219952960,2021-07,0.0022296715241251906
2083323809219952960,2021-07,0.0025301072701108818
2083323809219952960,2021-07,0.0035657971071301983
2083323809219952960,2021-07,0.005744475762402092
2083323809219952960,2021-07,0.004215477164062937
1953058402621337677,2021-07,0.008462268908729488
1953058402621337677,2021-07,0.0026129816026496007
1953058402621337677,2021-07,0.003229288954700394
1953058402621337677,2021-07,0.0047109797411385625
3408536439470975134,2021-07,0.0003312686246698545
3408536439470975134,2021-07,0.0003312686246698545
3408536439470975134,2021-07,0.0003312686246698545
3408536439470975134,2021-07,0.00031168682789043577
5687511145009775604,2021-07,0.029110521029491413
5687511145009775604,2021-07,0.7463758157828683
7485107528960607346,2021-07,0.0194138199459008
7485107528960607346,2021-07,0.03170029063872491
531805620371082364,2021-07,0.00836783261282616
5761480994209806499,2021-07,0.002252326310877716
5761480994209806499,2021-07,0.0019838113470319503
5761480994209806499,2021-07,0.0019838113470319503
5761480994209806499,2021-07,0.0019838113470319503
5761480994209806499,2021-07,0.0019838113470319503
5761480994209806499,2021-07,0.0019838113470319503
5761480994209806499,2021-07,0.0019838113470319503
5761480994209806499,2021-07,0.002252326310877716
5761480994209806499,2021-07,0.002142805799889198
5761480994209806499,2021-07,0.0019838113470319503
5761480994209806499,2021-07,0.00210959237298272
5761480994209806499,2021-07,0.0019838113470319503
5761480994209806499,2021-07,0.0028677416354059423
5761480994209806499,2021-07,0.002144488460989945
5761480994209806499,2021-07,0.0019838113470319503
5761480994209806499,2021-07,0.0019838113470319503
4762256864594914240,2021-07,0.004258780773133597
8570963260597299378,2021-07,0.0016608097916109956
5974858472822751652,2021-07,0.005895876373923565
3421433989501830226,2021-07,0.9136396992740848
4327694790333781288,2021-07,0.0005124322397418436
4327694790333781288,2021-07,0.0004996466727952535
8173830874846355280,2021-07,0.0013627266785899731
8173830874846355280,2021-07,0.0013627266785899731
8173830874846355280,2021-07,0.0013627266785899731
8173830874846355280,2021-07,0.0015037371423041418
8173830874846355280,2021-07,0.0015037371423041418
8173830874846355280,2021-07,0.0013627266785899731
8173830874846355280,2021-07,0.0013627266785899731
8173830874846355280,2021-07,0.001729787800247839
8173830874846355280,2021-07,0.001729787800247839
8173830874846355280,2021-07,0.0015037371423041418
2347028805684088098,2021-07,0.0006691638348074503
3632378524835692731,2021-07,0.002616098670116847
3632378524835692731,2021-07,0.002616098670116847
3632378524835692731,2021-07,0.002616098670116847
2033394215069562776,2021-07,0.009839838936837363
2033394215069562776,2021-07,0.017070349324925342
2033394215069562776,2021-07,0.017070349324925342
2033394215069562776,2021-07,0.017070349324925342
3285246914299291124,2021-07,0.001395391781297993
3285246914299291124,2021-07,0.0010978956275234065
3285246914299291124,2021-07,0.001395391781297993
3285246914299291124,2021-07,0.001395391781297993
2929243640075785940,2021-07,0.005500961879629824
2929243640075785940,2021-07,0.007134521723078608
2929243640075785940,2021-07,0.007191475294104328
2929243640075785940,2021-07,0.006418584165871522
2929243640075785940,2021-07,0.006617382128809141
2407532237672094312,2021-07,0.00992329709540867
2407532237672094312,2021-07,0.01426374155520538
2407532237672094312,2021-07,0.010049696981951059
5635781225931111684,2021-07,0.008978225511550291
5635781225931111684,2021-07,0.01023673130056402
1235244772550233980,2021-07,0.0015245445892116776
1235244772550233980,2021-07,0.0008020992719258934
1235244772550233980,2021-07,0.0017332500856656748
4365965554261111250,2021-07,0.12221781867910919
5162636608292907782,2021-07,0.016620426244911238
8248484932270772248,2021-07,0.041203824128166214
924957821424248698,2021-07,0.0016179974832598483
924957821424248698,2021-07,0.0015207019268126034
924957821424248698,2021-07,0.0015207019268126034
6828316696355015040,2021-07,0.005088607880881119
8409181491723988567,2021-07,0.005413842977624745
8409181491723988567,2021-07,0.006956223154240848
8409181491723988567,2021-07,0.16216810565178233
8409181491723988567,2021-07,0.005915051280550246
4532469127306079736,2021-07,0.012113735519038339
7664272163315705419,2021-07,0.007583539519556708
7664272163315705419,2021-07,0.00631307741264244
9206030810342980458,2021-07,0.004210100082798035
9206030810342980458,2021-07,0.005575764829419967
9206030810342980458,2021-07,0.004440869754988664
5810778736737569699,2021-07,0.011534080502947177
5810778736737569699,2021-07,0.010288162143535411
1366416810235233769,2021-07,0.004474279145132179
1366416810235233769,2021-07,0.004474279145132179
1366416810235233769,2021-07,0.004474279145132179
1366416810235233769,2021-07,0.06442501144625268
1366416810235233769,2021-07,0.004474279145132179
1366416810235233769,2021-07,0.005160776494382554
8067924767167570288,2021-07,0.006463639923803328
7908414709866823255,2021-07,0.006633818748336079
7908414709866823255,2021-07,0.0067377806622630505
7908414709866823255,2021-07,0.006447545987137967
7908414709866823255,2021-07,0.006447545987137967
8994944800097997361,2021-07,0.011284447153033525
8994944800097997361,2021-07,0.012707727575348169
6950439982480713649,2021-07,0.08755294138076425
6950439982480713649,2021-07,0.08755294138076425
8901696535927078963,2021-07,0.004978024412285041
8901696535927078963,2021-07,0.004978024412285041
8901696535927078963,2021-07,0.004978024412285041
8901696535927078963,2021-07,0.0060303537734547425
8901696535927078963,2021-07,0.004978024412285041
8901696535927078963,2021-07,0.004740901806068165
8901696535927078963,2021-07,0.004736660697865071
6204723742351094322,2021-07,0.014182215608257751
3095408468798675621,2021-07,0.0011470015286262206
3095408468798675621,2021-07,0.001209405147133764
7722287846688771887,2021-07,0.009750448955175987
312543480920432545,2021-07,0.10289068199798847
312543480920432545,2021-07,0.001103626921003542
312543480920432545,2021-07,0.0009309913052319122
6394935036014530592,2021-07,0.0054676625101968785
6394935036014530592,2021-07,0.006076504502958288
3281617395243454427,2021-07,0.0325033367925289
1115703227712697214,2021-07,0.007053266393062019
1115703227712697214,2021-07,0.007431064801174948
8185063234515056194,2021-07,0.0038818029465114904
8185063234515056194,2021-07,0.003428157603813419
8185063234515056194,2021-07,0.0032275083260734473
8185063234515056194,2021-07,0.003428157603813419
8185063234515056194,2021-07,0.003085782579031824
7492389223353246125,2021-07,0.027096970569124693
7492389223353246125,2021-07,0.15770183857211273
7492389223353246125,2021-07,0.031439388329819594
6217788509719675691,2021-07,0.00763777506119218
6217788509719675691,2021-07,0.006270897900771903
8716163053080758848,2021-07,0.0017165225639536727
8716163053080758848,2021-07,0.0019860417896073322
8716163053080758848,2021-07,0.0019860417896073322
8716163053080758848,2021-07,0.0015277392184610548
8716163053080758848,2021-07,0.001752553473413646
8716163053080758848,2021-07,0.001773393718777031
324916756972236008,2021-07,0.03812815430195964
324916756972236008,2021-07,0.08352920289071054
324916756972236008,2021-07,0.03812815430195964
324916756972236008,2021-07,0.03972710849839343
324916756972236008,2021-07,0.03812815430195964
324916756972236008,2021-07,0.047627981922296496
7269781193318890653,2021-07,0.0030213822084625614
7269781193318890653,2021-07,0.005628007485689341
6784879562354696650,2021-07,0.015282792786037195
8229446069655666941,2021-07,0.833907737814231
8229446069655666941,2021-07,0.015540019476633292
4972567100282306577,2021-07,0.004992043862572508
5864443060004179363,2021-07,0.0018650638720539884
5864443060004179363,2021-07,0.0017313468347976264
5864443060004179363,2021-07,0.032131395018135375
5864443060004179363,2021-07,0.0012112995359498907
5864443060004179363,2021-07,0.0018896444321388098
2439954154030259398,2021-07,0.008413991952783273
8623308321032624474,2021-07,0.10344211896079634
8623308321032624474,2021-07,0.6907377754555427
8623308321032624474,2021-07,0.09602765285275375
4524147234488547993,2021-07,0.012155314006105018
4524147234488547993,2021-07,0.011111633804999214
4524147234488547993,2021-07,0.009165763070687553
6987942592445950913,2021-07,0.0021369395158447567
6987942592445950913,2021-07,0.003052850546153343
6987942592445950913,2021-07,0.003251851633108798
6987942592445950913,2021-07,0.003052850546153343
8684964138237894839,2021-07,0.013039985463720389
6582676833651678345,2021-07,0.0006393227269330844
6582676833651678345,2021-07,0.0006904411995683938
6582676833651678345,2021-07,0.0006904411995683938
6582676833651678345,2021-07,0.0006393227269330844
6582676833651678345,2021-07,0.0006393227269330844
6582676833651678345,2021-07,0.0006536777679576986
6582676833651678345,2021-07,0.0006904411995683938
6582676833651678345,2021-07,0.0006904411995683938
1036256411320325774,2021-07,0.009692987993405467
1036256411320325774,2021-07,0.008901650858725732
968199235777440720,2021-07,0.0025089490794366447
968199235777440720,2021-07,0.0025399201077321346
968199235777440720,2021-07,0.0025399201077321346
968199235777440720,2021-07,0.0025975178347806636
968199235777440720,2021-07,0.0028806699993345545
968199235777440720,2021-07,0.0025089490794366447
968199235777440720,2021-07,0.0025089490794366447
968199235777440720,2021-07,0.0028806699993345545
6916556752218696485,2021-07,0.006599944203349574
6916556752218696485,2021-07,0.009190623555852226
6916556752218696485,2021-07,0.006651128520857795
6916556752218696485,2021-07,0.0070409511079415465
6916556752218696485,2021-07,0.0070409511079415465
6916556752218696485,2021-07,0.007095531122107795
6916556752218696485,2021-07,0.007095531122107795
6916556752218696485,2021-07,0.007095531122107795
6916556752218696485,2021-07,0.0070409511079415465
6916556752218696485,2021-07,0.0070409511079415465
6916556752218696485,2021-07,0.008940073544260805
6916556752218696485,2021-07,0.0070409511079415465
6030285068945261052,2021-07,0.0014057944188031624
6030285068945261052,2021-07,0.0016963554820732956
6030285068945261052,2021-07,0.01486891947513315
6030285068945261052,2021-07,0.0014057944188031624
6030285068945261052,2021-07,0.0014057944188031624
8463871205935856285,2021-07,0.024266064151950404
4071158585850879204,2021-07,0.04708230319284621
4071158585850879204,2021-07,0.012209962955470346
4071158585850879204,2021-07,0.21003264614195638
3218226066162129945,2021-07,0.03699531238048284
4679462479444735708,2021-07,0.008038256420960352
4679462479444735708,2021-07,0.00553134064701145
4679462479444735708,2021-07,0.012114543346369315
4679462479444735708,2021-07,0.008038256420960352
4679462479444735708,2021-07,0.012114543346369315
4679462479444735708,2021-07,0.012114543346369315
4724876423989598202,2021-07,0.006740325481311296
4724876423989598202,2021-07,0.0025667940339956243
4724876423989598202,2021-07,0.002317212439865345
2128970218770090704,2021-07,0.03239751479316779
2128970218770090704,2021-07,0.0032297988092487343
2128970218770090704,2021-07,0.0032297988092487343
1003144834589372198,2021-07,0.0018333675738251359
1003144834589372198,2021-07,0.0018333675738251359
9127318190908282126,2021-07,0.004858778212481897
9127318190908282126,2021-07,0.004640478133250665
8163895533020293251,2021-07,0.5397584794967367
8163895533020293251,2021-07,0.3621211879196468
8163895533020293251,2021-07,0.44259135438091823
5794903898038236832,2021-07,0.01681578559964116
5794903898038236832,2021-07,0.01681578559964116
3960251564708868781,2021-07,0.01639517486538865
3960251564708868781,2021-07,0.026665506775816156
3960251564708868781,2021-07,0.01639517486538865
3960251564708868781,2021-07,0.01003283226205768
3960251564708868781,2021-07,0.01639517486538865
5888474320320735000,2021-07,0.7649943842686995
5888474320320735000,2021-07,0.8338673328713702
5888474320320735000,2021-07,0.7632823439648581
761746217261797478,2021-07,0.0011220220074198925
761746217261797478,2021-07,0.0011560120942265073
1507697130807703164,2021-07,0.0008444541356390164
9184785003280841216,2021-07,0.006102605895321082
9184785003280841216,2021-07,0.006102605895321082
9184785003280841216,2021-07,0.006291372835521893
1182975716201409626,2021-07,0.0031002470270883715
1182975716201409626,2021-07,0.12566978686514252
1182975716201409626,2021-07,0.003484043675064692
1182975716201409626,2021-07,0.003484043675064692
1182975716201409626,2021-07,0.003484043675064692
5369576709077493659,2021-07,0.018824668306646086
3472934456083131714,2021-07,0.009177087545362112
717981637594591016,2021-07,0.0007657481968964998
717981637594591016,2021-07,0.008790477976964159
717981637594591016,2021-07,0.0008073667316239463
717981637594591016,2021-07,0.0008168362319004459
8255085612985072878,2021-07,0.002044133976241043
8255085612985072878,2021-07,0.002044133976241043
7751080728852739823,2021-07,0.0025446400050522654
7751080728852739823,2021-07,0.08910932877922834
4347826483121154490,2021-07,0.0021287831858058104
4347826483121154490,2021-07,0.0021079875681629516
4347826483121154490,2021-07,0.0035748102413503363
4347826483121154490,2021-07,0.0021079875681629516
4347826483121154490,2021-07,0.021548310424763857
4347826483121154490,2021-07,0.0023581174704689263
4347826483121154490,2021-07,0.0021079875681629516
4347826483121154490,2021-07,0.0019423889841397692
4347826483121154490,2021-07,0.001753414532750368
2214132103234633622,2021-07,0.007824459772652542
2214132103234633622,2021-07,0.005059554921484311
2214132103234633622,2021-07,0.005059554921484311
2214132103234633622,2021-07,0.005944825046268252
2214132103234633622,2021-07,0.005944825046268252
410843023337872279,2021-07,0.0017447553474656478
2022367282554149730,2021-07,0.002006669264126207
2022367282554149730,2021-07,0.002006669264126207
7637066986811047950,2021-07,0.013363036956836608
7637066986811047950,2021-07,0.013363036956836608
7637066986811047950,2021-07,0.013363036956836608
86110062990790869,2021-07,0.02251668770147121
5304536516981778801,2021-07,0.0022759341754414663
5304536516981778801,2021-07,0.0022759341754414663
5304536516981778801,2021-07,0.0016677113260275902
3829967475074118757,2021-07,0.6879819135149302
3829967475074118757,2021-07,0.6949861521313845
7444686668183702737,2021-07,0.0031773070642369663
7444686668183702737,2021-07,0.0019611448905784037
682352428813668634,2021-07,0.0028673337208129186
682352428813668634,2021-07,0.0028673337208129186
682352428813668634,2021-07,0.0028673337208129186
682352428813668634,2021-07,0.0028673337208129186
682352428813668634,2021-07,0.0028673337208129186
682352428813668634,2021-07,0.0028673337208129186
7613717984547031729,2021-07,0.002326508647602908
7910340581026492945,2021-07,0.002354458154071957
7910340581026492945,2021-07,0.002354458154071957
7910340581026492945,2021-07,0.05703735835762925
6352592240901579272,2021-07,0.006318800511454894
5574997762710520717,2021-07,0.01723885404437146
5574997762710520717,2021-07,0.007266006844913059
8939476669690489534,2021-07,0.01037906912418331
107343823625119033,2021-07,0.003733387590036542
6349142675790687765,2021-07,0.2902093389342269
6349142675790687765,2021-07,0.36104158617816157
6349142675790687765,2021-07,0.36104158617816157
5067621068959932809,2021-07,0.04107126137308928
5067621068959932809,2021-07,0.10855497804182684
5067621068959932809,2021-07,0.04107126137308928
5067621068959932809,2021-07,0.04107126137308928
5067621068959932809,2021-07,0.04107126137308928
2397171153213063761,2021-07,0.005375777791962314
2397171153213063761,2021-07,0.005590218742547156
2397171153213063761,2021-07,0.005969922753438718
2397171153213063761,2021-07,0.005375777791962314
2397171153213063761,2021-07,0.005375777791962314
8195468623809753777,2021-07,0.002129292428937453
8195468623809753777,2021-07,0.006157291608842648
8195468623809753777,2021-07,0.0036971494236815476
8195468623809753777,2021-07,0.0035037737308832853
6271697692808086495,2021-07,0.006169046323245059
5176940320835464459,2021-07,0.0038873427273597933
5176940320835464459,2021-07,0.0016343469838349814
5176940320835464459,2021-07,0.0016659169479284486
5176940320835464459,2021-07,0.0017103373003480708
5176940320835464459,2021-07,0.0018472253033076115
5176940320835464459,2021-07,0.0018903391460022528
5176940320835464459,2021-07,0.0018472253033076115
4342146186255136598,2021-07,0.0032011247053163566
4342146186255136598,2021-07,0.0014928362992352006
4342146186255136598,2021-07,0.10038728581351974
4795152981525833467,2021-07,0.006245362198547615
4795152981525833467,2021-07,0.017003718992076762
4795152981525833467,2021-07,0.017003718992076762
4795152981525833467,2021-07,0.014339118954590686
4795152981525833467,2021-07,0.017003718992076762
5714540197488862003,2021-07,0.19634105432286458
5714540197488862003,2021-07,0.8765701045145754
5714540197488862003,2021-07,0.17693881649854343
6012031176108922616,2021-07,0.013981389365182641
1998941557906036376,2021-07,0.01329741143503381
5558533999208199371,2021-07,0.6220372729228808
8464809590757561185,2021-07,0.00393425950316958
8464809590757561185,2021-07,0.003729717192021781
8464809590757561185,2021-07,0.00326047286868197
8464809590757561185,2021-07,0.00393425950316958
6721448955097663572,2021-07,0.007031411626077951
6721448955097663572,2021-07,0.010051150378671268
6721448955097663572,2021-07,0.009893781896392602
5225029212547588718,2021-07,0.007142688422923683
5225029212547588718,2021-07,0.026048001627629224
5225029212547588718,2021-07,0.09348089298152412
8926565682509268383,2021-07,0.006973329212184375
8926565682509268383,2021-07,0.006973329212184375
8926565682509268383,2021-07,0.006973329212184375
8926565682509268383,2021-07,0.006973329212184375
8926565682509268383,2021-07,0.006973329212184375
8926565682509268383,2021-07,0.006534177857121559
8926565682509268383,2021-07,0.006534177857121559
2983174282784691273,2021-07,0.003079522565444703
2983174282784691273,2021-07,0.11936397230719091
8536031856585966123,2021-07,0.025285053910492565
8536031856585966123,2021-07,0.02458513429451743
8536031856585966123,2021-07,0.6766474295884654
8536031856585966123,2021-07,0.6766474295884654
8536031856585966123,2021-07,0.5164660345407388
7696655736121386405,2021-07,0.01883743788577362
7696655736121386405,2021-07,0.009933167876455786
7750874287225529604,2021-07,0.011921614170855787
7750874287225529604,2021-07,0.010147104944609842
7750874287225529604,2021-07,0.013405905659833722
8013668117699219722,2021-07,0.021228834501390605
7289435138601868544,2021-07,0.008084022040207741
7289435138601868544,2021-07,0.005535797814695384
7289435138601868544,2021-07,0.0057701113809308004
5042877476420217533,2021-07,0.0072983732595711176
5042877476420217533,2021-07,0.005697713640889867
1299146298565441811,2021-07,0.02336542291555825
8376902089871279815,2021-07,0.002198345763135771
8376902089871279815,2021-07,0.0017155231641862135
8376902089871279815,2021-07,0.0021800261356747356
3997247264680905799,2021-07,0.003988589827777478
3997247264680905799,2021-07,0.003988589827777478
5029701292539093910,2021-07,0.01880442577408403
8733525963966339207,2021-07,0.33894418516148284
8733525963966339207,2021-07,0.19092147176274762
8733525963966339207,2021-07,0.19092147176274762
1454789421854453615,2021-07,0.011704031950673377
1454789421854453615,2021-07,0.012261286590108505
1454789421854453615,2021-07,0.011704031950673377
1454789421854453615,2021-07,0.008363248288362175
209477776078372134,2021-07,0.001321396551500209
209477776078372134,2021-07,0.001321396551500209
209477776078372134,2021-07,0.001321396551500209
209477776078372134,2021-07,0.0015019741094911443
3156852928909455203,2021-07,0.0044347555030591216
3156852928909455203,2021-07,0.0044347555030591216
7590999900861381526,2021-07,0.03753372219503475
4556737702757145073,2021-07,0.009566437603201687
6545052034269841737,2021-07,0.0032598710102833333
6545052034269841737,2021-07,0.0027975849322923385
6545052034269841737,2021-07,0.06982974117852367
6545052034269841737,2021-07,0.0027975849322923385
6545052034269841737,2021-07,0.002831022360610679
6545052034269841737,2021-07,0.0032213847799209805
3571198145319411787,2021-07,0.005221505026257822
3571198145319411787,2021-07,0.005221505026257822
3571198145319411787,2021-07,0.005859191529031792
3571198145319411787,2021-07,0.0035308179200572907
8874257794774679816,2021-07,0.002147138140180849
2634859679238614382,2021-07,0.003189745318196357
2634859679238614382,2021-07,0.0043478797239808135
2634859679238614382,2021-07,0.004623707383843478
2634859679238614382,2021-07,0.0014708980012656785
2634859679238614382,2021-07,0.0018663671291392812
2634859679238614382,2021-07,0.0025145687647671723
2678966409665050034,2021-07,0.0035446063560831634
2678966409665050034,2021-07,0.0035446063560831634
2678966409665050034,2021-07,0.0035446063560831634
2678966409665050034,2021-07,0.0035446063560831634
2250817603281429928,2021-07,0.0019293281363789011
2106875407768047316,2021-07,0.0016076294266159025
7458891296671174680,2021-07,0.13037120345233302
8213533889694327948,2021-07,0.004228168460860143
8213533889694327948,2021-07,0.004228168460860143
8213533889694327948,2021-07,0.004228168460860143
6471448246085839373,2021-07,0.0017481343041265767
2532435113844289043,2021-07,0.0018182217345649764
2532435113844289043,2021-07,0.002811539899302104
2532435113844289043,2021-07,0.002811539899302104
2532435113844289043,2021-07,0.002811539899302104
2532435113844289043,2021-07,0.0016095379049160864
2532435113844289043,2021-07,0.0018182217345649764
2532435113844289043,2021-07,0.002811539899302104
2532435113844289043,2021-07,0.0019368994866858192
2532435113844289043,2021-07,0.002811539899302104
2532435113844289043,2021-07,0.0016095379049160864
2532435113844289043,2021-07,0.0016095379049160864
3137879241768961145,2021-07,0.0008377701265304611
3137879241768961145,2021-07,0.0009658436836415167
3118152790263512426,2021-07,0.015091899022632593
3118152790263512426,2021-07,0.022407915855960036
903093877129717133,2021-07,0.0013557061724496296
903093877129717133,2021-07,0.0012978020411724435
2645324649046215594,2021-07,0.004451146114590395
2645324649046215594,2021-07,0.004451146114590395
2645324649046215594,2021-07,0.004451146114590395
621182491555347581,2021-07,0.0313839198000988
621182491555347581,2021-07,0.03050871742737175
8706851346184249504,2021-07,0.001650264894140784
1343530446996409207,2021-07,0.002679512642629021
1343530446996409207,2021-07,0.004274495708961083
3977861004707764824,2021-07,0.016617295468565333
3977861004707764824,2021-07,0.014951143754459589
3977861004707764824,2021-07,0.014951143754459589
3977861004707764824,2021-07,0.014951143754459589
3977861004707764824,2021-07,0.014951143754459589
1156053485989336481,2021-07,0.02019567082134921
1156053485989336481,2021-07,0.02019567082134921
1156053485989336481,2021-07,0.8911515452275799
1156053485989336481,2021-07,0.02019567082134921
1156053485989336481,2021-07,0.02019567082134921
1156053485989336481,2021-07,0.02019567082134921
1156053485989336481,2021-07,0.02019567082134921
1118514612547157551,2021-07,0.05928013942730399
1118514612547157551,2021-07,0.05928013942730399
6817075905797098547,2021-07,0.005523282811665315
7930925883736021864,2021-07,0.006580720048812692
7930925883736021864,2021-07,0.006136051869483841
7930925883736021864,2021-07,0.006395161048168315
7930925883736021864,2021-07,0.006395161048168315
7930925883736021864,2021-07,0.008320139082378584
7930925883736021864,2021-07,0.006395161048168315
7930925883736021864,2021-07,0.006648359681517807
2451708306555441014,2021-07,0.00458009947646962
7442192566700924647,2021-07,0.0009369228714738343
7442192566700924647,2021-07,0.06480072302420704
7442192566700924647,2021-07,0.0008741951095457366
7442192566700924647,2021-07,0.0007650539210866852
2988042199057874759,2021-07,0.008514175397869724
3634047863995720708,2021-07,0.005162688995310952
7085295800541340563,2021-07,0.005938634248711809
7085295800541340563,2021-07,0.013508459809835636
7085295800541340563,2021-07,0.005938634248711809
4335865859049992260,2021-07,0.16540433311071492
4335865859049992260,2021-07,0.013632541622571654
2290083177086946553,2021-07,0.013296567139156097
2290083177086946553,2021-07,0.013296567139156097
2290083177086946553,2021-07,0.015413270461316417
7177785309735471560,2021-07,0.0009464724083429697
7177785309735471560,2021-07,0.0011045673906989139
5477523784812182605,2021-07,0.8515730340180065
5477523784812182605,2021-07,0.6322377657239062
8961924617442201922,2021-07,0.0018866416046979455
7595945751692012281,2021-07,0.004005962463501882
2333404192508932057,2021-07,0.005140218019097992
2333404192508932057,2021-07,0.007404192119323777
2333404192508932057,2021-07,0.005140218019097992
4593070249039532001,2021-07,0.01668706453403519
6053752047545474051,2021-07,0.005309835684923038
6053752047545474051,2021-07,0.004836955913701104
6053752047545474051,2021-07,0.003920667983367337
6053752047545474051,2021-07,0.004031244419125275
6053752047545474051,2021-07,0.004114656354035174
6053752047545474051,2021-07,0.004526667564536811
6053752047545474051,2021-07,0.005080024003175343
6091519986999196884,2021-07,0.0044617879821819
6091519986999196884,2021-07,0.016022111754182996
7535160686416710323,2021-07,0.0034846361787131794
3036967290595689189,2021-07,0.0031168373472510035
5999145415800242177,2021-07,0.019012128606930224
5999145415800242177,2021-07,0.02648950341029286
7930644815080409701,2021-07,0.010154556178068186
510795635145114083,2021-07,0.017521346169715468
510795635145114083,2021-07,0.011925646020582912
510795635145114083,2021-07,0.011725629782537208
510795635145114083,2021-07,0.011725629782537208
510795635145114083,2021-07,0.017417579839981708
187117706370645370,2021-07,0.027728471936807393
187117706370645370,2021-07,0.015809525394074382
187117706370645370,2021-07,0.0268640742189318
5462970244186515758,2021-07,0.0006812267144921147
5462970244186515758,2021-07,0.0006135579474682109
4769364850030443969,2021-07,0.03906405750627121
4769364850030443969,2021-07,0.041512715739797756
4769364850030443969,2021-07,0.04787403417377197
5726178124659661019,2021-07,0.0017945283749400006
5726178124659661019,2021-07,0.001740448862772612
5726178124659661019,2021-07,0.001142885030719333
5726178124659661019,2021-07,0.001142885030719333
5726178124659661019,2021-07,0.0008991723906778785
5726178124659661019,2021-07,0.05697810363824465
5726178124659661019,2021-07,0.001445981434251291
5726178124659661019,2021-07,0.001142885030719333
5726178124659661019,2021-07,0.001142885030719333
5726178124659661019,2021-07,0.0011784188601697617
5726178124659661019,2021-07,0.0014141618087058583
5726178124659661019,2021-07,0.0011166749527223572
5726178124659661019,2021-07,0.0011166749527223572
5726178124659661019,2021-07,0.001142885030719333
5726178124659661019,2021-07,0.0014141618087058583
5726178124659661019,2021-07,0.001142885030719333
5726178124659661019,2021-07,0.0009494235748460084
5726178124659661019,2021-07,0.0011166749527223572
1141681690629134039,2021-07,0.006566817290718243
4095739077267179172,2021-07,0.021127995584937647
4095739077267179172,2021-07,0.020370317613815633
4095739077267179172,2021-07,0.03719028863317926
1551531256789550891,2021-07,0.0011390142037076994
1551531256789550891,2021-07,0.001127741861262859
1551531256789550891,2021-07,0.0012455000327497212
9108733472015251498,2021-07,0.0020135158963361906
851897122328714307,2021-07,0.0015930516828748184
6795467882769787169,2021-07,0.006309903977848464
5856610998569876318,2021-07,0.0032187131645964743
3093415403379897112,2021-07,0.004216012758762914
6061850657256270336,2021-07,0.006458822296173796
6061850657256270336,2021-07,0.012129166221521439
165658847908185334,2021-07,0.01190025168333853
4850722092974676955,2021-07,0.008428727882846971
4850722092974676955,2021-07,0.004840609826907433
3140918607946425426,2021-07,0.004530967869327543
7398738404146260251,2021-07,0.003273617552796024
4863405965754103821,2021-07,0.029266689788718582
4863405965754103821,2021-07,0.019831822910416623
4863405965754103821,2021-07,0.019831822910416623
4863405965754103821,2021-07,0.019831822910416623
4863405965754103821,2021-07,0.023956636992533975
4863405965754103821,2021-07,0.023956636992533975
4863405965754103821,2021-07,0.019831822910416623
4863405965754103821,2021-07,0.019831822910416623
4863405965754103821,2021-07,0.019831822910416623
968400235888951633,2021-07,0.0018346221794861212
798425422240919854,2021-07,0.0037502721049488368
1308019675417057675,2021-07,0.01248351881746255
1308019675417057675,2021-07,0.01248351881746255
6238903426443761049,2021-07,0.014352039171524118
6238903426443761049,2021-07,0.013096207461604219
6238903426443761049,2021-07,0.044521206324095945
4465150716052427320,2021-07,0.007896887249846744
4465150716052427320,2021-07,0.007896887249846744
1033361676287635885,2021-07,0.02006275888621441
1033361676287635885,2021-07,0.02006275888621441
1033361676287635885,2021-07,0.02006275888621441
652740132671309295,2021-07,0.048303939603992326
652740132671309295,2021-07,0.040450561164775245
652740132671309295,2021-07,0.044711324144291256
8004521604421988528,2021-07,0.034033031468536826
8004521604421988528,2021-07,0.034033031468536826
4717717003637613480,2021-07,0.004791963170092591
8348574220426911086,2021-07,0.007781472334088333
5301988619224057921,2021-07,0.4804859296217527
5301988619224057921,2021-07,0.4354923521470935
5301988619224057921,2021-07,0.44251699105781617
5301988619224057921,2021-07,0.44602806361941993
5301988619224057921,2021-07,0.45821696680775703
5301988619224057921,2021-07,0.44602806361941993
8350724667410677464,2021-07,0.010245141407594888
8350724667410677464,2021-07,0.010245141407594888
7457803471605010846,2021-07,0.0031812029139542146
7457803471605010846,2021-07,0.0025834822793105528
1430896989654626045,2021-07,0.0020848356005696445
1430896989654626045,2021-07,0.0020848356005696445
1430896989654626045,2021-07,0.0020848356005696445
2554972344348383830,2021-07,0.0018328657908855412
2554972344348383830,2021-07,0.0018328657908855412
2819054834565698513,2021-07,0.004669597164491667
2819054834565698513,2021-07,0.004499764374273042
8843432852270832388,2021-07,0.005240011074344459
2943087245123311166,2021-07,0.045842084889428966
2943087245123311166,2021-07,0.33931095628061053
2943087245123311166,2021-07,0.01419158539999473
2943087245123311166,2021-07,0.045842084889428966
8826489829259520138,2021-07,0.0029216341954518246
8826489829259520138,2021-07,0.0029216341954518246
8826489829259520138,2021-07,0.0011206230836794471
8826489829259520138,2021-07,0.00103526484422492
8535586342375301953,2021-07,0.006754295185280435
1661240395903230676,2021-07,0.08674345734747685
1661240395903230676,2021-07,0.0909985640504146
1661240395903230676,2021-07,0.09393344935048907
1661240395903230676,2021-07,0.08674345734747685
8049805689946244047,2021-07,0.004494473529324742
1276604410881911401,2021-07,0.012769450010161157
1276604410881911401,2021-07,0.012769450010161157
1276604410881911401,2021-07,0.014713174337681918
1276604410881911401,2021-07,0.014713174337681918
1276604410881911401,2021-07,0.014713174337681918
1276604410881911401,2021-07,0.012769450010161157
1276604410881911401,2021-07,0.011905457447537748
1276604410881911401,2021-07,0.010328765907344384
1276604410881911401,2021-07,0.11591829039522113
1276604410881911401,2021-07,0.15523607213861165
5432443358006556295,2021-07,0.004540987858785644
5432443358006556295,2021-07,0.005328159768676194
8603678028264007695,2021-07,0.01356761292716287
8603678028264007695,2021-07,0.01356761292716287
5511113649464808344,2021-07,0.2970405093722339
5511113649464808344,2021-07,0.0689620847573165
5511113649464808344,2021-07,0.0689620847573165
3263212305228307743,2021-07,0.0013107864953632393
3263212305228307743,2021-07,0.0008636176305374173
3263212305228307743,2021-07,0.0008456362111966758
3263212305228307743,2021-07,0.0008636176305374173
170089315547146305,2021-07,0.08054012039692476
170089315547146305,2021-07,0.08054012039692476
170089315547146305,2021-07,0.07253004403128195
170089315547146305,2021-07,0.08054012039692476
4740535838297269949,2021-07,0.0017335089336697298
4740535838297269949,2021-07,0.0017335089336697298
4740535838297269949,2021-07,0.0017335089336697298
4740535838297269949,2021-07,0.0017335089336697298
4740535838297269949,2021-07,0.0015441156656590988
4740535838297269949,2021-07,0.0015441156656590988
7970976988071755401,2021-07,0.058874627722851174
7970976988071755401,2021-07,0.058874627722851174
8287608084245946173,2021-07,0.003934596041766142
8287608084245946173,2021-07,0.003714849144241293
1423952977138155129,2021-07,0.0035212108382133792
1423952977138155129,2021-07,0.0037143610344049
2455576782104041698,2021-07,0.009639572588337409
2455576782104041698,2021-07,0.03627332307004631
6373947691253940364,2021-07,0.030428055662498732
459290606780222306,2021-07,0.0013486189091085634
459290606780222306,2021-07,0.0013486189091085634
459290606780222306,2021-07,0.001346645462004385
459290606780222306,2021-07,0.0013025788186243788
459290606780222306,2021-07,0.0013025788186243788
459290606780222306,2021-07,0.0013025788186243788
459290606780222306,2021-07,0.0013025788186243788
4052557282157719526,2021-07,0.0033744762164150794
7215093571368368138,2021-07,0.5270357351861719
7215093571368368138,2021-07,0.5270357351861719
7215093571368368138,2021-07,0.5164019530432874
1192891347324061812,2021-07,0.00219163152636255
1192891347324061812,2021-07,0.00219163152636255
1192891347324061812,2021-07,0.0023913698498298753
1192891347324061812,2021-07,0.00219163152636255
1192891347324061812,2021-07,0.00219163152636255
3022528659032597047,2021-07,0.014258297772275318
3022528659032597047,2021-07,0.01107894908873013
2763141362035716801,2021-07,0.0032509522178109347
2763141362035716801,2021-07,0.004124495615193751
5465001651966355821,2021-07,0.05008560240237413
5465001651966355821,2021-07,0.019039042074129153
3357976326879346012,2021-07,0.06282738606997959
5880041582322293710,2021-07,0.002184572151589046
5880041582322293710,2021-07,0.01933178757906809
5880041582322293710,2021-07,0.002184572151589046
5880041582322293710,2021-07,0.0018076141107882567
6927178425683104769,2021-07,0.00225332299381132
6927178425683104769,2021-07,0.00225332299381132
4723919748432185874,2021-07,0.0022977858979693045
4723919748432185874,2021-07,0.002037403506642445
7325545718770538459,2021-07,0.001621219957157053
7325545718770538459,2021-07,0.001621219957157053
7325545718770538459,2021-07,0.12918102637062281
7325545718770538459,2021-07,0.001621219957157053
7325545718770538459,2021-07,0.0017032639242006826
7325545718770538459,2021-07,0.001621219957157053
7325545718770538459,2021-07,0.001621219957157053
5753677550753111444,2021-07,0.0019111156372594697
5753677550753111444,2021-07,0.0017558393462492766
8559143756893267192,2021-07,0.18581222663384336
1292049196559782171,2021-07,0.0022383029094843916
4334472256949955221,2021-07,0.002058622570171602
4334472256949955221,2021-07,0.0020124988735429595
6367769402148499693,2021-07,0.009350773837752218
6367769402148499693,2021-07,0.009350773837752218
6367769402148499693,2021-07,0.009350773837752218
7816319470107777265,2021-07,0.020604673907833437
7816319470107777265,2021-07,0.04427207486901656
696014079855281037,2021-07,0.028292020496012836
4874157215501489741,2021-07,0.008472121356205542
4874157215501489741,2021-07,0.09187261232605849
4874157215501489741,2021-07,0.007796218314015756
3204108603682323936,2021-07,0.001786169128809379
3204108603682323936,2021-07,0.0019061377730685458
3204108603682323936,2021-07,0.001786169128809379
3204108603682323936,2021-07,0.0019061377730685458
4202876623878743806,2021-07,0.010845232204349737
3822753345985951756,2021-07,0.004344684096058788
3822753345985951756,2021-07,0.005138886354121648
4853303856126909724,2021-07,0.8432002328284998
6242636379248496392,2021-07,0.006201423335908246
5799279645678609726,2021-07,0.056244273173096354
4850936440093751199,2021-07,0.005426397677870115
4850936440093751199,2021-07,0.004894721077767454
8552039412779393821,2021-07,0.010777198812992918
8552039412779393821,2021-07,0.010777198812992918
7436628409157313756,2021-07,0.01731678646642281
5855956854975734380,2021-07,0.01131846103348554
8123515208041701633,2021-07,0.016301406679208465
8123515208041701633,2021-07,0.016301406679208465
8123515208041701633,2021-07,0.017482261113278656
9156666134024889730,2021-07,0.0020233613357105934
9156666134024889730,2021-07,0.0021932360053189773
6754039979151386401,2021-07,0.0014373370200659959
4183921942053157552,2021-07,0.015496408234720744
6941381638534728190,2021-07,0.0015852320200427574
6941381638534728190,2021-07,0.0013609250464630216
6941381638534728190,2021-07,0.0014621399182465373
8332840690177201182,2021-07,0.49667466536860755
8332840690177201182,2021-07,0.49239605435422207
8332840690177201182,2021-07,0.49239605435422207
7870373680211625064,2021-07,0.019709706502751778
7870373680211625064,2021-07,0.021208264009472684
2371917341091102894,2021-07,0.010354780681421314
2371917341091102894,2021-07,0.018933368073488454
1945147145527703963,2021-07,0.001149074098354718
1945147145527703963,2021-07,0.0007633415920767635
7141263195360679278,2021-07,0.03951350104460309
7141263195360679278,2021-07,0.03951350104460309
7451017400765373278,2021-07,0.002260695404072359
7451017400765373278,2021-07,0.002260695404072359
5931905128207886847,2021-07,0.03824104727865427
4995679129936981612,2021-07,0.4415267543620056
1097345589386012260,2021-07,0.0017919392292356613
1097345589386012260,2021-07,0.0017009377609036196
2694466161223698243,2021-07,0.6536047506668905
69766362497027920,2021-07,0.035784233375774493
2735662700719640627,2021-07,0.023855083413480006
2308217045093677129,2021-07,0.005946114581319594
4820852183212661131,2021-07,0.5368461986825777
4820852183212661131,2021-07,0.02657555967325143
4820852183212661131,2021-07,0.015334031497155835
984915269987074754,2021-07,0.0012687751663064534
670573866376512619,2021-07,0.02512684696905687
670573866376512619,2021-07,0.028014938862963516
2012477868296377155,2021-07,0.003053900612567524
2012477868296377155,2021-07,0.004859044746559333
2012477868296377155,2021-07,0.0037657558705125114
2012477868296377155,2021-07,0.0037657558705125114
2012477868296377155,2021-07,0.0037657558705125114
7707459425750676368,2021-07,0.0300198937388704
7707459425750676368,2021-07,0.0300198937388704
7707459425750676368,2021-07,0.043487322709645816
2092588065958607289,2021-07,0.006630818276255847
2092588065958607289,2021-07,0.006630818276255847
2092588065958607289,2021-07,0.021553556692542733
2092588065958607289,2021-07,0.00582643981716369
2092588065958607289,2021-07,0.0032110310328647253
2092588065958607289,2021-07,0.0032110310328647253
2092588065958607289,2021-07,0.0032110310328647253
2092588065958607289,2021-07,0.006630818276255847
837142477962609471,2021-07,0.005780457624821853
837142477962609471,2021-07,0.005780457624821853
1329553496073467331,2021-07,0.004095496649671629
963687627963462983,2021-07,0.0011813111163829378
963687627963462983,2021-07,0.029553802481347643
963687627963462983,2021-07,0.0020634136097840623
8764962131207592182,2021-07,0.006695916988794585
1617695035450525647,2021-07,0.0005524168586696417
1617695035450525647,2021-07,0.0005489851989937954
1617695035450525647,2021-07,0.0005660643500323381
1617695035450525647,2021-07,0.0006883767494085336
1617695035450525647,2021-07,0.0005524168586696417
8596605705893456305,2021-07,0.31115181853667906
8596605705893456305,2021-07,0.31115181853667906
8596605705893456305,2021-07,0.30834714093961035
1088268935649917461,2021-07,0.007749010524659536
1088268935649917461,2021-07,0.007749010524659536
5460280878923715699,2021-07,0.0026539176349489766
6969348581033924947,2021-07,0.001192233340304782
6969348581033924947,2021-07,0.001106271421199547
6969348581033924947,2021-07,0.001106271421199547
6969348581033924947,2021-07,0.011284502978300415
6969348581033924947,2021-07,0.0012536052894982857
6969348581033924947,2021-07,0.0026841455080990006
5758033363847724111,2021-07,0.0005030189534654685
5758033363847724111,2021-07,0.0004469902810013257
3382609338395832683,2021-07,0.0315341450670113
3382609338395832683,2021-07,0.025405967195072654
3750579377644235511,2021-07,0.7601235068047068
2408009918678280470,2021-07,0.007035234038769503
2408009918678280470,2021-07,0.006814701670089852
2408009918678280470,2021-07,0.006814701670089852
2408009918678280470,2021-07,0.006622588986079432
2408009918678280470,2021-07,0.006814701670089852
3543162424793477785,2021-07,0.08357588587128012
3543162424793477785,2021-07,0.014316160801890913
7710364735942975505,2021-07,0.04299594323706205
7710364735942975505,2021-07,0.00404879400928456
683445437387317282,2021-07,0.001823510332869991
683445437387317282,2021-07,0.003604543399407624
683445437387317282,2021-07,0.003604543399407624
683445437387317282,2021-07,0.003604543399407624
683445437387317282,2021-07,0.002310333410137762
683445437387317282,2021-07,0.001823510332869991
3228830386980584958,2021-07,0.00514354905164511
5078307295214858596,2021-07,0.08946493080810392
5078307295214858596,2021-07,0.0770839677145717
5078307295214858596,2021-07,0.0770839677145717
4641659186059167709,2021-07,0.01226031264567447
5611787644735474299,2021-07,0.0021988572925040425
5611787644735474299,2021-07,0.0021988572925040425
5611787644735474299,2021-07,0.003384356182434716
5611787644735474299,2021-07,0.002296871413844653
5611787644735474299,2021-07,0.002296871413844653
5611787644735474299,2021-07,0.0035154684900560373
1717812527056208209,2021-07,0.35161318163633914
295375823203017296,2021-07,0.0016935884530410788
295375823203017296,2021-07,0.0017965483844163213
295375823203017296,2021-07,0.0016802880303453589
295375823203017296,2021-07,0.0017450590506098798
5854364934896993687,2021-07,0.00961955174215895
5854364934896993687,2021-07,0.007676392419593316
7231408738455755015,2021-07,0.6832408257300947
7231408738455755015,2021-07,0.7654559399615541
7231408738455755015,2021-07,0.6942161168137648
7231408738455755015,2021-07,0.6942161168137648
2493688222671282470,2021-07,0.0035573938069847605
2493688222671282470,2021-07,0.00276360190385345
2493688222671282470,2021-07,0.0035573938069847605
3161361581909316305,2021-07,0.0042421873569240065
1536087798470875922,2021-07,0.1442215657992916
1536087798470875922,2021-07,0.12611233184034312
1536087798470875922,2021-07,0.1442215657992916
1536087798470875922,2021-07,0.1442215657992916
3915426102465954493,2021-07,0.0014768961006175487
3281818438120834833,2021-07,0.0018391472772046056
3281818438120834833,2021-07,0.0015536353744303034
1958660709350677213,2021-07,0.13176184731611537
1958660709350677213,2021-07,0.12239010106713581
1696462947583294958,2021-07,0.004020795760130432
1696462947583294958,2021-07,0.004020795760130432
4675067298171588603,2021-07,0.05810522053883531
4675067298171588603,2021-07,0.09932014259036422
4675067298171588603,2021-07,0.03627441849278636
4675067298171588603,2021-07,0.07467027475542125
8083157716178259762,2021-07,0.004666210384824233
2209806355660046187,2021-07,0.0030916482189320598
8609211777002937758,2021-07,0.003026566098422874
7818340804682162328,2021-07,0.012505881568678863
7818340804682162328,2021-07,0.027859999794076887
9089528044547831569,2021-07,0.548796724646579
9089528044547831569,2021-07,0.004188978166399802
5795100045494475994,2021-07,0.024391545455691305
5795100045494475994,2021-07,0.030615207001469625
3931892303497206092,2021-07,0.008542530836053348
3931892303497206092,2021-07,0.008542530836053348
3931892303497206092,2021-07,0.008542530836053348
2900002014851776114,2021-07,0.36349011021740374
835441927760881602,2021-07,0.1868053933138797
835441927760881602,2021-07,0.1868053933138797
835441927760881602,2021-07,0.1868053933138797
835441927760881602,2021-07,0.1868053933138797
8512214463586144353,2021-07,0.009616712453761651
8512214463586144353,2021-07,0.009186616519312745
8512214463586144353,2021-07,0.1358306744164536
8512214463586144353,2021-07,0.009186616519312745
8512214463586144353,2021-07,0.003795613444628511
8512214463586144353,2021-07,0.010567059175832533
1253437108265925705,2021-07,0.0011690526846002834
1253437108265925705,2021-07,0.0011690526846002834
1253437108265925705,2021-07,0.0010000232130871337
5503391736465275980,2021-07,0.0068744255991487185
2006188298374001315,2021-07,0.0040160427360131
2006188298374001315,2021-07,0.009516456571133848
2006188298374001315,2021-07,0.00345755964863307
3192341047315717823,2021-07,0.07534037245337222
5166128847048245697,2021-07,0.002564383699060941
5166128847048245697,2021-07,0.002737466882027047
8889055492416898333,2021-07,0.03462445041049163
8889055492416898333,2021-07,0.0901992472300211
8889055492416898333,2021-07,0.016718137400984136
1368430815953333691,2021-07,0.10737966024518696
3248432590399829766,2021-07,0.00212330466916047
3248432590399829766,2021-07,0.0022234549224099025
7041489327620930099,2021-07,0.018785575877262924
7041489327620930099,2021-07,0.009406054208488269
1117184216453911295,2021-07,0.007407894398698597
1117184216453911295,2021-07,0.007407894398698597
1117184216453911295,2021-07,0.007407894398698597
2771214050521171719,2021-07,0.0013827161320060686
2771214050521171719,2021-07,0.0011763712063630654
8503092146854371576,2021-07,0.022478942851122653
8503092146854371576,2021-07,0.0008054557720742165
7692335720341018458,2021-07,0.0034967899986617394
7692335720341018458,2021-07,0.003914533291965818
93982185886107798,2021-07,0.01122889951697975
93982185886107798,2021-07,0.01122889951697975
93982185886107798,2021-07,0.01122889951697975
7471183491728700531,2021-07,0.141755857594471
5274777191770957761,2021-07,0.13482264006059735
5274777191770957761,2021-07,0.13482264006059735
8609938720215175911,2021-07,0.007948816894273262
8609938720215175911,2021-07,0.008301003341390717
2726314736140152277,2021-07,0.7637391286342408
2726314736140152277,2021-07,0.6759845199568542
175003104385133396,2021-07,0.04452014395881955
175003104385133396,2021-07,0.014069782603714344
1637960623843047520,2021-07,0.1159867532220867
1637960623843047520,2021-07,0.05462335295208393
1637960623843047520,2021-07,0.7798502129470203
1637960623843047520,2021-07,0.06850242206399895
4043546053926060305,2021-07,0.4473353150703207
4043546053926060305,2021-07,0.44172421172435367
4043546053926060305,2021-07,0.44172421172435367
4043546053926060305,2021-07,0.44172421172435367
4043546053926060305,2021-07,0.44172421172435367
1778014915038250584,2021-07,0.12887055382530166
7347715771145302549,2021-07,0.002506515656565949
7347715771145302549,2021-07,0.001965577877203701
7347715771145302549,2021-07,0.0032838593553514944
7347715771145302549,2021-07,0.002530410818458377
7347715771145302549,2021-07,0.00193107527240453
1891145854263312840,2021-07,0.04553734012689037
1002362614649347438,2021-07,0.0027888768387276017
4166581859919473627,2021-07,0.01884276152458783
4166581859919473627,2021-07,0.020734706813161415
1210783884008131648,2021-07,0.005268460455175311
1210783884008131648,2021-07,0.011070466347322913
1210783884008131648,2021-07,0.011070466347322913
7787306805605072964,2021-07,0.4751904786488059
6724017568171288443,2021-07,0.0030407437247749435
6724017568171288443,2021-07,0.0030407437247749435
4714214581184951490,2021-07,0.00895559776423011
1553628056929342565,2021-07,0.01062599948039601
7395696797140470088,2021-07,0.0016116177613433084
7395696797140470088,2021-07,0.0014702408175303638
7395696797140470088,2021-07,0.0014702408175303638
8919892162361650175,2021-07,0.06119135848488886
8313765100460016738,2021-07,0.2664513893535325
8313765100460016738,2021-07,0.2740729959234352
39547025441582855,2021-07,0.3520774038069175
662944582644865942,2021-07,0.03315780640967443
8784237149961904,2021-07,0.0027461454388687566
8784237149961904,2021-07,0.0027461454388687566
1977574645216036803,2021-07,0.8837769984569039
3713742318997880410,2021-07,0.0034756586514063832
3713742318997880410,2021-07,0.006886379845100961
2808145376905474927,2021-07,0.38664150753557375
2808145376905474927,2021-07,0.016523878553090246
4566920105008626302,2021-07,0.0018310826386971771
4566920105008626302,2021-07,0.0018310826386971771
4566920105008626302,2021-07,0.0017188773328793451
1106971614386004604,2021-07,0.007713222990853848
2772135008486239291,2021-07,0.006986636065186677
2772135008486239291,2021-07,0.008951059650730396
8505870778358741102,2021-07,0.009235010309877122
8505870778358741102,2021-07,0.009235010309877122
8505870778358741102,2021-07,0.009235010309877122
8505870778358741102,2021-07,0.009235010309877122
8505870778358741102,2021-07,0.009235010309877122
2530707686830644666,2021-07,0.006552953489627021
2530707686830644666,2021-07,0.0059843201987352665
2530707686830644666,2021-07,0.006305225570429065
7628167057144760589,2021-07,0.001958010821676879
7628167057144760589,2021-07,0.0020690756480118526
6865071386683133124,2021-07,0.005151842407104256
7403979270048469991,2021-07,0.0685558613007393
7403979270048469991,2021-07,0.0037640031504887978
4995217181024687397,2021-07,0.0057505066049212995
4995217181024687397,2021-07,0.005840707081325641
2302464746243069589,2021-07,0.0035725831352297847
2302464746243069589,2021-07,0.03188643084775131
3338087778895249031,2021-07,0.1326290977354588
5503073374822479037,2021-07,0.005866035419262477
8400764778654490278,2021-07,0.02538894922563313
5200455618694210402,2021-07,0.004403178086880508
3536704882799524586,2021-07,0.009530861094715954
3536704882799524586,2021-07,0.009530861094715954
2535803443850893368,2021-07,0.09631407910244325
5606267905834401873,2021-07,0.007456381934943542
5606267905834401873,2021-07,0.00671426235254076
5606267905834401873,2021-07,0.1323378543299658
5606267905834401873,2021-07,0.00770147171308473
121658372387044248,2021-07,0.007133373590023896
121658372387044248,2021-07,0.007133373590023896
511305041047444825,2021-07,0.0130089524346691
8480109508191086169,2021-07,0.0022846412050496045
2951563549197799278,2021-07,0.002402223056657197
2951563549197799278,2021-07,0.002402223056657197
2951563549197799278,2021-07,0.0035977735962290486
8343941262792249232,2021-07,0.015338571521847996
8343941262792249232,2021-07,0.014897740295718786
8343941262792249232,2021-07,0.014897740295718786
3480297543931395935,2021-07,0.18251188441405825
3480297543931395935,2021-07,0.14303493970155945
3480297543931395935,2021-07,0.12212344159539315
3480297543931395935,2021-07,0.12212344159539315
3480297543931395935,2021-07,0.1338358809914711
7920896580423665241,2021-07,0.00214197338575151
2322847438374159400,2021-07,0.0019306451257111578
2322847438374159400,2021-07,0.0017962366155482373
8090492548102964782,2021-07,0.05920063590956956
8090492548102964782,2021-07,0.05920063590956956
113538242419211987,2021-07,0.004165449174962519
9099218788416728596,2021-07,0.784808021745314
6546850858912852316,2021-07,0.30228226839805633
6546850858912852316,2021-07,0.28865163178826836
2382123267535341265,2021-07,0.02677149915427323
2382123267535341265,2021-07,0.02677149915427323
2382123267535341265,2021-07,0.07550298666399818
2382123267535341265,2021-07,0.007675814876097119
2382123267535341265,2021-07,0.008282050994739677
2382123267535341265,2021-07,0.02677149915427323
1951407691087813358,2021-07,0.0011907762120831331
1951407691087813358,2021-07,0.0013127706107465718
1951407691087813358,2021-07,0.0012439111115121796
8162017568751362437,2021-07,0.061571022560061694
8162017568751362437,2021-07,0.061571022560061694
8162017568751362437,2021-07,0.061571022560061694
2658946240987854807,2021-07,0.0017125002251917004
2658946240987854807,2021-07,0.0019478430596570272
2658946240987854807,2021-07,0.0019478430596570272
1698828605814171242,2021-07,0.0023630473927340853
1698828605814171242,2021-07,0.0023630473927340853
3027683745465216663,2021-07,0.012080805160640081
3027683745465216663,2021-07,0.06459956883325987
3027683745465216663,2021-07,0.012080805160640081
6448580780254847411,2021-07,0.0016117583909323753
6448580780254847411,2021-07,0.002094981715593387
5122095358293179297,2021-07,0.0035652300496856475
5122095358293179297,2021-07,0.04180531861729802
5136739522477907100,2021-07,0.0017580438317236669
5136739522477907100,2021-07,0.007518269866311305
3258345688897172820,2021-07,0.03400516410931981
3258345688897172820,2021-07,0.10822829446933178
5263285038415073073,2021-07,0.2253984053839985
5371387005775513675,2021-07,0.028724489669275842
5371387005775513675,2021-07,0.7010832973601409
5371387005775513675,2021-07,0.7525698133963602
4858887739802767402,2021-07,0.0025072211925150395
3812760626052898456,2021-07,0.0011782620535644866
3538481420098344176,2021-07,0.3626967636844117
3731278848600349375,2021-07,0.006296819928072896
2119292203323657032,2021-07,0.0014970675231892286
2119292203323657032,2021-07,0.002328030996615513
3382624494518753363,2021-07,0.2823653099260156
3382624494518753363,2021-07,0.6162657271919928
3382624494518753363,2021-07,0.2823653099260156
3382624494518753363,2021-07,0.2823653099260156
1788369195969129749,2021-07,0.005377336137360215
6276792736652545216,2021-07,0.005483566889771149
1272921915900711149,2021-07,0.014195716392921205
7779268298304613772,2021-07,0.005619363184221406
4414438591613884911,2021-07,0.0062159168432852985
4414438591613884911,2021-07,0.0062159168432852985
4414438591613884911,2021-07,0.0062159168432852985
7120090169052575663,2021-07,0.0027788800251430136
7120090169052575663,2021-07,0.0027788800251430136
7176848230239877915,2021-07,0.0017786717977618096
7176848230239877915,2021-07,0.0017786717977618096
7176848230239877915,2021-07,0.06834407560964852
191536915328669008,2021-07,0.31678868954731354
1864367736036633256,2021-07,0.010861620439327964
1864367736036633256,2021-07,0.010861620439327964
5409960473983330744,2021-07,0.02052128407743991
4919908458022265747,2021-07,0.005499994995137222
4919908458022265747,2021-07,0.004573749175996972
4018182555897034052,2021-07,0.001538550715915915
4018182555897034052,2021-07,0.001353581630476409
6909701795322574613,2021-07,0.03649416489934202
6145308913889808258,2021-07,0.8298514239793838
6145308913889808258,2021-07,0.030399300755669458
8548612698724688238,2021-07,0.020087371021129157
8828303152301461681,2021-07,0.059864145738516415
8828303152301461681,2021-07,0.07698532878599228
8828303152301461681,2021-07,0.08603552465442647
7182085930008391174,2021-07,0.009108316127525334
7182085930008391174,2021-07,0.005738930828066093
622073912578471754,2021-07,0.160125293561148
8662923640484889291,2021-07,0.0035768425614469707
2778852475840838977,2021-07,0.032465953542042424
6643358471662528195,2021-07,0.000764611230130373
6643358471662528195,2021-07,0.0011653085520104208
2201150681962815877,2021-07,0.005128315480679284
2201150681962815877,2021-07,0.006170845214082056
5893903674205161232,2021-07,0.0020686388568010115
5893903674205161232,2021-07,0.0021328941539579833
5893903674205161232,2021-07,0.0020686388568010115
1357573192598249600,2021-07,0.005950776058109306
1357573192598249600,2021-07,0.007458722786026027
4588313530969303734,2021-07,0.05054139167905271
4588313530969303734,2021-07,0.04325467008399372
4588313530969303734,2021-07,0.04325467008399372
4588313530969303734,2021-07,0.04325467008399372
7171835894416689226,2021-07,0.01441812886829322
4527499691197377217,2021-07,0.006937920945100803
3668905663669864663,2021-07,0.003370195340579421
3668905663669864663,2021-07,0.002580165865707251
1674864668198542837,2021-07,0.07020699567565024
1674864668198542837,2021-07,0.07020699567565024
1477629972594346481,2021-07,0.017928920131369833
1477629972594346481,2021-07,0.30086114764330124
1477629972594346481,2021-07,0.017928920131369833
5958664040344043635,2021-07,0.004664672161150192
5082813456193598086,2021-07,0.07053399081215495
5082813456193598086,2021-07,0.0037450080093843338
5048392903148444335,2021-07,0.01385710438368694
1579681122696922043,2021-07,0.01359244268180735
3415156360538677905,2021-07,0.007565214931463299
3415156360538677905,2021-07,0.007565214931463299
271068078606473697,2021-07,0.001854181421656761
5440313607363845188,2021-07,0.1476451278969774
5440313607363845188,2021-07,0.0029884141233256383
1613152204777372951,2021-07,0.011348645258170975
4210463673385510745,2021-07,0.9389307058073558
4210463673385510745,2021-07,0.03537836533970752
1683619849073499603,2021-07,0.006266438264951881
1683619849073499603,2021-07,0.006266438264951881
5358243820364010940,2021-07,0.042868508832513176
5358243820364010940,2021-07,0.0023963883217389542
7949169060790541229,2021-07,0.004597103087191671
5791518044186095039,2021-07,0.047060029540277125
5791518044186095039,2021-07,0.003250921073482352
8724731934863284019,2021-07,0.012129847299032865
8724731934863284019,2021-07,0.012129847299032865
8724731934863284019,2021-07,0.015414768295400248
8724731934863284019,2021-07,0.011069648325110905
1741049493106216406,2021-07,0.15094817932447915
6337915293429442229,2021-07,0.009889239786345844
4635578010631860111,2021-07,0.05332686982245347
6122719618012473549,2021-07,0.003973137779969513
3118683330911759410,2021-07,0.08761027793594181
3118683330911759410,2021-07,0.08761027793594181
7719481195372677540,2021-07,0.0038820961538916197
7719481195372677540,2021-07,0.004026627554400893
8374461419511631785,2021-07,0.0069757750576327025
8374461419511631785,2021-07,0.0069078534314628
1678680306005074426,2021-07,0.014435575713377197
1678680306005074426,2021-07,0.015522449860252446
1678680306005074426,2021-07,0.015450988544464465
8487807876567995441,2021-07,0.21067758597159905
8487807876567995441,2021-07,0.010134956582951073
8487807876567995441,2021-07,0.009681909385996328
1467843186411742274,2021-07,0.5538318223633002
3698481516392183789,2021-07,0.002968323318954493
5198904647759787695,2021-07,0.012621076335463645
3275327267689584006,2021-07,0.325560268646706
3386019519917828299,2021-07,0.007515719107872482
8196449005061156808,2021-07,0.0038880457252393977
3283662016127058429,2021-07,0.006997649494812871
3555655653190753786,2021-07,0.08752189989664734
7665801401860589626,2021-07,0.0027747106874661323
6020593949794792044,2021-07,0.009155500832689874
6020593949794792044,2021-07,0.013834481686813227
6824842959463625344,2021-07,0.14391987402143322
234898976850399181,2021-07,0.013420166013414381
4817816966382229074,2021-07,0.005613817293774563
4817816966382229074,2021-07,0.005613817293774563
4817816966382229074,2021-07,0.005613817293774563
4817816966382229074,2021-07,0.005461875250443313
4817816966382229074,2021-07,0.005613817293774563
3511416927745338332,2021-07,0.0026557051956579117
3511416927745338332,2021-07,0.0032378079769744793
3511416927745338332,2021-07,0.0031020680712700393
3511416927745338332,2021-07,0.0025818689883037437
3511416927745338332,2021-07,0.0025974842829336216
3511416927745338332,2021-07,0.0025974842829336216
3511416927745338332,2021-07,0.0025974842829336216
2335982750277990437,2021-07,0.04607243202319388
4090195792518021727,2021-07,0.004934835354127683
3690886209682028027,2021-07,0.013439628574560885
3690886209682028027,2021-07,0.013439628574560885
3690886209682028027,2021-07,0.013439628574560885
9101617110967101591,2021-07,0.017035200167677716
6681781879793693802,2021-07,0.0018881038702184497
4284129442855564250,2021-07,0.011185306059624638
9052787288251876909,2021-07,0.003435875538233604
2444743522510084109,2021-07,0.01228142973740414
940214356651040716,2021-07,0.09524539969396133
3045840317107313913,2021-07,0.01474195881229469
7142043104834932013,2021-07,0.03641917685700164
4785355632922927313,2021-07,0.1307849660887792
4785355632922927313,2021-07,0.1307849660887792
4956614249204803652,2021-07,0.013730278401182646
4956614249204803652,2021-07,0.17023217071979582
4956614249204803652,2021-07,0.013611063882552793
15070048310374146,2021-07,0.06231342414977921
7200509200540839533,2021-07,0.003930155021701313
7200509200540839533,2021-07,0.004539969402862487
4614484019183480654,2021-07,0.003006402811311635
7999843484680834128,2021-07,0.054345796587210046
2377020220794016532,2021-07,0.004011138615071242
1273229638516517354,2021-07,0.014628947633219218
5522764880180045081,2021-07,0.009889803248664506
180672270337706285,2021-07,0.6403670061411175
180672270337706285,2021-07,0.6180127056423873
180672270337706285,2021-07,0.6180127056423873
2088532321693492263,2021-07,0.030555672451939977
326257359176916767,2021-07,0.0009903331602125517
5901769182336230217,2021-07,0.0034605289844851965
5517114603826429870,2021-07,0.006772884215336557
5517114603826429870,2021-07,0.006491320186601657
5517114603826429870,2021-07,0.006772884215336557
5517114603826429870,2021-07,0.005972492923597435
1069093308328204542,2021-07,0.00427925670115391
1234611356650812259,2021-07,0.07465468376808568
2191990606593345695,2021-07,0.01605604186932562
2191990606593345695,2021-07,0.03376016550854298
5607900901204647807,2021-07,0.05277360451957845
7770458886439606839,2021-07,0.08628747459394048
7968118679747232249,2021-07,0.15389472748553273
6810366761249506182,2021-07,0.007697960891489192
4121608857053177761,2021-07,0.8284951576751877
1059336566956767188,2021-07,0.005974060007699418
792560389712312178,2021-07,0.0027388269614033725
792560389712312178,2021-07,0.0028199506547298392
8736788139020105764,2021-07,0.9468634174300561
287529573188507001,2021-07,0.0013754666336781888
7330131219998265639,2021-07,0.0016424535537882846
4831988987853936627,2021-07,0.004343084112908768
3279417303675586812,2021-07,0.004349350495939277
7692330898726665144,2021-07,0.0027208125821817208
7692330898726665144,2021-07,0.0046931003727403164
7828430488099134389,2021-07,0.03177273087589876
5429414161455643517,2021-07,0.09224466597275997
3516294920850464913,2021-07,0.04620410579316173
6617479989097680138,2021-07,0.051885423127436325
7031913170099381454,2021-07,0.15888147242152378
7067471043900250355,2021-07,0.013960019647893078
2380458252615213706,2021-07,0.022846690431702822
3536431875244944563,2021-07,0.011543917732158475
4862285428951244424,2021-07,0.0007175604724701128
3384356870037163810,2021-07,0.008535785404091951
2179772649873197365,2021-07,0.10380054014042522
6594970822995540982,2021-07,0.07606677106653317
1874387298050692165,2021-07,0.002591795406710867
2677901391425651891,2021-07,0.015986994073208048
7246466789138290692,2021-07,0.0054894679541341845
5993765508162121762,2021-07,0.052267529212670256
1272921915900711149,2021-07,0.005569091478966947
1272921915900711149,2021-08,0.00616062345470775
2951563549197799278,2021-07,0.003446852443207705
2951563549197799278,2021-07,0.002402223056657197
2951563549197799278,2021-07,0.0029670219988902438
2951563549197799278,2021-08,0.045043376072183706
5166128847048245697,2021-07,0.002564383699060941
5166128847048245697,2021-08,0.002454982147126733
4537982850248578883,2021-07,0.004504628516183467
4537982850248578883,2021-07,0.00419661534246911
4537982850248578883,2021-07,0.004312810289057369
4537982850248578883,2021-08,0.00419661534246911
4537982850248578883,2021-08,0.004453018813893251
4537982850248578883,2021-08,0.00419661534246911
5274777191770957761,2021-07,0.19008403507762456
5274777191770957761,2021-08,0.13818834049378179
2988042199057874759,2021-07,0.014437570966421209
2988042199057874759,2021-07,0.008634987596372183
2988042199057874759,2021-07,0.010149250506856233
2988042199057874759,2021-07,0.010550694294682568
2988042199057874759,2021-08,0.010265120632165834
2988042199057874759,2021-08,0.3284457938269267
2988042199057874759,2021-08,0.009294131468875814
4593070249039532001,2021-07,0.001934085172904445
4593070249039532001,2021-07,0.0013837157975456935
4593070249039532001,2021-07,0.20825287159651362
4593070249039532001,2021-08,0.0014265688318583194
924957821424248698,2021-07,0.0015207019268126034
924957821424248698,2021-07,0.001420378912931862
924957821424248698,2021-07,0.0015207019268126034
924957821424248698,2021-07,0.0015446582128172625
924957821424248698,2021-08,0.0015355965066902453
924957821424248698,2021-08,0.0015368030845677822
924957821424248698,2021-08,0.0013089519962652411
924957821424248698,2021-08,0.0014432488313818167
968199235777440720,2021-07,0.0026658982389986146
968199235777440720,2021-07,0.0026333951265055727
968199235777440720,2021-07,0.0022935090995825323
968199235777440720,2021-07,0.0034429269960143814
968199235777440720,2021-07,0.0026333951265055727
968199235777440720,2021-08,0.0024248165511033407
968199235777440720,2021-08,0.0024248165511033407
968199235777440720,2021-08,0.002395245690869341
968199235777440720,2021-08,0.06944586120028448
968199235777440720,2021-08,0.002784107353386021
968199235777440720,2021-08,0.002395245690869341
968199235777440720,2021-08,0.002847226704173648
6330043096034525408,2021-07,0.10553231176818224
6330043096034525408,2021-07,0.09748672787934097
6330043096034525408,2021-08,0.5731913383831719
6330043096034525408,2021-08,0.8376149701483604
1637960623843047520,2021-07,0.0690978371179098
1637960623843047520,2021-07,0.9362112572122863
1637960623843047520,2021-07,0.1348982909699972
1637960623843047520,2021-07,0.12665592014712132
1637960623843047520,2021-07,0.0690978371179098
1637960623843047520,2021-07,0.0690978371179098
1637960623843047520,2021-08,0.06887353596406708
1637960623843047520,2021-08,0.054923710013344645
1637960623843047520,2021-08,0.06887353596406708
1637960623843047520,2021-08,0.06887353596406708
1637960623843047520,2021-08,0.9565988272442045
1477629972594346481,2021-07,0.012504964573111699
1477629972594346481,2021-08,0.021126709420143983
1477629972594346481,2021-08,0.4684349440700704
1477629972594346481,2021-08,0.01580020040264372
8733525963966339207,2021-07,0.26716433337376916
8733525963966339207,2021-07,0.7346549823326374
8733525963966339207,2021-07,0.26253756092067954
8733525963966339207,2021-07,0.26253756092067954
8733525963966339207,2021-07,0.2619292727414391
8733525963966339207,2021-07,0.2571754614985918
8733525963966339207,2021-07,0.23990675213117968
8733525963966339207,2021-08,0.31620394262767987
8733525963966339207,2021-08,0.2961493840995289
8733525963966339207,2021-08,0.7574066789259051
8733525963966339207,2021-08,0.23892972125399445
2554972344348383830,2021-07,0.0016777454398876283
2771214050521171719,2021-07,0.0013016297080118927
2771214050521171719,2021-07,0.0014137393534163333
2771214050521171719,2021-07,0.0013016297080118927
2771214050521171719,2021-07,0.0013016297080118927
2771214050521171719,2021-07,0.0013827161320060686
2771214050521171719,2021-08,0.00099078975648333
2771214050521171719,2021-08,0.0009326655489984818
2658946240987854807,2021-07,0.0022843100938656105
2658946240987854807,2021-07,0.0022843100938656105
2658946240987854807,2021-07,0.0022843100938656105
2658946240987854807,2021-07,0.0022843100938656105
2658946240987854807,2021-08,0.0021715246192956423
6547707428090179960,2021-07,0.005176993525583661
6547707428090179960,2021-07,0.0059892765138657
6547707428090179960,2021-07,0.006428013840521507
6547707428090179960,2021-08,0.007186110171040023
8662923640484889291,2021-07,0.0035768425614469707
8662923640484889291,2021-07,0.0035768425614469707
6582676833651678345,2021-07,0.0007048621207206472
6582676833651678345,2021-07,0.0006846392120004088
6582676833651678345,2021-08,0.0006420621526393559
6582676833651678345,2021-08,0.000594523407978596
6582676833651678345,2021-08,0.0006420621526393559
6582676833651678345,2021-08,0.0006420621526393559
6582676833651678345,2021-08,0.0005774643524506128
6582676833651678345,2021-08,0.0006420621526393559
2532435113844289043,2021-07,0.0019368994866858192
2532435113844289043,2021-07,0.002811539899302104
2532435113844289043,2021-07,0.0019368994866858192
2532435113844289043,2021-07,0.002811539899302104
2532435113844289043,2021-07,0.0019368994866858192
2532435113844289043,2021-08,0.0027321170833407476
2532435113844289043,2021-08,0.0018821376369708217
2532435113844289043,2021-08,0.002810938502854129
2532435113844289043,2021-08,0.0018821376369708217
8889055492416898333,2021-07,0.018435220298596563
8889055492416898333,2021-08,0.03476990935387486
8889055492416898333,2021-08,0.04609727310668459
8889055492416898333,2021-08,0.025299054154811026
8889055492416898333,2021-08,0.05146295732129155
1678680306005074426,2021-07,0.014563684094758599
6916556752218696485,2021-07,0.004965984336313854
6916556752218696485,2021-07,0.0050045606998306855
6916556752218696485,2021-07,0.004654332883349618
6916556752218696485,2021-07,0.004654332883349618
6916556752218696485,2021-07,0.004965984336313854
6916556752218696485,2021-07,0.004965984336313854
6916556752218696485,2021-07,0.004965984336313854
6916556752218696485,2021-07,0.0050045606998306855
6916556752218696485,2021-07,0.0050045606998306855
6916556752218696485,2021-07,0.006919752287200539
6916556752218696485,2021-07,0.004965984336313854
6916556752218696485,2021-07,0.004965984336313854
6916556752218696485,2021-08,0.0037745754308531336
6916556752218696485,2021-08,0.0037745754308531336
6916556752218696485,2021-08,0.0037745754308531336
6916556752218696485,2021-08,0.0037745754308531336
6916556752218696485,2021-08,0.0037745754308531336
6916556752218696485,2021-08,0.0037745754308531336
6916556752218696485,2021-08,0.0037745754308531336
6916556752218696485,2021-08,0.003564946618504732
6916556752218696485,2021-08,0.003803932167841
6367769402148499693,2021-07,0.00976401941043748
6367769402148499693,2021-07,0.00976401941043748
6367769402148499693,2021-08,0.007524543100348989
1192891347324061812,2021-07,0.0021454994128414016
1192891347324061812,2021-07,0.002189488648869665
1192891347324061812,2021-07,0.0021454994128414016
1192891347324061812,2021-08,0.0024614210350764765
1192891347324061812,2021-08,0.002685680935975539
524026009392362402,2021-07,0.007963118433403837
524026009392362402,2021-07,0.007963118433403837
8609938720215175911,2021-07,0.00804061505129694
8609938720215175911,2021-07,0.00804061505129694
8609938720215175911,2021-07,0.007699390320311351
8609938720215175911,2021-08,0.008594933482773041
8609938720215175911,2021-08,0.008455648431366721
8609938720215175911,2021-08,0.008455648431366721
5122095358293179297,2021-07,0.003251970654354055
5122095358293179297,2021-08,0.004138619034532909
5122095358293179297,2021-08,0.0030347141738776996
499242942549937267,2021-07,0.01766076220947631
499242942549937267,2021-07,0.01766076220947631
499242942549937267,2021-07,0.011612355809136197
499242942549937267,2021-07,0.010244531464849554
499242942549937267,2021-07,0.010244531464849554
499242942549937267,2021-07,0.010648308477575882
499242942549937267,2021-07,0.010648308477575882
499242942549937267,2021-07,0.0254363952189418
499242942549937267,2021-08,0.0254363952189418
499242942549937267,2021-08,0.03765962700816105
499242942549937267,2021-08,0.0254363952189418
499242942549937267,2021-08,0.035795630917316544
4900073965147412482,2021-07,0.0012431530156080174
1617695035450525647,2021-07,0.0024536334927664897
1617695035450525647,2021-07,0.000518660832705821
1617695035450525647,2021-07,0.000518660832705821
1617695035450525647,2021-07,0.000518660832705821
1617695035450525647,2021-07,0.000518660832705821
1617695035450525647,2021-07,0.000518660832705821
1617695035450525647,2021-07,0.0005231629573114183
1617695035450525647,2021-07,0.0005154387601384921
1617695035450525647,2021-07,0.0005199129307799341
1617695035450525647,2021-07,0.0024384201314481407
1617695035450525647,2021-08,0.0005761889140179453
1617695035450525647,2021-08,0.0005838472256047122
1617695035450525647,2021-08,0.00046561232161493614
1617695035450525647,2021-08,0.0004725901890856619
1617695035450525647,2021-08,0.0004856483578614981
1617695035450525647,2021-08,0.0005838472256047122
1617695035450525647,2021-08,0.00046561232161493614
1617695035450525647,2021-08,0.00048009895474727347
1617695035450525647,2021-08,0.0005761889140179453
1617695035450525647,2021-08,0.0005838472256047122
340285351737204923,2021-07,0.01932475489314285
340285351737204923,2021-07,0.01932475489314285
340285351737204923,2021-07,0.01932475489314285
340285351737204923,2021-07,0.020151684261871534
340285351737204923,2021-08,0.01932475489314285
340285351737204923,2021-08,0.01932475489314285
6271697692808086495,2021-07,0.005950996577521843
6271697692808086495,2021-07,0.0060882845181202275
6271697692808086495,2021-07,0.0060882845181202275
6271697692808086495,2021-07,0.005950996577521843
6271697692808086495,2021-07,0.0060882845181202275
6271697692808086495,2021-08,0.005528507871189007
6271697692808086495,2021-08,0.005528507871189007
6271697692808086495,2021-08,0.005528507871189007
6271697692808086495,2021-08,0.005528507871189007
49632905576538927,2021-07,0.0013149977050291744
1117184216453911295,2021-07,0.007407894398698597
1117184216453911295,2021-07,0.018573861112976008
1117184216453911295,2021-08,0.2636111888468063
1117184216453911295,2021-08,0.20152206392204958
4104959289203999917,2021-07,0.0034669995843148943
4104959289203999917,2021-07,0.0038150594209203294
2943087245123311166,2021-07,0.015049242766276966
2943087245123311166,2021-07,0.01124134947055069
2943087245123311166,2021-08,0.046318818453873305
2943087245123311166,2021-08,0.046318818453873305
621182491555347581,2021-07,0.02978601102923942
621182491555347581,2021-07,0.03415515274043095
621182491555347581,2021-07,0.030641136402598527
621182491555347581,2021-07,0.026709078471307445
621182491555347581,2021-07,0.03415515274043095
621182491555347581,2021-08,0.01928967935471105
621182491555347581,2021-08,0.01792634172025413
621182491555347581,2021-08,0.02887862672433742
4995217181024687397,2021-07,0.005845276548775089
4995217181024687397,2021-07,0.005845276548775089
4995217181024687397,2021-07,0.005845276548775089
4995217181024687397,2021-08,0.004816615407258186
4995217181024687397,2021-08,0.00558503416072933
4995217181024687397,2021-08,0.005153474641784633
4995217181024687397,2021-08,0.005153474641784633
7458891296671174680,2021-07,0.15193787226633448
7231408738455755015,2021-07,0.7282262922150674
7231408738455755015,2021-07,0.6915592579761012
7231408738455755015,2021-07,0.7040310403907307
7231408738455755015,2021-08,0.7648679533465862
7231408738455755015,2021-08,0.6993337762737861
8536031856585966123,2021-07,0.026444859177139794
8536031856585966123,2021-08,0.023052536616362394
7535160686416710323,2021-07,0.0026149319428872
7535160686416710323,2021-07,0.0021065528023399946
7535160686416710323,2021-08,0.0038938309111909743
7908414709866823255,2021-07,0.006529945542890807
7908414709866823255,2021-07,0.006346570830502324
7908414709866823255,2021-07,0.0068191449912880725
7908414709866823255,2021-08,0.006346570830502324
7908414709866823255,2021-08,0.006308559709640831
7289435138601868544,2021-07,0.008208171256635213
7289435138601868544,2021-07,0.005543706189708111
7289435138601868544,2021-08,0.009903836052263163
7289435138601868544,2021-08,0.006640660738160523
6198047969028248384,2021-07,0.0018840046454137393
6198047969028248384,2021-08,0.002071788770881986
6198047969028248384,2021-08,0.5814075084814235
3283662016127058429,2021-07,0.004694818257087919
3283662016127058429,2021-08,0.004560259772695913
417157680860985231,2021-07,0.0010030956853139597
417157680860985231,2021-07,0.0009968671635428121
417157680860985231,2021-08,0.0009143351044352734
417157680860985231,2021-08,0.000581718677090237
417157680860985231,2021-08,0.0009143351044352734
5301988619224057921,2021-07,0.9276882543006585
5301988619224057921,2021-07,0.4410005521459605
5301988619224057921,2021-07,0.4410005521459605
5301988619224057921,2021-07,0.4304913113969538
5301988619224057921,2021-07,0.8934055924620324
5301988619224057921,2021-08,0.9352875489457088
8926565682509268383,2021-07,0.006973329212184375
8926565682509268383,2021-07,0.004871032876957652
8926565682509268383,2021-07,0.006973329212184375
8926565682509268383,2021-07,0.006534177857121559
8926565682509268383,2021-07,0.005198991942378801
8926565682509268383,2021-07,0.004871032876957652
8926565682509268383,2021-07,0.006534177857121559
8926565682509268383,2021-08,0.00530725076897098
8926565682509268383,2021-08,0.004972496733390648
8926565682509268383,2021-08,0.00530725076897098
8926565682509268383,2021-08,0.00530725076897098
7722287846688771887,2021-07,0.009475159117752454
7722287846688771887,2021-08,0.00812953573003391
5993765508162121762,2021-07,0.052267529212670256
5993765508162121762,2021-08,0.053475443607056666
5993765508162121762,2021-08,0.054425885402125916
2033394215069562776,2021-07,0.010274473955786505
2033394215069562776,2021-07,0.010274473955786505
2033394215069562776,2021-07,0.013006604082566951
2033394215069562776,2021-07,0.013188625873431977
6053752047545474051,2021-07,0.004114656354035174
6053752047545474051,2021-07,0.004114656354035174
6053752047545474051,2021-07,0.004114656354035174
6053752047545474051,2021-07,0.005080024003175343
6053752047545474051,2021-07,0.004840743921784873
6053752047545474051,2021-07,0.004114656354035174
6053752047545474051,2021-07,0.003920667983367337
6053752047545474051,2021-07,0.004114656354035174
6053752047545474051,2021-08,0.004500015037139817
6053752047545474051,2021-08,0.004895893390902702
6053752047545474051,2021-08,0.005494136239882881
6053752047545474051,2021-08,0.005648838271285673
6053752047545474051,2021-08,0.004895893390902702
6053752047545474051,2021-08,0.005314911710358485
2302464746243069589,2021-07,0.0041099579180561
2302464746243069589,2021-08,0.006274225950597785
2302464746243069589,2021-08,0.006274225950597785
5577659616907513811,2021-07,0.4793427317990181
5577659616907513811,2021-07,0.4926481873218132
5577659616907513811,2021-07,0.4793427317990181
5577659616907513811,2021-07,0.34072150118181077
5577659616907513811,2021-08,0.4818061328114018
5577659616907513811,2021-08,0.484577584728674
3970572142453508637,2021-07,0.09008644834618097
3970572142453508637,2021-07,0.09008644834618097
3970572142453508637,2021-08,0.08722311276044332
3970572142453508637,2021-08,0.06272257632713113
234898976850399181,2021-07,0.011321471669487538
234898976850399181,2021-07,0.013462879602281541
234898976850399181,2021-08,0.016243207725902962
511305041047444825,2021-07,0.011498133863840384
511305041047444825,2021-07,0.011498133863840384
2408009918678280470,2021-07,0.0063854757828290054
2408009918678280470,2021-07,0.0063854757828290054
2408009918678280470,2021-07,0.006814701670089852
2408009918678280470,2021-07,0.007035234038769503
2408009918678280470,2021-07,0.008408197005941469
2408009918678280470,2021-07,0.006814701670089852
2408009918678280470,2021-07,0.006622588986079432
2408009918678280470,2021-08,0.006814701670089852
2408009918678280470,2021-08,0.006814701670089852
2408009918678280470,2021-08,0.006814701670089852
2408009918678280470,2021-08,0.007035234038769503
2408009918678280470,2021-08,0.006814701670089852
2408009918678280470,2021-08,0.006814701670089852
2408009918678280470,2021-08,0.006622588986079432
1891145854263312840,2021-07,0.058882850835456524
1891145854263312840,2021-07,0.006484388758604067
1891145854263312840,2021-08,0.05216158086356536
1891145854263312840,2021-08,0.05216158086356536
4187591029730357479,2021-07,0.01103320813262984
1192810733461560329,2021-07,0.0005054637710810717
4347826483121154490,2021-07,0.002231145713194046
4347826483121154490,2021-07,0.002231145713194046
4347826483121154490,2021-07,0.0027085089311659322
4347826483121154490,2021-07,0.002231145713194046
4347826483121154490,2021-07,0.002055892045514274
4347826483121154490,2021-07,0.004652434804829757
4347826483121154490,2021-07,0.002495852782249925
4347826483121154490,2021-07,0.002055892045514274
4347826483121154490,2021-07,0.0022531535613445823
4347826483121154490,2021-07,0.020606801363610282
4347826483121154490,2021-08,0.00531035770797424
4347826483121154490,2021-08,0.0021542744700897404
4347826483121154490,2021-08,0.0044195171584456875
4347826483121154490,2021-08,0.0021542744700897404
4347826483121154490,2021-08,0.0021542744700897404
4347826483121154490,2021-08,0.0021542744700897404
4347826483121154490,2021-08,0.02384780484305612
4347826483121154490,2021-08,0.0021542744700897404
4347826483121154490,2021-08,0.0025395169396394235
5462970244186515758,2021-07,0.0010190683985442108
5462970244186515758,2021-07,0.0008872363435914703
5462970244186515758,2021-07,0.0009222194163212575
5462970244186515758,2021-07,0.0009824714676207468
5462970244186515758,2021-07,0.0009222194163212575
5462970244186515758,2021-07,0.000953430668189491
5462970244186515758,2021-07,0.0009222194163212575
5462970244186515758,2021-08,0.0010312145825245775
5462970244186515758,2021-08,0.0007962084422712508
5462970244186515758,2021-08,0.012875848500520065
5462970244186515758,2021-08,0.0009824714676207468
3698481516392183789,2021-07,0.002968323318954493
4365965554261111250,2021-07,0.12221781867910919
4365965554261111250,2021-07,0.12221781867910919
4365965554261111250,2021-07,0.12221781867910919
4365965554261111250,2021-07,0.12221781867910919
4365965554261111250,2021-07,0.1255445961048426
4365965554261111250,2021-07,0.03326446445818004
459290606780222306,2021-07,0.001449500678299048
459290606780222306,2021-07,0.0013486189091085634
459290606780222306,2021-07,0.0013025788186243788
459290606780222306,2021-07,0.0013025788186243788
459290606780222306,2021-07,0.0013025788186243788
459290606780222306,2021-07,0.0013025788186243788
459290606780222306,2021-08,0.001461299206583362
459290606780222306,2021-08,0.0013595974061874083
459290606780222306,2021-08,0.0013131830169673397
459290606780222306,2021-08,0.0013131830169673397
459290606780222306,2021-08,0.0013131830169673397
459290606780222306,2021-08,0.001461299206583362
459290606780222306,2021-08,0.0013131830169673397
459290606780222306,2021-08,0.0013131830169673397
459290606780222306,2021-08,0.0011829898234039513
459290606780222306,2021-08,0.00150351287834493
6061850657256270336,2021-07,0.01054335564233332
6061850657256270336,2021-07,0.01054335564233332
6061850657256270336,2021-07,0.005610162542769306
5714540197488862003,2021-07,0.19634105432286458
5714540197488862003,2021-08,0.6609139891104222
5714540197488862003,2021-08,0.19190493781499074
4679462479444735708,2021-07,0.012114543346369315
4679462479444735708,2021-07,0.012114543346369315
4679462479444735708,2021-07,0.009204522316145545
4679462479444735708,2021-07,0.008038256420960352
4679462479444735708,2021-07,0.012114543346369315
4679462479444735708,2021-07,0.008038256420960352
4679462479444735708,2021-08,0.062349343580397475
4679462479444735708,2021-08,0.010749740703820466
4679462479444735708,2021-08,0.010749740703820466
4679462479444735708,2021-08,0.013388107051250207
4679462479444735708,2021-08,0.018873908129701657
4679462479444735708,2021-08,0.007592073328881906
4723919748432185874,2021-07,0.002037403506642445
4723919748432185874,2021-07,0.002267908282979284
4723919748432185874,2021-07,0.0020109047637967893
4723919748432185874,2021-08,0.0024633879031547667
4723919748432185874,2021-08,0.0024633879031547667
4018182555897034052,2021-07,0.001353581630476409
4018182555897034052,2021-07,0.0011681324004883772
4018182555897034052,2021-08,0.0014223287521241035
4018182555897034052,2021-08,0.0011144354943164064
4018182555897034052,2021-08,0.0012233523449122004
4018182555897034052,2021-08,0.0014223287521241035
4018182555897034052,2021-08,0.0014099496895852311
4018182555897034052,2021-08,0.0012513147014954814
4850936440093751199,2021-07,0.005148278240012109
4850936440093751199,2021-08,0.004956594806035897
4850936440093751199,2021-08,0.004894721077767454
5897410907783139228,2021-07,0.0019434769815092185
5897410907783139228,2021-08,0.0019434769815092185
5897410907783139228,2021-08,0.0019434769815092185
5761480994209806499,2021-07,0.0018992183451984263
5761480994209806499,2021-07,0.0028302877728996144
5761480994209806499,2021-07,0.002745560073975804
5761480994209806499,2021-07,0.0018992183451984263
5761480994209806499,2021-07,0.0023290952329657346
5761480994209806499,2021-07,0.0018992183451984263
5761480994209806499,2021-07,0.0018992183451984263
5761480994209806499,2021-07,0.0018992183451984263
5761480994209806499,2021-07,0.002745560073975804
5761480994209806499,2021-07,0.0023309238381168055
5761480994209806499,2021-07,0.0023309238381168055
5761480994209806499,2021-08,0.0016155709554067723
5761480994209806499,2021-08,0.0020530580154373484
5761480994209806499,2021-08,0.0020514469472459776
5761480994209806499,2021-08,0.0023309238381168055
5761480994209806499,2021-08,0.0021426851969503194
5761480994209806499,2021-08,0.0020530580154373484
5761480994209806499,2021-08,0.00188721656391132
5761480994209806499,2021-08,0.0020514469472459776
5761480994209806499,2021-08,0.00188721656391132
5761480994209806499,2021-08,0.00188721656391132
5761480994209806499,2021-08,0.00188721656391132
5761480994209806499,2021-08,0.00188721656391132
5761480994209806499,2021-08,0.0020530580154373484
5761480994209806499,2021-08,0.002523921324827713
5761480994209806499,2021-08,0.002745560073975804
5761480994209806499,2021-08,0.00188721656391132
5761480994209806499,2021-08,0.00188721656391132
5761480994209806499,2021-08,0.0016155709554067723
5761480994209806499,2021-08,0.0020530580154373484
5893903674205161232,2021-07,0.0020297394475747668
5893903674205161232,2021-08,0.0027879515765068274
1182975716201409626,2021-07,0.0028241685679489567
1182975716201409626,2021-07,0.0028241685679489567
1182975716201409626,2021-08,0.0028536924165160358
1182975716201409626,2021-08,0.0021916273054644582
1182975716201409626,2021-08,0.0028536924165160358
1182975716201409626,2021-08,0.0028536924165160358
1182975716201409626,2021-08,0.0028536924165160358
819552547620904652,2021-07,0.13020658153879872
819552547620904652,2021-07,0.13020658153879872
819552547620904652,2021-07,0.13634273337176592
819552547620904652,2021-07,0.13020658153879872
819552547620904652,2021-08,0.16895996525584478
1366416810235233769,2021-07,0.004488649385601652
1366416810235233769,2021-07,0.004488649385601652
1366416810235233769,2021-08,0.011669298207330548
1661240395903230676,2021-07,0.08745083468988472
1661240395903230676,2021-07,0.08334640966839214
1661240395903230676,2021-07,0.08745083468988472
1661240395903230676,2021-07,0.09028266304705486
8041261093764417881,2021-07,0.0014296060449354273
8041261093764417881,2021-07,0.0015240037027502923
8041261093764417881,2021-07,0.0015218905095304922
8041261093764417881,2021-08,0.0013964865637257008
8041261093764417881,2021-08,0.002011212799983385
8041261093764417881,2021-08,0.0013964865637257008
8041261093764417881,2021-08,0.0013964865637257008
761746217261797478,2021-07,0.0010657638552805742
761746217261797478,2021-07,0.001183068202965236
761746217261797478,2021-07,0.001183068202965236
761746217261797478,2021-08,0.0012305533801850773
761746217261797478,2021-08,0.009484638965628307
761746217261797478,2021-08,0.001091346013874661
7120090169052575663,2021-07,0.00274329654668548
7120090169052575663,2021-07,0.0031324959182541436
7120090169052575663,2021-08,0.00274329654668548
7120090169052575663,2021-08,0.00274329654668548
5735794880899687600,2021-07,0.007219210794687572
5735794880899687600,2021-08,0.005612671641786655
5757271354816214865,2021-07,0.8947830912413411
5757271354816214865,2021-07,0.8955498023252894
5757271354816214865,2021-07,0.8920667914221357
5757271354816214865,2021-07,0.8884562932395621
5757271354816214865,2021-07,0.8920667914221357
5757271354816214865,2021-07,0.8982122627271021
5757271354816214865,2021-07,0.93206211395787
5757271354816214865,2021-07,0.8955498023252894
5757271354816214865,2021-07,0.8920667914221357
5757271354816214865,2021-07,0.8998553496532063
5757271354816214865,2021-07,0.8982122627271021
5757271354816214865,2021-07,0.8982122627271021
5757271354816214865,2021-08,0.6856315029276917
5757271354816214865,2021-08,0.8358684410969912
5757271354816214865,2021-08,0.8111348572388546
5757271354816214865,2021-08,0.7349255343343768
5757271354816214865,2021-08,0.8613519921613448
5757271354816214865,2021-08,0.6895593035016986
5757271354816214865,2021-08,0.6856315029276917
5757271354816214865,2021-08,0.7703236076326031
5757271354816214865,2021-08,0.8533444293460646
5757271354816214865,2021-08,0.7022347724828355
5757271354816214865,2021-08,0.7585325451811191
5757271354816214865,2021-08,0.7022347724828355
5757271354816214865,2021-08,0.6856315029276917
5757271354816214865,2021-08,0.8568788875879282
5757271354816214865,2021-08,0.7022347724828355
5757271354816214865,2021-08,0.6713475377794881
5757271354816214865,2021-08,0.7022347724828355
2808145376905474927,2021-07,0.014158853140925314
2808145376905474927,2021-07,0.014158853140925314
2808145376905474927,2021-07,0.014158853140925314
2808145376905474927,2021-08,0.013324107368506668
3279417303675586812,2021-07,0.028089691557574813
3279417303675586812,2021-07,0.10009531870215661
5481711897502154955,2021-07,0.012331476878888225
5481711897502154955,2021-07,0.021039186320775973
5481711897502154955,2021-08,0.025602542242229236
5481711897502154955,2021-08,0.018622380955407095
5481711897502154955,2021-08,0.018622380955407095
2083323809219952960,2021-07,0.002658623749468812
2083323809219952960,2021-07,0.003777330748314665
2083323809219952960,2021-07,0.003777330748314665
2083323809219952960,2021-07,0.002658623749468812
2083323809219952960,2021-07,0.002658623749468812
2083323809219952960,2021-08,0.003812689964204958
2083323809219952960,2021-08,0.004309050019539659
2083323809219952960,2021-08,0.003777330748314665
2083323809219952960,2021-08,0.002658623749468812
2083323809219952960,2021-08,0.002658623749468812
8596605705893456305,2021-07,0.7647492581231072
8596605705893456305,2021-07,0.30834714093961035
8596605705893456305,2021-08,0.4352209837465629
2451708306555441014,2021-07,0.0051351060126245
2451708306555441014,2021-07,0.003977640575634601
2451708306555441014,2021-07,0.003977640575634601
2451708306555441014,2021-08,0.0034215827934149638
4342146186255136598,2021-07,0.0025325860807629357
4342146186255136598,2021-07,0.0014301491104662483
4342146186255136598,2021-08,0.0035408565948313966
4342146186255136598,2021-08,0.003120775663793583
4342146186255136598,2021-08,0.007455861952568522
4342146186255136598,2021-08,0.005221026192044604
4342146186255136598,2021-08,0.001874255882699894
4342146186255136598,2021-08,0.0035408565948313966
4342146186255136598,2021-08,0.003120775663793583
4342146186255136598,2021-08,0.0017627517255203846
4342146186255136598,2021-08,0.0035408565948313966
4342146186255136598,2021-08,0.0037350935868707582
7779268298304613772,2021-07,0.0026536936289265336
7779268298304613772,2021-07,0.004125629420959836
7779268298304613772,2021-08,0.037927292498969895
7779268298304613772,2021-08,0.0030569331067783144
7779268298304613772,2021-08,0.0034701933508212587
7779268298304613772,2021-08,0.002649548089208888
7779268298304613772,2021-08,0.003633808856383149
7779268298304613772,2021-08,0.0030569331067783144
7779268298304613772,2021-08,0.002649548089208888
7779268298304613772,2021-08,0.0030569331067783144
3480297543931395935,2021-07,0.15175915418443917
3480297543931395935,2021-08,0.84908456322597
8185063234515056194,2021-07,0.0035167139272924744
8185063234515056194,2021-07,0.0033108986882852917
8185063234515056194,2021-07,0.0035167139272924744
8185063234515056194,2021-08,0.002715359270570405
8185063234515056194,2021-08,0.0031814108239733526
8185063234515056194,2021-08,0.002884261152300651
8939476669690489534,2021-07,0.01037906912418331
8939476669690489534,2021-07,0.01037906912418331
8939476669690489534,2021-07,0.01037906912418331
8939476669690489534,2021-08,0.012083800564449671
4831939798545673038,2021-07,0.006925626138772743
4831939798545673038,2021-07,0.006925626138772743
4831939798545673038,2021-08,0.00791152762421906
3822753345985951756,2021-07,0.006023242093651899
3822753345985951756,2021-07,0.005894574155836575
3822753345985951756,2021-08,0.005484788241606034
3822753345985951756,2021-08,0.0058385194168290265
5794903898038236832,2021-07,0.01765709612490056
5794903898038236832,2021-07,0.01765709612490056
5794903898038236832,2021-07,0.01765709612490056
5794903898038236832,2021-07,0.01765709612490056
5794903898038236832,2021-08,0.011760578381533979
5794903898038236832,2021-08,0.011760578381533979
5794903898038236832,2021-08,0.08482339863845965
5409960473983330744,2021-07,0.020154839457607217
5409960473983330744,2021-08,0.020154839457607217
5611787644735474299,2021-07,0.0021989584253330717
5611787644735474299,2021-07,0.0021989584253330717
5611787644735474299,2021-07,0.0021989584253330717
5611787644735474299,2021-07,0.0021989584253330717
5611787644735474299,2021-07,0.0021989584253330717
5611787644735474299,2021-07,0.0021051137174378683
5611787644735474299,2021-07,0.0021051137174378683
5611787644735474299,2021-07,0.00310209050478645
5611787644735474299,2021-07,0.0021051137174378683
5611787644735474299,2021-07,0.0021989584253330717
5611787644735474299,2021-08,0.0032545894984735645
5611787644735474299,2021-08,0.0020354829709417106
5611787644735474299,2021-08,0.0020354829709417106
5611787644735474299,2021-08,0.0019486012624918417
5611787644735474299,2021-08,0.003273399820914709
5611787644735474299,2021-08,0.0020354829709417106
5611787644735474299,2021-08,0.0020354829709417106
4045739494965095560,2021-07,0.002078810193428465
4045739494965095560,2021-07,0.001988558943357984
4045739494965095560,2021-07,0.002091256588067278
4045739494965095560,2021-07,0.002184484905735892
4045739494965095560,2021-07,0.001988558943357984
4045739494965095560,2021-07,0.05698180498833238
4045739494965095560,2021-07,0.05191104166025272
4045739494965095560,2021-07,0.001988558943357984
4045739494965095560,2021-08,0.002412231306811165
4045739494965095560,2021-08,0.002412231306811165
4045739494965095560,2021-08,0.0021959237739720473
4045739494965095560,2021-08,0.002412231306811165
4045739494965095560,2021-08,0.0021959237739720473
4045739494965095560,2021-08,0.0023093058407255545
4045739494965095560,2021-08,0.0021959237739720473
4045739494965095560,2021-08,0.002412231306811165
4045739494965095560,2021-08,0.002412231306811165
4045739494965095560,2021-08,0.0021959237739720473
4045739494965095560,2021-08,0.0021959237739720473
7628167057144760589,2021-07,0.0018264286451315477
7628167057144760589,2021-07,0.0015954818248778793
7628167057144760589,2021-07,0.0017872705376933227
7628167057144760589,2021-08,0.0025286612218016276
6030285068945261052,2021-07,0.0016198337313127879
6030285068945261052,2021-08,0.0015741429506207474
6030285068945261052,2021-08,0.001446681554714548
6030285068945261052,2021-08,0.0018256995335800667
8828303152301461681,2021-07,0.05725007803800176
8828303152301461681,2021-07,0.0658572584826844
8828303152301461681,2021-08,0.061808855772885245
2929243640075785940,2021-07,0.006617059933107171
2929243640075785940,2021-07,0.005500961879629824
2929243640075785940,2021-07,0.006418584165871522
2929243640075785940,2021-07,0.006617382128809141
2929243640075785940,2021-08,0.00703212165362676
3248432590399829766,2021-07,0.002157873767945024
3248432590399829766,2021-07,0.0019777579199271823
3248432590399829766,2021-07,0.0019777579199271823
3248432590399829766,2021-08,0.0021517295671446886
7613717984547031729,2021-07,0.002925937885977144
7613717984547031729,2021-08,0.0022178465501361284
7613717984547031729,2021-08,0.0014872301480769279
7613717984547031729,2021-08,0.001487165698991531
7613717984547031729,2021-08,0.001487165698991531
7613717984547031729,2021-08,0.0014872301480769279
8570963260597299378,2021-07,0.0019461462559345567
8570963260597299378,2021-07,0.001282707378721101
8570963260597299378,2021-07,0.0021142951385460015
8570963260597299378,2021-07,0.0018296206038393964
8570963260597299378,2021-08,0.001927114617614367
1953058402621337677,2021-07,0.0035821741100920336
1953058402621337677,2021-07,0.002523877282455432
1953058402621337677,2021-07,0.003229288954700394
1953058402621337677,2021-07,0.0026129816026496007
1953058402621337677,2021-07,0.003229288954700394
1953058402621337677,2021-08,0.003827383512378054
1953058402621337677,2021-08,0.0032085151922783654
1953058402621337677,2021-08,0.0032085151922783654
1953058402621337677,2021-08,0.0020138197725442374
8911073840712901131,2021-07,0.019947529434331177
9156666134024889730,2021-07,0.002137631946523214
1033361676287635885,2021-07,0.020318417113525507
1033361676287635885,2021-07,0.020318417113525507
1033361676287635885,2021-07,0.020318417113525507
2397171153213063761,2021-07,0.005111550245553003
2397171153213063761,2021-07,0.004915380269878617
2397171153213063761,2021-07,0.005111550245553003
2397171153213063761,2021-08,0.006269557555125122
2397171153213063761,2021-08,0.006029215149622639
2397171153213063761,2021-08,0.005870908478948733
2397171153213063761,2021-08,0.005645761393213753
2397171153213063761,2021-08,0.005870908478948733
2397171153213063761,2021-08,0.006029215149622639
2397171153213063761,2021-08,0.004965850671158565
2397171153213063761,2021-08,0.00516402443828751
3156852928909455203,2021-07,0.004808577575719697
3156852928909455203,2021-07,0.004808577575719697
3156852928909455203,2021-08,0.004942550422871382
3156852928909455203,2021-08,0.004942550422871382
3156852928909455203,2021-08,0.004942550422871382
1507697130807703164,2021-07,0.0008017158483791444
1507697130807703164,2021-08,0.0007382864677455647
1507697130807703164,2021-08,0.0007382864677455647
5799279645678609726,2021-07,0.04327612902787196
8512214463586144353,2021-07,0.009186616519312745
8512214463586144353,2021-08,0.009114256202858538
8213533889694327948,2021-07,0.0017820287075845972
8213533889694327948,2021-07,0.0017820287075845972
8213533889694327948,2021-07,0.0017820287075845972
8213533889694327948,2021-07,0.0020073946977587367
8213533889694327948,2021-07,0.001951061333972566
8213533889694327948,2021-07,0.001721218073511434
8213533889694327948,2021-08,0.021651417603202664
8213533889694327948,2021-08,0.0018433256505210303
8213533889694327948,2021-08,0.0020073946977587367
2535803443850893368,2021-07,0.1155027166099191
2535803443850893368,2021-08,0.05547547785645585
7770458886439606839,2021-07,0.08628747459394048
7770458886439606839,2021-08,0.1348282000366469
1156053485989336481,2021-07,0.018810638171710355
1156053485989336481,2021-07,0.018810638171710355
1156053485989336481,2021-07,0.018810638171710355
1156053485989336481,2021-08,0.015346038625674562
1156053485989336481,2021-08,0.015346038625674562
1156053485989336481,2021-08,0.015346038625674562
1156053485989336481,2021-08,0.015346038625674562
1156053485989336481,2021-08,0.015346038625674562
1156053485989336481,2021-08,0.015346038625674562
1156053485989336481,2021-08,0.015346038625674562
1156053485989336481,2021-08,0.015346038625674562
1156053485989336481,2021-08,0.015346038625674562
1156053485989336481,2021-08,0.015346038625674562
1156053485989336481,2021-08,0.015346038625674562
1156053485989336481,2021-08,0.015346038625674562
1156053485989336481,2021-08,0.015346038625674562
1156053485989336481,2021-08,0.015346038625674562
1156053485989336481,2021-08,0.015346038625674562
1156053485989336481,2021-08,0.017011889288543743
1156053485989336481,2021-08,0.015346038625674562
7215093571368368138,2021-07,0.3907210508206226
7215093571368368138,2021-07,0.39108122337054085
7215093571368368138,2021-07,0.2991700481544715
7215093571368368138,2021-07,0.3819589383017132
7215093571368368138,2021-07,0.39108122337054085
7215093571368368138,2021-07,0.39108122337054085
7215093571368368138,2021-07,0.30758687048494504
7215093571368368138,2021-08,0.3915131637588974
7215093571368368138,2021-08,0.3915131637588974
7215093571368368138,2021-08,0.39286182501675276
1711114950158155307,2021-07,0.00587938026431764
6242636379248496392,2021-07,0.006381397037034149
6242636379248496392,2021-07,0.005254159120879007
6242636379248496392,2021-07,0.008560321701861398
6242636379248496392,2021-08,0.006381397037034149
6242636379248496392,2021-08,0.009562069439436128
6242636379248496392,2021-08,0.005710943622346417
274692171162531764,2021-07,0.019138962982421927
274692171162531764,2021-07,0.017149651504140644
274692171162531764,2021-07,0.017149651504140644
274692171162531764,2021-07,0.019138962982421927
274692171162531764,2021-07,0.019138962982421927
274692171162531764,2021-08,0.01926108567238077
274692171162531764,2021-08,0.017259304068235552
274692171162531764,2021-08,0.017259304068235552
274692171162531764,2021-08,0.017259304068235552
274692171162531764,2021-08,0.01926108567238077
3228830386980584958,2021-07,0.0052492401735914395
3228830386980584958,2021-07,0.005248855272011237
3228830386980584958,2021-08,0.0071286784217188095
3228830386980584958,2021-08,0.0071980753496826404
1454789421854453615,2021-07,0.011485812121785932
1454789421854453615,2021-07,0.011485812121785932
1454789421854453615,2021-07,0.00862011703235608
1454789421854453615,2021-07,0.011485812121785932
1454789421854453615,2021-07,0.011485812121785932
1454789421854453615,2021-07,0.011485812121785932
1454789421854453615,2021-08,0.011485812121785932
1454789421854453615,2021-08,0.011485812121785932
1454789421854453615,2021-08,0.00862011703235608
1454789421854453615,2021-08,0.011485812121785932
6545052034269841737,2021-07,0.002692830550722296
6545052034269841737,2021-07,0.003064196609230833
6545052034269841737,2021-07,0.0031008107375835293
6545052034269841737,2021-07,0.003064196609230833
6545052034269841737,2021-08,0.0031008107375835293
6545052034269841737,2021-08,0.002661020961132225
6545052034269841737,2021-08,0.002692830550722296
6545052034269841737,2021-08,0.0031008107375835293
6545052034269841737,2021-08,0.003064196609230833
7457803471605010846,2021-07,0.008889336760841351
7457803471605010846,2021-07,0.00832943783228363
7457803471605010846,2021-07,0.015176336913391562
7457803471605010846,2021-08,0.006495311841818645
7457803471605010846,2021-08,0.008342327113114388
7457803471605010846,2021-08,0.007816610110371248
8716163053080758848,2021-07,0.0014398804528100943
8716163053080758848,2021-07,0.001677805112276926
8716163053080758848,2021-07,0.0015791873348073515
8716163053080758848,2021-07,0.001677805112276926
8716163053080758848,2021-07,0.0014398804528100943
8716163053080758848,2021-07,0.001677805112276926
8716163053080758848,2021-08,0.0018057512640776146
8716163053080758848,2021-08,0.0015606604149741943
8716163053080758848,2021-08,0.0015497110979343035
8716163053080758848,2021-08,0.0018057512640776146
8716163053080758848,2021-08,0.0018057512640776146
8716163053080758848,2021-08,0.0018057512640776146
8716163053080758848,2021-08,0.0018057512640776146
8107542605807471599,2021-07,0.8768009127688783
8107542605807471599,2021-07,0.8301328498527761
8107542605807471599,2021-08,0.8875578172348637
5176940320835464459,2021-07,0.0023460619954303414
5176940320835464459,2021-07,0.0021194551128972746
5176940320835464459,2021-07,0.0023515895967692675
5176940320835464459,2021-07,0.0021194551128972746
5176940320835464459,2021-07,0.0023460619954303414
5176940320835464459,2021-07,0.0021194551128972746
5176940320835464459,2021-07,0.001911478100198346
5176940320835464459,2021-07,0.0018752633698697803
5176940320835464459,2021-07,0.0023460619954303414
5176940320835464459,2021-08,0.0017179456568221327
5176940320835464459,2021-08,0.0019900142746226337
5176940320835464459,2021-08,0.0015519143574183637
5176940320835464459,2021-08,0.0016787570593512575
5176940320835464459,2021-08,0.0016787570593512575
5176940320835464459,2021-08,0.0016787570593512575
5303720405946805990,2021-07,0.0010440291359526989
5303720405946805990,2021-07,0.0008497946558962735
5303720405946805990,2021-08,0.0010367006489662288
2347028805684088098,2021-07,0.0006988762224417409
2347028805684088098,2021-07,0.0006314344495149298
2347028805684088098,2021-07,0.0006314344495149298
2347028805684088098,2021-08,0.0006156547018734236
2347028805684088098,2021-08,0.0005946221543900279
2347028805684088098,2021-08,0.0007302973719847077
2347028805684088098,2021-08,0.0005946221543900279
2347028805684088098,2021-08,0.0005946221543900279
3118152790263512426,2021-07,0.013023438408564346
3118152790263512426,2021-07,0.013023438408564346
3118152790263512426,2021-07,0.013023438408564346
3118152790263512426,2021-07,0.013023438408564346
3118152790263512426,2021-08,0.022501665871853573
968400235888951633,2021-07,0.0018346221794861212
968400235888951633,2021-08,0.001921838848651544
968400235888951633,2021-08,0.0017612486993062457
3888528635045328222,2021-07,0.03440629666421016
3888528635045328222,2021-07,0.044155980600794106
3888528635045328222,2021-07,0.044155980600794106
3888528635045328222,2021-07,0.037664121061513914
3888528635045328222,2021-07,0.03850468332823984
3888528635045328222,2021-08,0.04348092722932026
3888528635045328222,2021-08,0.2219225771490824
6118873739225005756,2021-07,0.0014416956764820468
6118873739225005756,2021-08,0.0014927378274937194
3931892303497206092,2021-07,0.008920378772882872
3931892303497206092,2021-08,0.016693409082491346
3931892303497206092,2021-08,0.01843782722707777
3931892303497206092,2021-08,0.01843782722707777
3931892303497206092,2021-08,0.01843782722707777
3931892303497206092,2021-08,0.01843782722707777
8529899700094903171,2021-07,0.007829055834423913
8529899700094903171,2021-07,0.007829055834423913
8529899700094903171,2021-07,0.007829055834423913
8529899700094903171,2021-07,0.007829055834423913
8529899700094903171,2021-07,0.007443459459349639
8529899700094903171,2021-07,0.007829055834423913
8529899700094903171,2021-07,0.008472868828613355
8529899700094903171,2021-07,0.007443459459349639
8529899700094903171,2021-07,0.007829055834423913
8529899700094903171,2021-07,0.007829055834423913
8529899700094903171,2021-07,0.007829055834423913
8529899700094903171,2021-07,0.007443459459349639
8529899700094903171,2021-07,0.007829055834423913
8529899700094903171,2021-07,0.007443459459349639
8529899700094903171,2021-08,0.00961425882957041
8529899700094903171,2021-08,0.00961425882957041
8529899700094903171,2021-08,0.007655356728907237
8529899700094903171,2021-08,0.009141547811822276
8529899700094903171,2021-08,0.007655356728907237
8529899700094903171,2021-08,0.009141547811822276
8529899700094903171,2021-08,0.009141547811822276
8529899700094903171,2021-08,0.00961425882957041
8529899700094903171,2021-08,0.009141547811822276
8529899700094903171,2021-08,0.009141547811822276
8529899700094903171,2021-08,0.00961425882957041
8529899700094903171,2021-08,0.009141547811822276
8529899700094903171,2021-08,0.00961425882957041
8529899700094903171,2021-08,0.009892215902244426
8529899700094903171,2021-08,0.010403336542898475
8529899700094903171,2021-08,0.009892215902244426
8529899700094903171,2021-08,0.009892215902244426
5786895437851445408,2021-07,0.019387004913841658
5786895437851445408,2021-08,0.020357443242797393
5786895437851445408,2021-08,0.019387004913841658
1616952665234409442,2021-07,0.044911733848448765
1616952665234409442,2021-07,0.044911733848448765
1616952665234409442,2021-07,0.049574974662673396
1616952665234409442,2021-08,0.20556060391662026
1616952665234409442,2021-08,0.0505722018019578
1616952665234409442,2021-08,0.043842124979528954
8173830874846355280,2021-07,0.0015676130894801976
8173830874846355280,2021-07,0.0013627266785899731
8173830874846355280,2021-07,0.0013627266785899731
8173830874846355280,2021-07,0.0015676130894801976
8173830874846355280,2021-07,0.0015676130894801976
8173830874846355280,2021-07,0.0013627266785899731
8173830874846355280,2021-07,0.0015676130894801976
8173830874846355280,2021-07,0.0013627266785899731
8173830874846355280,2021-07,0.0013627266785899731
8173830874846355280,2021-07,0.0015676130894801976
8173830874846355280,2021-07,0.0015676130894801976
8173830874846355280,2021-07,0.0015037371423041418
8173830874846355280,2021-07,0.0015037371423041418
8173830874846355280,2021-07,0.001458460826769769
8173830874846355280,2021-08,0.0014722508619470036
8173830874846355280,2021-08,0.0016935763441817756
8173830874846355280,2021-08,0.0014279212172361958
8173830874846355280,2021-08,0.0016245760902752998
8173830874846355280,2021-08,0.0016245760902752998
8173830874846355280,2021-08,0.0014722508619470036
8173830874846355280,2021-08,0.0014722508619470036
8173830874846355280,2021-08,0.0016935763441817756
8173830874846355280,2021-08,0.0014722508619470036
8173830874846355280,2021-08,0.0014722508619470036
8173830874846355280,2021-08,0.0014722508619470036
7236776406341522879,2021-07,0.005486935338271358
3382624494518753363,2021-07,0.2782193403233347
3382624494518753363,2021-07,0.29400103865218374
3382624494518753363,2021-07,0.2848547267888963
3382624494518753363,2021-07,0.2848547267888963
3382624494518753363,2021-08,0.3798737393184008
3382624494518753363,2021-08,0.38763150652777256
3382624494518753363,2021-08,0.681625899277016
1003144834589372198,2021-07,0.0018958395037053158
1003144834589372198,2021-07,0.001851456489223685
1003144834589372198,2021-07,0.0018958395037053158
1003144834589372198,2021-08,0.0018473275212932522
1003144834589372198,2021-08,0.0018040781556571304
1003144834589372198,2021-08,0.0018040781556571304
1003144834589372198,2021-08,0.0019170712384447418
1003144834589372198,2021-08,0.0019630240727400304
4043546053926060305,2021-07,0.28763782056163006
4043546053926060305,2021-07,0.28563817312042283
4043546053926060305,2021-08,0.396504357085306
4043546053926060305,2021-08,0.3307622690122397
4043546053926060305,2021-08,0.3307622690122397
4043546053926060305,2021-08,0.2833914551346415
4043546053926060305,2021-08,0.2833411997852198
4043546053926060305,2021-08,0.2833914551346415
4043546053926060305,2021-08,0.2833411997852198
4043546053926060305,2021-08,0.2833411997852198
4043546053926060305,2021-08,0.2833411997852198
4043546053926060305,2021-08,0.2833411997852198
2335982750277990437,2021-07,0.056197642123983156
2335982750277990437,2021-07,0.07018950794445952
2335982750277990437,2021-07,0.04607243202319388
2335982750277990437,2021-08,0.04546348448886011
7485107528960607346,2021-07,0.0194138199459008
7485107528960607346,2021-07,0.02788206633626776
7485107528960607346,2021-07,0.018553768655653707
7485107528960607346,2021-08,0.0194138199459008
465309249432033993,2021-07,0.007908201227448812
465309249432033993,2021-08,0.00786549638369299
465309249432033993,2021-08,0.00786549638369299
4995679129936981612,2021-07,0.26019502015300416
4995679129936981612,2021-07,0.39811374278418876
4995679129936981612,2021-07,0.39811374278418876
4995679129936981612,2021-08,0.39811374278418876
3137879241768961145,2021-07,0.000894381980725753
3137879241768961145,2021-07,0.001031101106667837
3137879241768961145,2021-07,0.001031101106667837
3137879241768961145,2021-08,0.0011514653591789684
3137879241768961145,2021-08,0.0013872565076796187
3137879241768961145,2021-08,0.0012772538080574514
8090492548102964782,2021-07,0.06275237788891042
5055200744384119654,2021-07,0.005308047821648683
660382477567765256,2021-07,0.005558410049715395
660382477567765256,2021-07,0.006292170157560371
660382477567765256,2021-07,0.005558410049715395
660382477567765256,2021-08,0.013161418011206207
660382477567765256,2021-08,0.012839790094668768
4166581859919473627,2021-07,0.020309168073016217
4166581859919473627,2021-07,0.020374662327678848
4166581859919473627,2021-07,0.020734706813161415
864510931144626280,2021-07,0.003195193112482713
864510931144626280,2021-08,0.14907093444132816
864510931144626280,2021-08,0.0030547284224964806
4235078665660987689,2021-07,0.008663118224093517
4235078665660987689,2021-07,0.008428269550601438
187117706370645370,2021-07,0.028094220283694776
187117706370645370,2021-07,0.02899702061695144
187117706370645370,2021-08,0.029347888333714163
7930925883736021864,2021-07,0.005887200489123487
7930925883736021864,2021-07,0.006058110607509406
7930925883736021864,2021-07,0.005648555065762799
7930925883736021864,2021-07,0.005887200489123487
7930925883736021864,2021-07,0.005648555065762799
7930925883736021864,2021-07,0.006058110607509406
7930925883736021864,2021-07,0.006058110607509406
7930925883736021864,2021-08,0.04191816398224376
7930925883736021864,2021-08,0.04191816398224376
7930925883736021864,2021-08,0.03917987017119595
7930925883736021864,2021-08,0.030533889250888152
7930925883736021864,2021-08,0.060650291274027546
7930925883736021864,2021-08,0.05832198721099305
7930925883736021864,2021-08,0.040777082362869845
7930925883736021864,2021-08,0.060650291274027546
7930925883736021864,2021-08,0.04351620060884002
7930925883736021864,2021-08,0.04067794766227646
7930925883736021864,2021-08,0.03917987017119595
8004521604421988528,2021-07,0.035720907883029694
8004521604421988528,2021-07,0.039666595086085873
8004521604421988528,2021-07,0.039666595086085873
8004521604421988528,2021-07,0.039666595086085873
8004521604421988528,2021-07,0.035720907883029694
8004521604421988528,2021-08,0.04462557791806067
1276604410881911401,2021-07,0.00923955308484336
1276604410881911401,2021-07,0.010651765256795516
1276604410881911401,2021-07,0.00923955308484336
1276604410881911401,2021-07,0.00923955308484336
1276604410881911401,2021-07,0.00923955308484336
1276604410881911401,2021-08,0.010996321457839452
1276604410881911401,2021-08,0.013899251155464745
1276604410881911401,2021-08,0.010996321457839452
1276604410881911401,2021-08,0.011961601937463536
1276604410881911401,2021-08,0.013899251155464745
1276604410881911401,2021-08,0.00945947809496002
1276604410881911401,2021-08,0.010996321457839452
1276604410881911401,2021-08,0.013899251155464745
1276604410881911401,2021-08,0.010996321457839452
1958660709350677213,2021-07,0.076572409880188
1958660709350677213,2021-08,0.08928101520371219
1958660709350677213,2021-08,0.08081543314322004
9052787288251876909,2021-07,0.0026887920223807077
1002362614649347438,2021-07,0.011042424190714054
1002362614649347438,2021-07,0.011042424190714054
1002362614649347438,2021-08,0.01573994604782949
1002362614649347438,2021-08,0.01573994604782949
3093415403379897112,2021-07,0.0043559892977796085
3536431875244944563,2021-07,0.013583039235306677
3536431875244944563,2021-08,0.008495748025116608
2493688222671282470,2021-07,0.004982912179840367
2493688222671282470,2021-08,0.00809842219466208
5263285038415073073,2021-07,0.1650367839022782
5263285038415073073,2021-07,0.21417045932810183
5263285038415073073,2021-07,0.2253984053839985
7436628409157313756,2021-07,0.01690112964168904
7436628409157313756,2021-07,0.018282070785783876
7436628409157313756,2021-08,0.015077117731891541
7436628409157313756,2021-08,0.017931300751209966
7436628409157313756,2021-08,0.016720631720282816
4071158585850879204,2021-07,0.014032040489416418
2634859679238614382,2021-07,0.001954110858543226
2634859679238614382,2021-07,0.001954110858543226
2634859679238614382,2021-07,0.0015400781827685042
2634859679238614382,2021-08,0.04407160024849881
2634859679238614382,2021-08,0.0025730401230239413
2634859679238614382,2021-08,0.003091494096272139
2634859679238614382,2021-08,0.0014255153699708784
2634859679238614382,2021-08,0.002978935415526162
8505870778358741102,2021-07,0.007540334257036727
8505870778358741102,2021-07,0.007540334257036727
8505870778358741102,2021-08,0.008671336594831144
3997247264680905799,2021-07,0.003988589827777478
3997247264680905799,2021-07,0.003988589827777478
3997247264680905799,2021-08,0.003988589827777478
3997247264680905799,2021-08,0.004076166211678718
510795635145114083,2021-07,0.011925646020582912
510795635145114083,2021-07,0.011725629782537208
510795635145114083,2021-08,0.011433843608220088
510795635145114083,2021-08,0.014461078196850352
510795635145114083,2021-08,0.011433843608220088
510795635145114083,2021-08,0.011433843608220088
6546850858912852316,2021-07,0.18623472214311765
6546850858912852316,2021-07,0.28865163178826836
6546850858912852316,2021-07,0.28865163178826836
2768068015169423097,2021-07,0.02464360005967985
2768068015169423097,2021-07,0.02464360005967985
2768068015169423097,2021-08,0.02436427863444087
7949169060790541229,2021-07,0.0016451129087832832
7949169060790541229,2021-07,0.009252703430708798
7949169060790541229,2021-08,0.0013666777735482402
7949169060790541229,2021-08,0.0014609890407357542
6964108750473070287,2021-07,0.0041190947776310665
6964108750473070287,2021-07,0.005003824666790579
6964108750473070287,2021-07,0.0041190947776310665
6964108750473070287,2021-07,0.005003824666790579
6964108750473070287,2021-07,0.0041190947776310665
6964108750473070287,2021-07,0.005236408196027554
6964108750473070287,2021-07,0.004310733206328916
6964108750473070287,2021-07,0.0041190947776310665
6964108750473070287,2021-07,0.005003824666790579
6964108750473070287,2021-07,0.0041190947776310665
6964108750473070287,2021-07,0.0041190947776310665
6964108750473070287,2021-07,0.005236408196027554
6964108750473070287,2021-07,0.004310733206328916
6964108750473070287,2021-07,0.005236408196027554
6964108750473070287,2021-08,0.005003824666790579
6964108750473070287,2021-08,0.005003824666790579
6964108750473070287,2021-08,0.005236408196027554
6964108750473070287,2021-08,0.005236408196027554
6964108750473070287,2021-08,0.004310733206328916
6964108750473070287,2021-08,0.0041190947776310665
6964108750473070287,2021-08,0.005003824666790579
6964108750473070287,2021-08,0.0041190947776310665
6964108750473070287,2021-08,0.005003824666790579
6964108750473070287,2021-08,0.005003824666790579
6964108750473070287,2021-08,0.0041190947776310665
6964108750473070287,2021-08,0.005236408196027554
6964108750473070287,2021-08,0.005236408196027554
6964108750473070287,2021-08,0.01609715282607006
6964108750473070287,2021-08,0.0041190947776310665
6964108750473070287,2021-08,0.005003824666790579
6964108750473070287,2021-08,0.005003824666790579
6964108750473070287,2021-08,0.0041190947776310665
6964108750473070287,2021-08,0.005003824666790579
6964108750473070287,2021-08,0.005003824666790579
6964108750473070287,2021-08,0.0041190947776310665
6964108750473070287,2021-08,0.005003824666790579
6964108750473070287,2021-08,0.005003824666790579
6964108750473070287,2021-08,0.0056757882455720715
6964108750473070287,2021-08,0.005236408196027554
6964108750473070287,2021-08,0.005236408196027554
6964108750473070287,2021-08,0.004310733206328916
6964108750473070287,2021-08,0.004310733206328916
6964108750473070287,2021-08,0.005003824666790579
6964108750473070287,2021-08,0.005003824666790579
6964108750473070287,2021-08,0.005003824666790579
3218226066162129945,2021-07,0.03669711911575132
3218226066162129945,2021-08,0.029211783252536982
3218226066162129945,2021-08,0.029211783252536982
3218226066162129945,2021-08,0.029211783252536982
3218226066162129945,2021-08,0.031298094532139484
3218226066162129945,2021-08,0.33748414994789766
3218226066162129945,2021-08,0.029211783252536982
4527499691197377217,2021-07,0.006805026136333832
4527499691197377217,2021-07,0.010881287042095343
4527499691197377217,2021-08,0.04425116971264464
4532469127306079736,2021-07,0.005368032477279317
4532469127306079736,2021-07,0.012893825230014097
1129657311668961746,2021-07,0.0176403156025515
1129657311668961746,2021-07,0.0176403156025515
1129657311668961746,2021-08,0.017886459856408774
1129657311668961746,2021-08,0.017886459856408774
3977861004707764824,2021-07,0.023132286723836774
3977861004707764824,2021-07,0.016071205433565317
3977861004707764824,2021-07,0.016761291076531945
3977861004707764824,2021-07,0.015080922897654574
3977861004707764824,2021-07,0.016071205433565317
3977861004707764824,2021-07,0.016761291076531945
3977861004707764824,2021-07,0.016761291076531945
3977861004707764824,2021-08,0.015890056558893556
3977861004707764824,2021-08,0.015890056558893556
3977861004707764824,2021-08,0.015890056558893556
3977861004707764824,2021-08,0.015890056558893556
3977861004707764824,2021-08,0.0165330017492938
3977861004707764824,2021-08,0.017658964739749584
8480109508191086169,2021-07,0.002335939468347824
8480109508191086169,2021-08,0.002335939468347824
8480109508191086169,2021-08,0.002335939468347824
6795467882769787169,2021-07,0.0070976470000120185
6795467882769787169,2021-07,0.006362771464021848
6795467882769787169,2021-08,0.025967790323923733
2191990606593345695,2021-07,0.0393465604429541
2191990606593345695,2021-07,0.03376016550854298
2191990606593345695,2021-07,0.01605604186932562
2191990606593345695,2021-08,0.018994393945748558
6759864637454708017,2021-07,0.01423210375976873
6759864637454708017,2021-07,0.014085590971160657
6759864637454708017,2021-08,0.013121320133352925
6759864637454708017,2021-08,0.1810246212814462
6759864637454708017,2021-08,0.013121320133352925
6759864637454708017,2021-08,0.013121320133352925
6759864637454708017,2021-08,0.012986091697940702
5440313607363845188,2021-07,0.003121512658829252
5440313607363845188,2021-08,0.0029944375482311137
5304536516981778801,2021-07,0.005849282765232278
5304536516981778801,2021-07,0.0026601022884076135
5304536516981778801,2021-07,0.0022759341754414663
5304536516981778801,2021-08,0.0020050001969930437
5304536516981778801,2021-08,0.0023435432149435187
5304536516981778801,2021-08,0.001713778593857376
5304536516981778801,2021-08,0.0020050001969930437
5304536516981778801,2021-08,0.0020050001969930437
5304536516981778801,2021-08,0.0017355253959571357
665854826624598350,2021-07,0.011288516361234268
665854826624598350,2021-07,0.006902443967574722
665854826624598350,2021-07,0.007436298169210697
665854826624598350,2021-08,0.009225072092426642
665854826624598350,2021-08,0.009225072092426642
665854826624598350,2021-08,0.009808630108860083
665854826624598350,2021-08,0.0060726815316063274
4935929591787890253,2021-07,0.004848349489546505
4935929591787890253,2021-07,0.004848349489546505
4935929591787890253,2021-08,0.003753679801924427
670573866376512619,2021-07,0.02603894079272484
670573866376512619,2021-07,0.02603894079272484
3668905663669864663,2021-07,0.002817156050869425
3668905663669864663,2021-08,0.0028455278656406477
3668905663669864663,2021-08,0.16015718440683255
3668905663669864663,2021-08,0.0021253321430181093
4862285428951244424,2021-07,0.0007224056325962817
4862285428951244424,2021-07,0.0007224056325962817
4862285428951244424,2021-07,0.0007175604724701128
4862285428951244424,2021-08,0.0005908160049634403
5528372913947954503,2021-07,0.022341601579933056
5528372913947954503,2021-07,0.021173236045118206
5528372913947954503,2021-08,0.04052948324693168
5528372913947954503,2021-08,0.03624784476823134
1118514612547157551,2021-07,0.05416230886042355
1118514612547157551,2021-07,0.05110794906512457
1118514612547157551,2021-07,0.05110794906512457
1118514612547157551,2021-08,0.04340051159391889
1118514612547157551,2021-08,0.04601659023952334
2903869860445366876,2021-07,0.004005847984092416
2903869860445366876,2021-08,0.0033660071773619796
2903869860445366876,2021-08,0.0033660071773619796
410843023337872279,2021-07,0.001819508771651133
410843023337872279,2021-07,0.001767362554963146
3281617395243454427,2021-07,0.03392133838989784
3281617395243454427,2021-07,0.03392133838989784
3281617395243454427,2021-08,0.02563426328671138
2128970218770090704,2021-07,0.0032297988092487343
2128970218770090704,2021-07,0.0028400079055589814
2128970218770090704,2021-07,0.0032297988092487343
2128970218770090704,2021-08,0.0029454709501000238
2128970218770090704,2021-08,0.003286929952410742
2128970218770090704,2021-08,0.0025899052271519092
2128970218770090704,2021-08,0.0032442325325920483
2307201111381758912,2021-07,0.006348284074041941
2307201111381758912,2021-08,0.010129654689526802
3408536439470975134,2021-07,0.00034261058897604196
3408536439470975134,2021-07,0.0003312686246698545
3408536439470975134,2021-07,0.00029185597624225304
3408536439470975134,2021-07,0.0003312686246698545
3408536439470975134,2021-08,0.00032642872528856507
3408536439470975134,2021-08,0.00032522392164392077
3408536439470975134,2021-08,0.0003363589972415358
3408536439470975134,2021-08,0.0002865302349667933
2106875407768047316,2021-07,0.002405640683240241
2106875407768047316,2021-07,0.002156370091539079
2106875407768047316,2021-07,0.0022047130276876084
2106875407768047316,2021-07,0.001120477443276847
7067471043900250355,2021-07,0.013960019647893078
7067471043900250355,2021-07,0.013960019647893078
7067471043900250355,2021-08,0.01373004521706955
7067471043900250355,2021-08,0.01373004521706955
6535356415509860671,2021-07,0.00796658279018533
4095739077267179172,2021-07,0.0268158301929927
4095739077267179172,2021-07,0.03810881853537418
180672270337706285,2021-07,0.6456495055577993
180672270337706285,2021-07,0.6234304692070698
180672270337706285,2021-07,0.6456495055577993
180672270337706285,2021-07,0.6234304692070698
180672270337706285,2021-08,0.4149453538253318
180672270337706285,2021-08,0.6722366545893337
180672270337706285,2021-08,0.6507830262204543
1977574645216036803,2021-07,0.23443778708686375
1977574645216036803,2021-08,0.2559004350947514
1977574645216036803,2021-08,0.8598135266537402
7707459425750676368,2021-07,0.6395361353901773
7707459425750676368,2021-08,0.045147962051568354
226405871752897670,2021-07,0.0018949644482404745
226405871752897670,2021-08,0.0019250381281109476
226405871752897670,2021-08,0.0070531229282400415
5503073374822479037,2021-07,0.005602735064275746
5503073374822479037,2021-07,0.004346577684723705
5503073374822479037,2021-08,0.0072106109420784
5503073374822479037,2021-08,0.005122245910640505
5503073374822479037,2021-08,0.006601084561748914
3161361581909316305,2021-07,0.004211374060463721
652740132671309295,2021-07,0.035571823369541775
652740132671309295,2021-07,0.04288304623543329
5503391736465275980,2021-07,0.006844224392317681
5503391736465275980,2021-07,0.006844224392317681
5503391736465275980,2021-08,0.00597772522795367
5503391736465275980,2021-08,0.006900318144715535
8895896724713458749,2021-07,0.003620608608468136
8895896724713458749,2021-07,0.003620608608468136
8895896724713458749,2021-07,0.003620608608468136
8895896724713458749,2021-08,0.005027143827283968
8895896724713458749,2021-08,0.005027143827283968
9184785003280841216,2021-07,0.006291372835521893
9184785003280841216,2021-07,0.007008925158499829
9184785003280841216,2021-08,0.006798776012171931
9184785003280841216,2021-08,0.007008925158499829
1210783884008131648,2021-07,0.00601236897445114
1210783884008131648,2021-07,0.013295374530921129
1210783884008131648,2021-07,0.003929719757964815
345447888460137901,2021-07,0.005133989572490491
6368582840625614207,2021-07,0.001916858253596744
6368582840625614207,2021-08,0.001753308431876736
1044568737046072781,2021-07,0.01489514970442544
5864443060004179363,2021-07,0.0013434293682422617
5864443060004179363,2021-07,0.0018433437600648445
5864443060004179363,2021-07,0.005463145264869187
5864443060004179363,2021-08,0.005905197778987295
5864443060004179363,2021-08,0.008473056920810615
5864443060004179363,2021-08,0.0014182892726693087
5864443060004179363,2021-08,0.0014182892726693087
5864443060004179363,2021-08,0.0013434293682422617
5864443060004179363,2021-08,0.0012591048215910997
2214132103234633622,2021-07,0.006098014192298328
2214132103234633622,2021-07,0.003987436420315139
2214132103234633622,2021-08,0.005832438291425031
2214132103234633622,2021-08,0.005832438291425031
2214132103234633622,2021-08,0.006502891494550307
2214132103234633622,2021-08,0.006502891494550307
2214132103234633622,2021-08,0.006506463475927628
5369576709077493659,2021-07,0.018824668306646086
5369576709077493659,2021-07,0.018824668306646086
5369576709077493659,2021-07,0.033429671969612766
5369576709077493659,2021-07,0.05161509676064147
3634047863995720708,2021-07,0.005162688995310952
3634047863995720708,2021-08,0.004872823112725443
3634047863995720708,2021-08,0.004872823112725443
792560389712312178,2021-07,0.0013677388151047208
792560389712312178,2021-07,0.0009337485527740328
792560389712312178,2021-08,0.0222112464155304
792560389712312178,2021-08,0.0013984264694838387
792560389712312178,2021-08,0.0009132486591156537
4717717003637613480,2021-07,0.005374408783581688
4717717003637613480,2021-07,0.005668634811494525
4717717003637613480,2021-08,0.006670338642447974
4717717003637613480,2021-08,0.004436907917210516
4717717003637613480,2021-08,0.004206343251957507
1104269683367198574,2021-07,0.003272893085006784
1104269683367198574,2021-07,0.003272893085006784
1104269683367198574,2021-08,0.0038756782116757408
7870373680211625064,2021-07,0.013604295954259202
7870373680211625064,2021-07,0.0185595151401609
7870373680211625064,2021-07,0.0185595151401609
7870373680211625064,2021-08,0.02120000631012047
7870373680211625064,2021-08,0.01970202054040085
7870373680211625064,2021-08,0.01970202054040085
7870373680211625064,2021-08,0.01970202054040085
7038761645302069945,2021-07,0.005350847309387099
7038761645302069945,2021-08,0.01638554474965047
5888474320320735000,2021-07,0.7649943842686995
5888474320320735000,2021-08,0.7588912227761261
5888474320320735000,2021-08,0.8058865712150658
5888474320320735000,2021-08,0.804396262803638
4414438591613884911,2021-07,0.006533527941710417
4414438591613884911,2021-08,0.0076192743425718915
4414438591613884911,2021-08,0.006715235725489253
4414438591613884911,2021-08,0.006715235725489253
4950871361132426979,2021-07,0.023966636148632415
4950871361132426979,2021-08,0.01458272364255361
6462952350255736003,2021-07,0.003959807610247334
6462952350255736003,2021-07,0.003152097916192936
4061297388883391410,2021-07,0.005252538937854359
4061297388883391410,2021-08,0.005729636764938872
4061297388883391410,2021-08,0.004556701352371885
4061297388883391410,2021-08,0.005729636764938872
4061297388883391410,2021-08,0.00280175222297316
5522764880180045081,2021-07,0.006157642420400154
5522764880180045081,2021-07,0.008224175696889786
5522764880180045081,2021-08,0.0077863688818270655
5522764880180045081,2021-08,0.007947059464643446
5522764880180045081,2021-08,0.009889803248664506
5522764880180045081,2021-08,0.008364969548461691
8609211777002937758,2021-07,0.003018921701358145
8609211777002937758,2021-08,0.0023399186071301685
2694466161223698243,2021-07,0.6328099746645807
2694466161223698243,2021-07,0.7772714910666775
8350724667410677464,2021-07,0.010245141407594888
8350724667410677464,2021-07,0.010245141407594888
8350724667410677464,2021-07,0.010245141407594888
8350724667410677464,2021-07,0.009718860775397497
8350724667410677464,2021-08,0.234389947844883
1088521227159442264,2021-07,0.0037599001122260362
1088521227159442264,2021-07,0.003414282559336089
1088521227159442264,2021-07,0.004101977873159103
1088521227159442264,2021-08,0.0041658881773593386
1088521227159442264,2021-08,0.003229537604550768
7895753719321668294,2021-07,0.0013061123064924832
7895753719321668294,2021-07,0.0024703775528124605
7895753719321668294,2021-08,0.0012989575552514146
7895753719321668294,2021-08,0.001568287689848099
4641659186059167709,2021-07,0.05124247230648935
4641659186059167709,2021-07,0.05452149255584279
2819054834565698513,2021-07,0.005847860382467897
2819054834565698513,2021-07,0.006632585990865032
2819054834565698513,2021-08,0.004888530446056321
3591324331706630867,2021-07,0.01914581328396484
3591324331706630867,2021-07,0.015510378950275636
3591324331706630867,2021-08,0.02340974993509315
3591324331706630867,2021-08,0.01602390143034021
3591324331706630867,2021-08,0.026896691125971386
2493305884832539159,2021-07,0.0904556931999755
2493305884832539159,2021-07,0.0904556931999755
2493305884832539159,2021-08,0.08650089970334285
4972567100282306577,2021-07,0.004992043862572508
4972567100282306577,2021-07,0.004992043862572508
4972567100282306577,2021-07,0.004992043862572508
4972567100282306577,2021-08,0.0051150546222720914
940214356651040716,2021-07,0.09185006098548881
940214356651040716,2021-07,0.0939701536043707
6349142675790687765,2021-07,0.2806491166414425
6349142675790687765,2021-08,0.30367190523869597
6349142675790687765,2021-08,0.376049148771403
6349142675790687765,2021-08,0.281988066829462
6349142675790687765,2021-08,0.376049148771403
6352592240901579272,2021-07,0.007155049574526205
4858887739802767402,2021-07,0.0022935710176879725
4858887739802767402,2021-07,0.0022935710176879725
4858887739802767402,2021-07,0.0022935710176879725
4858887739802767402,2021-08,0.0029581928571010305
503021894071666233,2021-07,0.06450698925988972
503021894071666233,2021-08,0.06043554459197291
503021894071666233,2021-08,0.06145717867794835
503021894071666233,2021-08,0.06150256781116003
4465150716052427320,2021-07,0.0096740576752434
4465150716052427320,2021-07,0.0031230891968444304
2645324649046215594,2021-07,0.0046488749990979406
2645324649046215594,2021-07,0.0046488749990979406
2645324649046215594,2021-07,0.004901301969899943
2645324649046215594,2021-07,0.0046488749990979406
2645324649046215594,2021-08,0.0073751069519378135
2645324649046215594,2021-08,0.0053195340715417394
5042877476420217533,2021-07,0.005153787054628479
5042877476420217533,2021-08,0.005204729406790835
5042877476420217533,2021-08,0.0059156034564787205
8400764778654490278,2021-07,0.014260127918760288
8400764778654490278,2021-07,0.017184474593018768
8400764778654490278,2021-08,0.04067060001262376
3285246914299291124,2021-07,0.001395391781297993
3285246914299291124,2021-07,0.0012570614836873157
3285246914299291124,2021-07,0.001395391781297993
3285246914299291124,2021-08,0.0014817051985617665
3285246914299291124,2021-08,0.001294132395768406
3285246914299291124,2021-08,0.0014817051985617665
3285246914299291124,2021-08,0.0014478293284992262
4170463992215954403,2021-07,0.0014859068701893797
4170463992215954403,2021-08,0.001713538581032678
1536087798470875922,2021-07,0.1442215657992916
1536087798470875922,2021-07,0.13734586064850154
1536087798470875922,2021-07,0.13734586064850154
1536087798470875922,2021-08,0.1274353581500221
1536087798470875922,2021-08,0.1212465457708155
1536087798470875922,2021-08,0.1056659739945785
1536087798470875922,2021-08,0.1212465457708155
1536087798470875922,2021-08,0.1212465457708155
1536087798470875922,2021-08,0.11116010526101745
1536087798470875922,2021-08,0.1274353581500221
4675067298171588603,2021-07,0.13549761654237066
4675067298171588603,2021-07,0.1716877154585384
4675067298171588603,2021-07,0.13549761654237066
4675067298171588603,2021-08,0.03763663572524003
4675067298171588603,2021-08,0.04917581780189231
2346482557594782345,2021-07,0.027706794819274173
2346482557594782345,2021-07,0.027706794819274173
2346482557594782345,2021-08,0.016137819097027772
5058298901476893676,2021-07,0.005535558094918274
5058298901476893676,2021-07,0.005653151892349301
5058298901476893676,2021-07,0.005535558094918274
5058298901476893676,2021-08,0.005120990647894393
6217788509719675691,2021-07,0.0032918482402424483
6217788509719675691,2021-07,0.002829176413789871
6217788509719675691,2021-07,0.0034805402882522756
6217788509719675691,2021-07,0.002829176413789871
6217788509719675691,2021-08,0.002829176413789871
6217788509719675691,2021-08,0.0040397739786518444
4795152981525833467,2021-07,0.010473438868847015
4795152981525833467,2021-07,0.015578202132368546
4795152981525833467,2021-08,0.030075476443031275
4795152981525833467,2021-08,0.003967866675928245
4785355632922927313,2021-07,0.12590093804472216
4785355632922927313,2021-07,0.12590093804472216
4785355632922927313,2021-07,0.12590093804472216
4785355632922927313,2021-08,0.12338805394767902
4785355632922927313,2021-08,0.0990548274396244
4785355632922927313,2021-08,0.12590093804472216
7268895973869107930,2021-07,0.012395887013863752
7268895973869107930,2021-07,0.016870820293545755
7710364735942975505,2021-07,0.003975301655875736
7710364735942975505,2021-08,0.004311198231793684
7710364735942975505,2021-08,0.003937758660463552
3095408468798675621,2021-07,0.0011275577872413979
3095408468798675621,2021-08,0.0011696878013500666
7177785309735471560,2021-07,0.001112375096742953
7177785309735471560,2021-07,0.0009464724083429697
7177785309735471560,2021-07,0.0009464724083429697
7177785309735471560,2021-08,0.0010110857044716294
8510653215962746781,2021-07,0.011764534014991737
5358243820364010940,2021-07,0.0017918243583897192
5358243820364010940,2021-08,0.001981662317886275
5358243820364010940,2021-08,0.00223187567935789
5358243820364010940,2021-08,0.001253328772130455
5358243820364010940,2021-08,0.001981662317886275
6927178425683104769,2021-07,0.00225332299381132
6927178425683104769,2021-07,0.00225332299381132
6927178425683104769,2021-08,0.0023420435892902653
6927178425683104769,2021-08,0.00225332299381132
1269153452773908541,2021-07,0.004774283524304424
1269153452773908541,2021-08,0.0046524593619649375
2006188298374001315,2021-07,0.004108876309292674
7325545718770538459,2021-07,0.001165121772246609
7325545718770538459,2021-07,0.0012171133124234386
7325545718770538459,2021-07,0.0012171133124234386
7325545718770538459,2021-07,0.0012171133124234386
7325545718770538459,2021-07,0.0012171133124234386
7325545718770538459,2021-07,0.0012171133124234386
7325545718770538459,2021-07,0.0012171133124234386
7325545718770538459,2021-07,0.001165121772246609
7325545718770538459,2021-07,0.0012171133124234386
7325545718770538459,2021-07,0.0012787331245095977
7325545718770538459,2021-08,0.0020367677561475726
7325545718770538459,2021-08,0.0012233095948721072
7325545718770538459,2021-08,0.0011146169504981944
7325545718770538459,2021-08,0.001164357427680515
7325545718770538459,2021-08,0.001164357427680515
7325545718770538459,2021-08,0.0012233095948721072
7325545718770538459,2021-08,0.001164357427680515
8464809590757561185,2021-07,0.002892226480825951
8464809590757561185,2021-07,0.004202681686954617
8464809590757561185,2021-08,0.00392091118587561
8464809590757561185,2021-08,0.003948438943438069
8464809590757561185,2021-08,0.00392091118587561
8748106677402909629,2021-07,0.011094894695083261
312543480920432545,2021-07,0.0010415132081008811
312543480920432545,2021-07,0.0009049991518279981
312543480920432545,2021-07,0.0008724170478874389
312543480920432545,2021-08,0.0008724170478874389
312543480920432545,2021-08,0.0010342023632044562
1059336566956767188,2021-07,0.004025249310961375
6186737197674630993,2021-07,0.006777285427347332
6186737197674630993,2021-08,0.006712691038093116
6186737197674630993,2021-08,0.023683531323386946
6186737197674630993,2021-08,0.004838995375169693
5606267905834401873,2021-07,0.006187310449041095
5606267905834401873,2021-08,0.006724344802240032
5606267905834401873,2021-08,0.006317279515574539
5606267905834401873,2021-08,0.006115968435470454
1097345589386012260,2021-07,0.0015195395695844173
1097345589386012260,2021-08,0.0016228820238127126
2763141362035716801,2021-07,0.0031463730242619918
3022528659032597047,2021-07,0.011727530322937118
3022528659032597047,2021-07,0.01582883699739825
3022528659032597047,2021-08,0.17886230808512701
3022528659032597047,2021-08,0.017505898929578434
3022528659032597047,2021-08,0.016659427064526965
8015571584405428572,2021-07,0.007619570738098676
8015571584405428572,2021-08,0.018783911054766962
8015571584405428572,2021-08,0.007446412817342727
8015571584405428572,2021-08,0.007061018645974074
6721448955097663572,2021-07,0.007919734854178188
6721448955097663572,2021-07,0.010633992584559255
6721448955097663572,2021-07,0.011316628629396246
6721448955097663572,2021-07,0.011316628629396246
6721448955097663572,2021-07,0.010633992584559255
6721448955097663572,2021-08,0.03908918517815981
6721448955097663572,2021-08,0.008619393725839293
6721448955097663572,2021-08,0.043900310178162004
6721448955097663572,2021-08,0.018432876721746407
6721448955097663572,2021-08,0.008635203866334675
6721448955097663572,2021-08,0.012938767426263558
3960251564708868781,2021-07,0.006387178345728732
3960251564708868781,2021-07,0.006387178345728732
3960251564708868781,2021-08,0.01045489738700142
3960251564708868781,2021-08,0.01045489738700142
3960251564708868781,2021-08,0.006387178345728732
2022367282554149730,2021-07,0.004415383232081073
2022367282554149730,2021-07,0.004415383232081073
2022367282554149730,2021-07,0.0046841595296452125
2022367282554149730,2021-07,0.0046841595296452125
2022367282554149730,2021-07,0.004415383232081073
2022367282554149730,2021-08,0.0018712700721210623
2022367282554149730,2021-08,0.0018712700721210623
2022367282554149730,2021-08,0.0018712700721210623
2022367282554149730,2021-08,0.0018712700721210623
2022367282554149730,2021-08,0.06242199552126577
2022367282554149730,2021-08,0.0018229292945630999
2466177460692220853,2021-07,0.0029806235131807426
2466177460692220853,2021-08,0.002578604258031432
2466177460692220853,2021-08,0.0024708792331556294
7397206777205091443,2021-07,0.007507371076448855
5613825020130267729,2021-07,0.002204739224875899
5613825020130267729,2021-07,0.002189281073249653
5613825020130267729,2021-07,0.002189281073249653
5613825020130267729,2021-08,0.0021304700342861293
5613825020130267729,2021-08,0.0021027634061752134
5726178124659661019,2021-07,0.0008893424022960818
5726178124659661019,2021-07,0.001130393726296237
5726178124659661019,2021-07,0.0011569254320539545
5726178124659661019,2021-08,0.000984663486134324
5726178124659661019,2021-08,0.000984663486134324
5726178124659661019,2021-08,0.000984663486134324
5726178124659661019,2021-08,0.0018601322009015155
5726178124659661019,2021-08,0.0007746643724864275
5726178124659661019,2021-08,0.0009620784488103799
5726178124659661019,2021-08,0.0009620784488103799
835441927760881602,2021-07,0.1868053933138797
835441927760881602,2021-08,0.1868053933138797
835441927760881602,2021-08,0.1868053933138797
1329553496073467331,2021-07,0.0038640759911861564
1329553496073467331,2021-08,0.004303183854719258
5860276371789140450,2021-07,0.1291803228504664
5860276371789140450,2021-08,0.06061047205800849
5860276371789140450,2021-08,0.061858548892470916
5810778736737569699,2021-07,0.011038036008917342
5810778736737569699,2021-08,0.10686184671781061
5810778736737569699,2021-08,0.3283404079937501
7468724002190465812,2021-07,0.007529940939294649
7468724002190465812,2021-08,0.00480869596982962
2455576782104041698,2021-07,0.011144551039510169
2455576782104041698,2021-07,0.009639572588337409
2455576782104041698,2021-08,0.012016212727452975
2455576782104041698,2021-08,0.01781215200220724
2455576782104041698,2021-08,0.012016212727452975
4863405965754103821,2021-07,0.018678510169011703
4863405965754103821,2021-07,0.027580134544010565
4863405965754103821,2021-07,0.018678510169011703
4863405965754103821,2021-08,0.01244435206771468
4863405965754103821,2021-08,0.01244435206771468
4863405965754103821,2021-08,0.015807869647995496
4863405965754103821,2021-08,0.015807869647995496
4863405965754103821,2021-08,0.015807869647995496
4863405965754103821,2021-08,0.01244435206771468
4863405965754103821,2021-08,0.019347529478462126
4863405965754103821,2021-08,0.01244435206771468
4863405965754103821,2021-08,0.015807869647995496
2983174282784691273,2021-07,0.018326288285997673
2983174282784691273,2021-07,0.02053176808489626
2983174282784691273,2021-08,0.020000627757851396
2983174282784691273,2021-08,0.017622619460140484
6969348581033924947,2021-07,0.0028956765520163244
6969348581033924947,2021-07,0.0037363683705103775
6969348581033924947,2021-07,0.002941229612008642
6969348581033924947,2021-07,0.0026374208016816886
6969348581033924947,2021-07,0.0029304739257991104
6969348581033924947,2021-08,0.014311321386720375
6969348581033924947,2021-08,0.003952705421398722
6969348581033924947,2021-08,0.0038341152137379847
6969348581033924947,2021-08,0.005655275916958426
8603678028264007695,2021-07,0.0137714293821891
8603678028264007695,2021-08,0.014676850463474746
8603678028264007695,2021-08,0.018234894365061247
1088268935649917461,2021-07,0.007370374890545475
1088268935649917461,2021-08,0.5349910921041123
1088268935649917461,2021-08,0.016100715830526764
1717812527056208209,2021-07,0.3531162843484236
1717812527056208209,2021-07,0.3531162843484236
682352428813668634,2021-07,0.002644024311008963
682352428813668634,2021-07,0.002644024311008963
682352428813668634,2021-07,0.002644024311008963
682352428813668634,2021-08,0.002644024311008963
682352428813668634,2021-08,0.002644024311008963
682352428813668634,2021-08,0.002644024311008963
6643358471662528195,2021-07,0.0008220443082603635
6643358471662528195,2021-08,0.01451767017010898
6643358471662528195,2021-08,0.0008571170808181968
1343530446996409207,2021-07,0.002679512642629021
1343530446996409207,2021-08,0.005104147682006014
1343530446996409207,2021-08,0.0023009908078162468
3750579377644235511,2021-07,0.09650466686592406
3750579377644235511,2021-07,0.1036028412047203
3750579377644235511,2021-07,0.09452242945089268
3750579377644235511,2021-08,0.12867140184906192
3832944730982767714,2021-07,0.0052664287511891466
3832944730982767714,2021-07,0.006715165888183817
6448580780254847411,2021-07,0.0016878212692200774
6448580780254847411,2021-07,0.002094981715593387
4853303856126909724,2021-07,0.8432002328284998
7712263029835111826,2021-07,0.0831424647829882
8901696535927078963,2021-07,0.0045352150691108815
8901696535927078963,2021-07,0.004766362976055257
8901696535927078963,2021-07,0.004766362976055257
8901696535927078963,2021-08,0.0034427523727320886
8901696535927078963,2021-08,0.0034427523727320886
8901696535927078963,2021-08,0.0034427523727320886
8901696535927078963,2021-08,0.0034427523727320886
8901696535927078963,2021-08,0.0034427523727320886
3095686599956852697,2021-07,0.00254811965029664
3095686599956852697,2021-07,0.0023115912773340693
3095686599956852697,2021-07,0.002414618358510901
3095686599956852697,2021-08,0.003273688576000125
3095686599956852697,2021-08,0.0039050940811994565
3095686599956852697,2021-08,0.0039050940811994565
5880041582322293710,2021-07,0.0032061109503663397
5880041582322293710,2021-07,0.002778431787356255
5880041582322293710,2021-07,0.002365024069748412
5880041582322293710,2021-08,0.002394613434490165
5880041582322293710,2021-08,0.002156352561587623
5880041582322293710,2021-08,0.002204839032661995
5880041582322293710,2021-08,0.002156352561587623
5880041582322293710,2021-08,0.002156352561587623
8918635099296971351,2021-07,0.018619718411114813
8918635099296971351,2021-08,0.026228042090012327
7347715771145302549,2021-07,0.003071272450228628
7347715771145302549,2021-07,0.00244349757315979
7347715771145302549,2021-08,0.0019569945537157357
7347715771145302549,2021-08,0.002480331588385691
8196449005061156808,2021-07,0.004612961308215548
8196449005061156808,2021-08,0.0046357747462575805
7910340581026492945,2021-07,0.0035325383814196385
7910340581026492945,2021-07,0.0022540958552315195
7910340581026492945,2021-07,0.0021770207883627483
7910340581026492945,2021-08,0.003494057372429425
7910340581026492945,2021-08,0.003494057372429425
7910340581026492945,2021-08,0.0021532739343889276
7910340581026492945,2021-08,0.003494057372429425
7910340581026492945,2021-08,0.00337472728569969
4588313530969303734,2021-07,0.04325467008399372
4588313530969303734,2021-07,0.04325467008399372
4588313530969303734,2021-08,0.04120255320841188
4588313530969303734,2021-08,0.04120255320841188
8229446069655666941,2021-07,0.015540019476633292
8229446069655666941,2021-07,0.833907737814231
8229446069655666941,2021-07,0.013598965771901643
8229446069655666941,2021-07,0.015540019476633292
1299146298565441811,2021-07,0.01584671476107021
1299146298565441811,2021-07,0.014774673452962008
1299146298565441811,2021-08,0.03038486723021645
2119292203323657032,2021-07,0.0025766898999898583
2119292203323657032,2021-08,0.0028322735902057785
4740535838297269949,2021-07,0.0015312240992051225
4740535838297269949,2021-07,0.0018560867343849236
4740535838297269949,2021-08,0.0020193163707871928
8198518259946944874,2021-07,0.7921507749846853
4327694790333781288,2021-07,0.0005679905558881686
4327694790333781288,2021-07,0.0005679905558881686
4327694790333781288,2021-08,0.009945917082654252
4327694790333781288,2021-08,0.0005203021370139508
4327694790333781288,2021-08,0.0005276543384563634
324916756972236008,2021-07,0.05742932845374553
324916756972236008,2021-08,0.038985706252326204
324916756972236008,2021-08,0.03741542966384275
324916756972236008,2021-08,0.04868838209530572
324916756972236008,2021-08,0.04258093657430351
1788369195969129749,2021-07,0.003124584052016458
1788369195969129749,2021-08,0.0033299528779503922
6284433051333854194,2021-07,0.0035998313321701186
6284433051333854194,2021-08,0.0021993399404324158
6284433051333854194,2021-08,0.0018183142714215507
472772897496154354,2021-07,0.004855998582052805
472772897496154354,2021-08,0.007121643094201202
472772897496154354,2021-08,0.007121643094201202
472772897496154354,2021-08,0.011416742182007002
5108407319813072955,2021-07,0.0032921533110777273
5108407319813072955,2021-07,0.0023471879052705483
1253437108265925705,2021-07,0.0015448943700756797
1253437108265925705,2021-07,0.0011079377886152007
1253437108265925705,2021-07,0.001510997426303869
1253437108265925705,2021-08,0.01773509251786539
2209806355660046187,2021-07,0.002917730973302181
2209806355660046187,2021-08,0.004954365306607904
1767360303789815418,2021-07,0.00521804655771166
8080988579391900405,2021-07,0.003108244405301527
8080988579391900405,2021-07,0.004094877059434048
8080988579391900405,2021-08,0.00619306335655484
8080988579391900405,2021-08,0.00619306335655484
8348574220426911086,2021-07,0.007503975109431396
8348574220426911086,2021-07,0.006463022389034972
8348574220426911086,2021-07,0.00909043212662725
8348574220426911086,2021-08,0.00729088118844463
8348574220426911086,2021-08,0.0077804910374908425
8348574220426911086,2021-08,0.0077804910374908425
8348574220426911086,2021-08,0.007276083457956541
6547872039250784411,2021-07,0.6961158904082914
6547872039250784411,2021-08,0.7494984581300693
1543875954928694094,2021-07,0.0019453482872219075
1543875954928694094,2021-07,0.0017827971823318903
8576047157867370630,2021-07,0.06678416027066
8576047157867370630,2021-08,0.06113826947745663
3357976326879346012,2021-07,0.057224534433730385
3357976326879346012,2021-08,0.05103895742120578
903093877129717133,2021-07,0.0011826967438459315
903093877129717133,2021-07,0.0011826967438459315
903093877129717133,2021-07,0.0011826967438459315
903093877129717133,2021-08,0.023859304603752397
8536980239903840341,2021-07,0.0022896053626263306
5875663709136533612,2021-07,0.005720799675313657
6238903426443761049,2021-07,0.013672693185644092
6238903426443761049,2021-07,0.013672693185644092
6238903426443761049,2021-08,0.060084075623431134
6238903426443761049,2021-08,0.024868252548514755
6238903426443761049,2021-08,0.012188877007881873
6238903426443761049,2021-08,0.01112019076113547
3660744270380078352,2021-07,0.05806176730414314
3660744270380078352,2021-08,0.054833565168515085
2377020220794016532,2021-07,0.00452242120040143
2377020220794016532,2021-07,0.003920504577597926
2377020220794016532,2021-08,0.0038362481855412295
8287608084245946173,2021-07,0.0032987670699471546
8287608084245946173,2021-07,0.0360075691457903
8287608084245946173,2021-08,0.003352209031504128
8287608084245946173,2021-08,0.003129386411503716
8287608084245946173,2021-08,0.001799760087559619
8287608084245946173,2021-08,0.0033333598334059624
8287608084245946173,2021-08,0.003129386411503716
8287608084245946173,2021-08,0.003147085840165727
8287608084245946173,2021-08,0.0020627684433941933
8287608084245946173,2021-08,0.003147085840165727
8287608084245946173,2021-08,0.003147085840165727
6950439982480713649,2021-07,0.08755294138076425
6950439982480713649,2021-08,0.17473385272901742
5067621068959932809,2021-07,0.0606528679540447
5067621068959932809,2021-07,0.060976012626254614
5067621068959932809,2021-07,0.1044013957174407
5067621068959932809,2021-08,0.101489750196671
5067621068959932809,2021-08,0.07144816565946348
5067621068959932809,2021-08,0.04658346677022812
5067621068959932809,2021-08,0.04658346677022812
5067621068959932809,2021-08,0.04633283247209455
5067621068959932809,2021-08,0.07107372397018698
5067621068959932809,2021-08,0.04633283247209455
8195468623809753777,2021-07,0.006523046117153267
8195468623809753777,2021-07,0.003712493173033702
8195468623809753777,2021-07,0.0023692151319353806
8195468623809753777,2021-07,0.006523046117153267
8195468623809753777,2021-08,0.0024030679185713124
8195468623809753777,2021-08,0.007052924997449563
8195468623809753777,2021-08,0.007052924997449563
3632378524835692731,2021-07,0.0017424735887414894
3632378524835692731,2021-08,0.0022930157752944643
4980232475645447238,2021-07,0.0024955729470646543
4980232475645447238,2021-07,0.003131335110623567
3829967475074118757,2021-07,0.5547996112327224
3829967475074118757,2021-07,0.5547996112327224
3829967475074118757,2021-08,0.29053464021185654
3829967475074118757,2021-08,0.48714265697038983
3829967475074118757,2021-08,0.30421616858482803
3829967475074118757,2021-08,0.29053464021185654
2371917341091102894,2021-07,0.007564541511177628
2371917341091102894,2021-07,0.02038787344925616
3571198145319411787,2021-07,0.005221505026257822
8503092146854371576,2021-07,0.0008934376353560716
8503092146854371576,2021-08,0.000878905511552167
1036256411320325774,2021-07,0.00878979031330071
1036256411320325774,2021-08,0.008964597635807621
1036256411320325774,2021-08,0.008964597635807621
1036256411320325774,2021-08,0.006569928280779516
8123515208041701633,2021-07,0.016301406679208465
8123515208041701633,2021-08,0.7864223723265444
8123515208041701633,2021-08,0.016301406679208465
8123515208041701633,2021-08,0.016301406679208465
5958664040344043635,2021-07,0.00426339910989717
5958664040344043635,2021-07,0.0035444505717515435
5958664040344043635,2021-08,0.0041545566344509165
8785648114090695180,2021-07,0.006372962123183029
7595945751692012281,2021-07,0.0035866357773724515
7595945751692012281,2021-08,0.04674626638987424
7595945751692012281,2021-08,0.006673696431158652
7041489327620930099,2021-07,0.006009688256358296
7041489327620930099,2021-08,0.005996879736525835
7787306805605072964,2021-07,0.4751904786488059
7787306805605072964,2021-08,0.46306551338373647
6885171468891031140,2021-07,0.005008973092618414
6885171468891031140,2021-08,0.0028078636233611533
6885171468891031140,2021-08,0.0028078636233611533
1357573192598249600,2021-07,0.005243661270940015
1357573192598249600,2021-07,0.004983495734559227
1357573192598249600,2021-08,0.004983495734559227
1357573192598249600,2021-08,0.005243661270940015
1357573192598249600,2021-08,0.0062478709618912975
1357573192598249600,2021-08,0.005243661270940015
1357573192598249600,2021-08,0.0048853632119762146
2032592272238235730,2021-07,0.007782055072504215
2032592272238235730,2021-08,0.008494929135611801
2032592272238235730,2021-08,0.006455201772194046
2032592272238235730,2021-08,0.007400140282816827
4210463673385510745,2021-07,0.02673479540984455
4210463673385510745,2021-07,0.02673479540984455
4210463673385510745,2021-07,0.02673479540984455
4210463673385510745,2021-08,0.020423498229638837
4210463673385510745,2021-08,0.03231347557669847
4210463673385510745,2021-08,0.014476085699012826
3204108603682323936,2021-07,0.002121923990446046
3204108603682323936,2021-08,0.0020963051115372206
3204108603682323936,2021-08,0.0020963051115372206
3204108603682323936,2021-08,0.0020723222852217435
9127318190908282126,2021-07,0.004685015851904948
9127318190908282126,2021-08,0.0031397643052034512
9127318190908282126,2021-08,0.0037029292104823813
4817816966382229074,2021-07,0.0065670030554286305
4817816966382229074,2021-08,0.006751635652094703
7451017400765373278,2021-07,0.001950385969842987
7451017400765373278,2021-08,0.002339969094191017
7451017400765373278,2021-08,0.0016757296196065587
7451017400765373278,2021-08,0.040017731989442154
7451017400765373278,2021-08,0.0015944110223750749
7451017400765373278,2021-08,0.002339969094191017
4524147234488547993,2021-07,0.007972025025827527
4524147234488547993,2021-07,0.00931077040929906
4524147234488547993,2021-08,0.008227911539047793
4524147234488547993,2021-08,0.009003198933857311
191536915328669008,2021-07,0.31678868954731354
3025708129948185495,2021-07,0.002000605493371309
5856610998569876318,2021-07,0.0028941511267437845
5856610998569876318,2021-07,0.0032187131645964743
5856610998569876318,2021-08,0.003484536901871827
2467590416042313927,2021-07,0.0017852973628911643
2467590416042313927,2021-08,0.001869534640218258
6055129522348042687,2021-07,0.02616818245456269
8548612698724688238,2021-07,0.020087371021129157
8548612698724688238,2021-08,0.45708843591494325
7395696797140470088,2021-07,0.001439366822208462
7395696797140470088,2021-08,0.0013744853062769636
4724876423989598202,2021-07,0.0023854050136943544
4724876423989598202,2021-07,0.004134193542863293
4724876423989598202,2021-08,0.007418498289969408
4724876423989598202,2021-08,0.007086011440505884
4724876423989598202,2021-08,0.007086011440505884
6662531979151878793,2021-07,0.010634423683586592
2380458252615213706,2021-07,0.0219819306632469
2380458252615213706,2021-08,0.02164044587648894
6784879562354696650,2021-07,0.015282792786037195
8535586342375301953,2021-07,0.008954443679635658
8535586342375301953,2021-07,0.006612759091003296
8535586342375301953,2021-08,0.037091328603255494
8535586342375301953,2021-08,0.004012751645952765
3263212305228307743,2021-07,0.0009080225913810991
3263212305228307743,2021-07,0.0009080225913810991
3263212305228307743,2021-07,0.0013781519960121555
3263212305228307743,2021-08,0.0011455729454181952
5999145415800242177,2021-07,0.01654156240293971
5999145415800242177,2021-08,0.015328205793704435
5999145415800242177,2021-08,0.017650516011163013
6012031176108922616,2021-07,0.016902755038255324
6012031176108922616,2021-08,0.12816659247943255
3279078057358159966,2021-07,0.02536838025620247
3279078057358159966,2021-08,0.04659939721816489
3807130563335796378,2021-07,0.036471408492322006
3807130563335796378,2021-08,0.07706693053389725
121658372387044248,2021-07,0.00796735380401051
121658372387044248,2021-08,0.007784003026416552
121658372387044248,2021-08,0.007784003026416552
121658372387044248,2021-08,0.007784003026416552
4614484019183480654,2021-07,0.002847722041321387
4614484019183480654,2021-08,0.002772630346282852
4614484019183480654,2021-08,0.00239952888670137
4614484019183480654,2021-08,0.00239952888670137
5753677550753111444,2021-07,0.0006502594913186799
5753677550753111444,2021-07,0.000744397530297691
5753677550753111444,2021-08,0.0006494350279410257
5753677550753111444,2021-08,0.0006911947862295262
1683619849073499603,2021-07,0.006266438264951881
1683619849073499603,2021-08,0.006276207256731997
2530707686830644666,2021-07,0.00638884662583232
2530707686830644666,2021-07,0.006552953489627021
2530707686830644666,2021-07,0.003405317518451875
2530707686830644666,2021-08,0.006305225570429065
7085295800541340563,2021-07,0.009765998381025617
7085295800541340563,2021-07,0.006738832199017046
7085295800541340563,2021-08,0.06184088235764303
7085295800541340563,2021-08,0.0055072538027686364
7085295800541340563,2021-08,0.020652978981081913
7367321179169390502,2021-07,0.23062281541850338
5635781225931111684,2021-07,0.010688708184569223
5635781225931111684,2021-07,0.010688708184569223
5635781225931111684,2021-08,0.005074490260706275
4537268360654655629,2021-07,0.045062039459952935
4537268360654655629,2021-08,0.045062039459952935
4993499380140734678,2021-07,0.006689395859116399
6394935036014530592,2021-07,0.005201594500521949
6394935036014530592,2021-07,0.005201594500521949
6394935036014530592,2021-07,0.004974808463371849
6394935036014530592,2021-08,0.004078131197959939
717981637594591016,2021-07,0.0008168362319004459
717981637594591016,2021-08,0.0007844817967600902
717981637594591016,2021-08,0.0007828974597343033
5048392903148444335,2021-07,0.01385710438368694
5048392903148444335,2021-07,0.014863571869702967
5048392903148444335,2021-08,0.015154919606668
6521201759558790083,2021-07,0.0034102039960543992
5162636608292907782,2021-07,0.022523637671944746
5162636608292907782,2021-08,0.01930520647207458
5162636608292907782,2021-08,0.01930520647207458
5162636608292907782,2021-08,0.8870568703744457
5162636608292907782,2021-08,0.02567255962913133
8909740532547211288,2021-07,0.0029018928897118056
8909740532547211288,2021-07,0.002778132649691596
8909740532547211288,2021-08,0.0029018928897118056
8909740532547211288,2021-08,0.0029018928897118056
8909740532547211288,2021-08,0.002778132649691596
8909740532547211288,2021-08,0.003374618018608978
411246418132008456,2021-07,0.01924686702518501
86110062990790869,2021-07,0.05735693267933686
86110062990790869,2021-08,0.06791620252688862
86110062990790869,2021-08,0.06791620252688862
8162017568751362437,2021-07,0.06467877427226344
314309872114206760,2021-07,0.0286915595735034
314309872114206760,2021-07,0.02780295339011742
314309872114206760,2021-08,0.06276375846186964
314309872114206760,2021-08,0.06088605022225088
314309872114206760,2021-08,0.06276375846186964
314309872114206760,2021-08,0.06088605022225088
3631603567749349715,2021-07,0.0014690195050266763
3631603567749349715,2021-08,0.00196071260184367
93982185886107798,2021-07,0.011713535453430042
93982185886107798,2021-08,0.007809035416444591
93982185886107798,2021-08,0.009120384195296927
8487807876567995441,2021-07,0.012272776394105116
8487807876567995441,2021-07,0.00979387399649636
8487807876567995441,2021-08,0.011270574031566059
3355881107559250653,2021-07,0.003233286172092286
3355881107559250653,2021-07,0.003233286172092286
3355881107559250653,2021-07,0.0030367141378917096
3355881107559250653,2021-07,0.003233286172092286
3355881107559250653,2021-07,0.003233286172092286
3355881107559250653,2021-07,0.002934741348061549
3355881107559250653,2021-07,0.0031316122097400758
3355881107559250653,2021-07,0.0031316122097400758
3355881107559250653,2021-08,0.0036819589430153728
3355881107559250653,2021-08,0.0036819589430153728
3355881107559250653,2021-08,0.0036819589430153728
3355881107559250653,2021-08,0.003342124916570914
3355881107559250653,2021-08,0.003566226489407334
3355881107559250653,2021-08,0.0036819589430153728
7492389223353246125,2021-07,0.029557977121108088
1078687383992817574,2021-07,0.48748258123168453
1078687383992817574,2021-08,0.20452393585577375
1078687383992817574,2021-08,0.36576421702479395
1078687383992817574,2021-08,0.3568693008419702
1078687383992817574,2021-08,0.3568693008419702
1078687383992817574,2021-08,0.20452393585577375
1078687383992817574,2021-08,0.36576421702479395
5383359512938607117,2021-07,0.006164053218652955
8724731934863284019,2021-07,0.012755120560299824
8724731934863284019,2021-07,0.016925644296504498
8724731934863284019,2021-08,0.011069648325110905
7269781193318890653,2021-07,0.003110376048975875
7269781193318890653,2021-07,0.009937782465711344
7269781193318890653,2021-08,0.004745456448964276
4769364850030443969,2021-07,0.041908944509948
4769364850030443969,2021-08,0.16322664361781236
4769364850030443969,2021-08,0.041908944509948
7686361238195690925,2021-07,0.002904577685474402
7686361238195690925,2021-07,0.002341224967998559
7686361238195690925,2021-07,0.002341224967998559
7686361238195690925,2021-08,0.0030357890964739344
7686361238195690925,2021-08,0.003193718586415914
7686361238195690925,2021-08,0.0030357890964739344
2092588065958607289,2021-07,0.00582643981716369
2092588065958607289,2021-07,0.0032110310328647253
2092588065958607289,2021-07,0.0032110310328647253
2092588065958607289,2021-08,0.00582643981716369
2092588065958607289,2021-08,0.00582643981716369
2092588065958607289,2021-08,0.00582643981716369
2092588065958607289,2021-08,0.050721548071114037
2092588065958607289,2021-08,0.006630818276255847
2092588065958607289,2021-08,0.0032110310328647253
2092588065958607289,2021-08,0.0032110310328647253
2092588065958607289,2021-08,0.00582643981716369
2092588065958607289,2021-08,0.0032110310328647253
2092588065958607289,2021-08,0.006630818276255847
2092588065958607289,2021-08,0.00582643981716369
2092588065958607289,2021-08,0.0032110310328647253
5726884001073147293,2021-07,0.013321735186026078
7398738404146260251,2021-07,0.002656197624170761
7182085930008391174,2021-07,0.009752712303711658
7182085930008391174,2021-08,0.009108316127525334
7182085930008391174,2021-08,0.009752712303711658
1611146298923153842,2021-07,0.009915075031112015
1611146298923153842,2021-07,0.01893746112835032
1611146298923153842,2021-07,0.009915075031112015
1611146298923153842,2021-08,0.013948073845589116
1611146298923153842,2021-08,0.013893952979887082
1553628056929342565,2021-07,0.010477769116564542
1553628056929342565,2021-07,0.010477769116564542
1553628056929342565,2021-07,0.014602754282279595
1553628056929342565,2021-08,0.057095701067595234
1553628056929342565,2021-08,0.041384749194753316
1553628056929342565,2021-08,0.037617975875097805
4432551314797496562,2021-07,0.7493332370753719
8385636129786687263,2021-07,0.004155317196520584
8385636129786687263,2021-08,0.003657609888896802
1874387298050692165,2021-07,0.005807964478700441
4850722092974676955,2021-07,0.007729243702659446
4850722092974676955,2021-08,0.006543121815564259
4334472256949955221,2021-07,0.0020124988735429595
4334472256949955221,2021-08,0.003208581006016595
4334472256949955221,2021-08,0.001850776111744057
5306165689101138983,2021-07,0.0032641936363138183
3140918607946425426,2021-07,0.00439478668526015
3140918607946425426,2021-07,0.0053375250186914755
3140918607946425426,2021-08,0.005577070065535471
3140918607946425426,2021-08,0.004530967869327543
3140918607946425426,2021-08,0.005135582673595061
3140918607946425426,2021-08,0.00603682049384569
3382609338395832683,2021-07,0.0315341450670113
3382609338395832683,2021-07,0.0315341450670113
3382609338395832683,2021-08,0.02950972791765188
3382609338395832683,2021-08,0.028631753824139447
9108733472015251498,2021-07,0.0020135158963361906
7963861799566207637,2021-07,0.00040653956785272446
7963861799566207637,2021-07,0.0003825100926057334
7963861799566207637,2021-08,0.00038339466184006795
3183208564139585182,2021-07,0.8652308888210213
963687627963462983,2021-07,0.0032207847488110296
963687627963462983,2021-08,0.0021717808845112124
963687627963462983,2021-08,0.0018467201496640074
4530631557358349711,2021-07,0.006072149755593688
4530631557358349711,2021-07,0.0064928841325264455
4530631557358349711,2021-08,0.0064928841325264455
4530631557358349711,2021-08,0.006994517012129246
4489904752023469353,2021-07,0.2402291421867729
4489904752023469353,2021-08,0.05809620623217556
4489904752023469353,2021-08,0.05477866798419903
8248484932270772248,2021-07,0.041203824128166214
8248484932270772248,2021-08,0.0506034539006527
2333404192508932057,2021-07,0.0063019982042861475
2333404192508932057,2021-07,0.0063019982042861475
2333404192508932057,2021-08,0.004501937623662967
8784237149961904,2021-07,0.003728998903449761
8784237149961904,2021-08,0.0036903397372202384
8784237149961904,2021-08,0.002784539383024282
8784237149961904,2021-08,0.0037836586572253307
7992317448197179816,2021-07,0.006330194286133297
7992317448197179816,2021-08,0.009116290179786239
7992317448197179816,2021-08,0.009116290179786239
6276792736652545216,2021-07,0.004994518011451512
6276792736652545216,2021-08,0.004609357142667824
6276792736652545216,2021-08,0.0029752544425378164
6204723742351094322,2021-07,0.00548379960669423
6204723742351094322,2021-08,0.006276990576718369
705648002974742140,2021-07,0.07170317694727257
705648002974742140,2021-08,0.0903838405381438
798425422240919854,2021-07,0.0022850827963244273
798425422240919854,2021-07,0.003473805224492125
798425422240919854,2021-08,0.0022140984171279835
798425422240919854,2021-08,0.0022140984171279835
798425422240919854,2021-08,0.002428236919427016
5432443358006556295,2021-07,0.005345257730392147
5432443358006556295,2021-08,0.0045555713701609735
5432443358006556295,2021-08,0.005632087952704281
4395946187332973749,2021-07,0.003491058115236028
4395946187332973749,2021-08,0.0032482350576465255
5752688018135006198,2021-07,0.008134320598659943
5752688018135006198,2021-08,0.008134320598659943
5752688018135006198,2021-08,0.00966097508402706
6633838062940819075,2021-07,0.0035210075064196138
6633838062940819075,2021-07,0.0035210075064196138
6633838062940819075,2021-07,0.0035210075064196138
6633838062940819075,2021-08,0.0033126551632980494
2598475569074240783,2021-07,0.00774004478188159
7750874287225529604,2021-07,0.011921614170855787
7750874287225529604,2021-08,0.008747178744805593
7750874287225529604,2021-08,0.011921614170855787
7750874287225529604,2021-08,0.011921614170855787
4635578010631860111,2021-07,0.005436018587593507
4820852183212661131,2021-07,0.01324802529299055
4820852183212661131,2021-08,0.013135182600555713
5078307295214858596,2021-07,0.07030511242929394
8559143756893267192,2021-07,0.18581222663384336
3511416927745338332,2021-07,0.003009768919492589
3511416927745338332,2021-08,0.002578602696939715
5607900901204647807,2021-07,0.05277360451957845
7664272163315705419,2021-07,0.008135415979804586
7664272163315705419,2021-08,0.006031171949908596
2088532321693492263,2021-07,0.059182262988137085
2088532321693492263,2021-08,0.4902138225441656
2088532321693492263,2021-08,0.038344533318782105
6858769421191999702,2021-07,0.0034134824574840734
6858769421191999702,2021-08,0.0062326495617477115
6858769421191999702,2021-08,0.0038426770287122132
1692423451726508456,2021-07,0.016681227968970265
8255085612985072878,2021-07,0.002139282341010296
8255085612985072878,2021-07,0.014647376075707859
8255085612985072878,2021-08,0.008044487637434058
7176848230239877915,2021-07,0.004736889870028142
7176848230239877915,2021-08,0.0016851596741986352
7176848230239877915,2021-08,0.0016851596741986352
5855956854975734380,2021-07,0.01122488248955936
5855956854975734380,2021-08,0.01122488248955936
1998941557906036376,2021-07,0.011133298922321016
1998941557906036376,2021-08,0.0098046497519032
7816319470107777265,2021-07,0.022179046357716288
295375823203017296,2021-07,0.0017810669126747725
6828316696355015040,2021-07,0.004589296946323497
6828316696355015040,2021-08,0.0049268052461024755
8252215766413781202,2021-07,0.0021382377824291
8252215766413781202,2021-08,0.0030229194769066997
3970610368027129821,2021-07,0.001148253030729606
3970610368027129821,2021-08,0.0011186275900897818
7141263195360679278,2021-07,0.04117984921161412
7141263195360679278,2021-08,0.4164988678386771
7141263195360679278,2021-08,0.051836372176086734
2003221759676247813,2021-07,0.0021253743581966834
2003221759676247813,2021-08,0.0023131232286706495
2735662700719640627,2021-07,0.023855083413480006
4052557282157719526,2021-07,0.00596561421099261
4052557282157719526,2021-08,0.0036620697439090563
4052557282157719526,2021-08,0.00653500294820615
3258345688897172820,2021-07,0.09003698817325653
7462607259426026440,2021-07,0.03909735750548612
7462607259426026440,2021-08,0.01235515773021357
4556737702757145073,2021-07,0.009879605128403354
4556737702757145073,2021-08,0.004454102970390567
4556737702757145073,2021-08,0.004454102970390567
6926309382371178621,2021-07,0.0019530536584349396
8961924617442201922,2021-07,0.0017182400689674563
8961924617442201922,2021-08,0.0015504606109741214
8961924617442201922,2021-08,0.0025518556573429453
8961924617442201922,2021-08,0.04992810459949807
8961924617442201922,2021-08,0.0014333067723410959
8552039412779393821,2021-07,0.010777198812992918
8552039412779393821,2021-08,0.013191352981032441
8552039412779393821,2021-08,0.013191352981032441
622073912578471754,2021-07,0.1641931571707135
1613152204777372951,2021-07,0.014193573570769443
6164364689409425900,2021-07,0.0011761915152458662
6091519986999196884,2021-07,0.0042719822484871064
6091519986999196884,2021-08,0.013882410960246554
6091519986999196884,2021-08,0.014098356995717357
8374461419511631785,2021-07,0.006043556049394545
8374461419511631785,2021-08,0.005510759629291749
3421433989501830226,2021-07,0.03657707358502277
3713742318997880410,2021-07,0.0035911432171430034
3713742318997880410,2021-07,0.0036946556758692896
3713742318997880410,2021-08,0.0036946556758692896
3713742318997880410,2021-08,0.0036946556758692896
1368430815953333691,2021-07,0.10733526851373483
4183921942053157552,2021-07,0.014844185933659831
4183921942053157552,2021-08,0.014221972689381792
4183921942053157552,2021-08,0.01560487548603958
4183921942053157552,2021-08,0.01560487548603958
2900002014851776114,2021-07,0.266566474340227
1778014915038250584,2021-07,0.1287056554690305
1778014915038250584,2021-07,0.1533077938335191
1778014915038250584,2021-08,0.11298804315126153
1420529738304793615,2021-07,0.04989437516824708
7818340804682162328,2021-07,0.011325604494473266
4661684997487171886,2021-07,0.0032161912692182117
4661684997487171886,2021-07,0.005016025201461181
4661684997487171886,2021-08,0.004743782705120937
4661684997487171886,2021-08,0.004743782705120937
4661684997487171886,2021-08,0.004743782705120937
4661684997487171886,2021-08,0.0046636517241708505
4661684997487171886,2021-08,0.005198301556272741
851897122328714307,2021-07,0.001525359460638356
851897122328714307,2021-07,0.001397852995986005
851897122328714307,2021-08,0.0014941808972546748
851897122328714307,2021-08,0.0017762286271441035
257162352336759783,2021-07,0.0022125865503387987
257162352336759783,2021-08,0.002406021220399561
5371387005775513675,2021-07,0.022915972222217553
5371387005775513675,2021-08,0.028676639859561853
5371387005775513675,2021-08,0.02201753776457991
662944582644865942,2021-07,0.019905668005333832
662944582644865942,2021-08,0.016742799941309634
662944582644865942,2021-08,0.019397329966513756
662944582644865942,2021-08,0.016742799941309634
1696462947583294958,2021-07,0.004020795760130432
1696462947583294958,2021-08,0.0034102843550420257
6817075905797098547,2021-07,0.00804575544381713
6817075905797098547,2021-08,0.00549923170418162
6817075905797098547,2021-08,0.00549923170418162
6817075905797098547,2021-08,0.00708645774095907
6817075905797098547,2021-08,0.00549923170418162
6817075905797098547,2021-08,0.006199812732262991
2201150681962815877,2021-07,0.00596660234105754
7637066986811047950,2021-07,0.011006217725089572
7637066986811047950,2021-08,0.009523869583710693
4571290108043699959,2021-07,0.0069332310855787765
4571290108043699959,2021-08,0.01186255754745043
5562543665139612149,2021-07,0.11880127252616757
2814790209436551216,2021-07,0.0022461086085791226
2814790209436551216,2021-08,0.0020711462841993392
2814790209436551216,2021-08,0.004486235371990695
8646472172649019955,2021-07,0.32190184549789
8646472172649019955,2021-08,0.31580942757434244
4919908458022265747,2021-07,0.006342867210221307
4919908458022265747,2021-08,0.0052175603241709076
8049805689946244047,2021-07,0.005702732975160904
8049805689946244047,2021-08,0.005835900664779421
8049805689946244047,2021-08,0.005835900664779421
8049805689946244047,2021-08,0.005835900664779421
1292049196559782171,2021-07,0.0016236963994054304
1292049196559782171,2021-08,0.0016236963994054304
1292049196559782171,2021-08,0.0016236963994054304
1292049196559782171,2021-08,0.0016236963994054304
1292049196559782171,2021-08,0.0016236963994054304
7810985951121711480,2021-07,0.006370443080904437
7810985951121711480,2021-08,0.005494814051385262
6098833389547425063,2021-07,0.014861745426046106
6098833389547425063,2021-08,0.00824951175966778
8376902089871279815,2021-07,0.0022054075075437574
8013668117699219722,2021-07,0.01904147910359193
8013668117699219722,2021-08,0.012408162082574961
6471448246085839373,2021-07,0.0017481343041265767
6471448246085839373,2021-08,0.001787138286947327
1308019675417057675,2021-07,0.011635941799506815
1308019675417057675,2021-07,0.011635941799506815
1308019675417057675,2021-08,0.011498205736380758
1235244772550233980,2021-07,0.000926554573145746
1235244772550233980,2021-08,0.0013199537193278653
1235244772550233980,2021-08,0.001470973717648212
5477900120643078645,2021-07,0.0162947653048164
5477900120643078645,2021-08,0.015209013600932589
5477900120643078645,2021-08,0.016312048574718144
5477900120643078645,2021-08,0.01493402707786681
6796564304742670823,2021-07,0.20866210065530685
3538481420098344176,2021-07,0.3807636511367827
3538481420098344176,2021-08,0.05681089774782158
7444686668183702737,2021-07,0.0015808839949976747
7444686668183702737,2021-08,0.0014405724566439971
7444686668183702737,2021-08,0.0014405724566439971
3192341047315717823,2021-07,0.08770734035685761
3192341047315717823,2021-08,0.10717390087032683
2179772649873197365,2021-07,0.30268537494309106
7442192566700924647,2021-07,0.0007857602288368306
6134696632487351445,2021-07,0.0021024613280354117
6134696632487351445,2021-08,0.001876038184038928
8874257794774679816,2021-07,0.004464219101856308
2382123267535341265,2021-08,0.007784003026416552
2382123267535341265,2021-08,0.007012540140119387
2382123267535341265,2021-08,0.006486906480930853
2382123267535341265,2021-08,0.007012540140119387
3275327267689584006,2021-08,0.3070769356612243
3275327267689584006,2021-08,0.3070769356612243
3275327267689584006,2021-08,0.3070769356612243
6216982347344525048,2021-08,0.010497835244521735
6216982347344525048,2021-08,0.012931839721330112
2780030912070252968,2021-08,0.12163892719893422
8245393384938410770,2021-08,0.002235985980736942
7920896580423665241,2021-08,0.003925776100020993
7920896580423665241,2021-08,0.002781670371579853
7920896580423665241,2021-08,0.0036359933891307425
1430896989654626045,2021-08,0.0019997886283166805
1430896989654626045,2021-08,0.0019997886283166805
9099218788416728596,2021-08,0.8517818713829584
9099218788416728596,2021-08,0.7350649605239052
5795100045494475994,2021-08,0.017330846663906573
5795100045494475994,2021-08,0.017330846663906573
8915958534285799867,2021-08,0.2321686620542158
7403979270048469991,2021-08,0.004331404829474186
7403979270048469991,2021-08,0.003918761152993939
7590999900861381526,2021-08,0.005956118554544292
8843432852270832388,2021-08,0.015644919496719253
5029701292539093910,2021-08,0.018015521389026
5029701292539093910,2021-08,0.018015521389026
2290083177086946553,2021-08,0.01356323651437909
2290083177086946553,2021-08,0.018102548027057862
2290083177086946553,2021-08,0.01356323651437909
1414132620714431952,2021-08,0.1430723536598014
3036967290595689189,2021-08,0.0034637576531500887
2870813069335519467,2021-08,0.014365414220234388
7751080728852739823,2021-08,0.0022268740340885902
7751080728852739823,2021-08,0.001818586315508864
4762256864594914240,2021-08,0.009455769647922859
4762256864594914240,2021-08,0.008871550471588018
3386019519917828299,2021-08,0.006457062560442386
3386019519917828299,2021-08,0.016190407480676017
6532139198609901627,2021-08,0.001040075527818045
6532139198609901627,2021-08,0.0009699517632970683
8067924767167570288,2021-08,0.006463639923803328
8067924767167570288,2021-08,0.010117814827359524
8067924767167570288,2021-08,0.010117814827359524
1945147145527703963,2021-08,0.0011046949214726317
1945147145527703963,2021-08,0.0011046949214726317
1945147145527703963,2021-08,0.0011046949214726317
3333870869270823799,2021-08,0.01568612652201164
2250817603281429928,2021-08,0.0023243186893173403
2250817603281429928,2021-08,0.0021797424336696867
9038299527164672091,2021-08,0.027761599000330633
8715120689636420963,2021-08,0.002456501178296215
984915269987074754,2021-08,0.001442187256181148
984915269987074754,2021-08,0.0012992239872975091
984915269987074754,2021-08,0.0012992239872975091
2012477868296377155,2021-08,0.0036980189622775237
2012477868296377155,2021-08,0.002987514990687604
2012477868296377155,2021-08,0.002987514990687604
2012477868296377155,2021-08,0.0036980189622775237
6100972975033180377,2021-08,0.003349313309753685
8511588642284189303,2021-08,0.03459054946583896
8511588642284189303,2021-08,0.03459054946583896
8511588642284189303,2021-08,0.040141016267730846
7206599058451025691,2021-08,0.004523973947589441
7206599058451025691,2021-08,0.004523973947589441
4392369075438855735,2021-08,0.009358547765766516
4392369075438855735,2021-08,0.009358547765766516
4392369075438855735,2021-08,0.009358547765766516
3447213159487287154,2021-08,0.09080701293968431
3447213159487287154,2021-08,0.16378380232211065
3447213159487287154,2021-08,0.11110089695966875
1579681122696922043,2021-08,0.012595088562433273
1579681122696922043,2021-08,0.010150662154389397
2687720147676132707,2021-08,0.006929733196251902
2687720147676132707,2021-08,0.006644707659683916
683445437387317282,2021-08,0.003604543399407624
683445437387317282,2021-08,0.001823510332869991
3903290047715748290,2021-08,0.8032284216010592
7970976988071755401,2021-08,0.04217269335679807
7970976988071755401,2021-08,0.8993961157715686
7970976988071755401,2021-08,0.05055036669852945
8083157716178259762,2021-08,0.004411794357773175
8083157716178259762,2021-08,0.0034863753400010953
8083157716178259762,2021-08,0.0034863753400010953
8343941262792249232,2021-08,0.016207825457834356
8343941262792249232,2021-08,0.012953398195900382
8343941262792249232,2021-08,0.013080088979783442
5225029212547588718,2021-08,0.023291926086117385
170089315547146305,2021-08,0.06361878227652937
170089315547146305,2021-08,0.06649563009983639
170089315547146305,2021-08,0.18179690535063084
170089315547146305,2021-08,0.09049777865129949
3724562776372632620,2021-08,0.006569917752199057
1000372849175668062,2021-08,0.0076361117702097615
1000372849175668062,2021-08,0.007397525757116495
5200455618694210402,2021-08,0.0038625474705723624
2619109825960703851,2021-08,0.013834040598929604
6337915293429442229,2021-08,0.01846578524677592
1951407691087813358,2021-08,0.0011536911185256954
1951407691087813358,2021-08,0.0011536911185256954
1951407691087813358,2021-08,0.001307213143595521
7471183491728700531,2021-08,0.13064617873447112
7471183491728700531,2021-08,0.13064617873447112
7330131219998265639,2021-08,0.0013592356619305493
5465001651966355821,2021-08,0.07129206197168442
5465001651966355821,2021-08,0.05119006187195248
5465001651966355821,2021-08,0.07820170992426428
5883155883105348987,2021-08,0.027175178597276924
4090195792518021727,2021-08,0.004680312601319976
4090195792518021727,2021-08,0.004277787595560482
4090195792518021727,2021-08,0.004277787595560482
18719614953021044,2021-08,0.18013506794469028
1533755281771668509,2021-08,0.0016017971569338792
837142477962609471,2021-08,0.007191897914094376
6456490958004500912,2021-08,0.029649110838072954
5460280878923715699,2021-08,0.0034247425757609243
5460280878923715699,2021-08,0.04329178496884499
1757249986361236700,2021-08,0.008046792356404934
6909701795322574613,2021-08,0.05449236230154393
1115703227712697214,2021-08,0.007194520647168555
107343823625119033,2021-08,0.004047734136608729
107343823625119033,2021-08,0.04923968544913536
107343823625119033,2021-08,0.0038657319094147586
107343823625119033,2021-08,0.004047734136608729
4956614249204803652,2021-08,0.010172010466040307
4956614249204803652,2021-08,0.011466459790866348
4008627434689715639,2021-08,0.1843273061161489
4008627434689715639,2021-08,0.17893842267652227
4008627434689715639,2021-08,0.18956542971150162
4008627434689715639,2021-08,0.18956542971150162
4008627434689715639,2021-08,0.18123568034809415
2772135008486239291,2021-08,0.12767976941940926
5558533999208199371,2021-08,0.3365616817946572
4130617254899676131,2021-08,0.21167804677882152
4130617254899676131,2021-08,0.05582312779848318
3543162424793477785,2021-08,0.014316160801890913
3543162424793477785,2021-08,0.014649654323202347
4512887927067894301,2021-08,0.27915774427040524
1044946691507317745,2021-08,0.003848134937777661
7031913170099381454,2021-08,0.10818029326517208
2407532237672094312,2021-08,0.6880489719739089
2407532237672094312,2021-08,0.02270774422778949
5687511145009775604,2021-08,0.7822778207638018
696014079855281037,2021-08,0.06201275713560976
1708019696828098378,2021-08,0.42275810411354275
1708019696828098378,2021-08,0.42275810411354275
9206030810342980458,2021-08,0.08034930552780097
9206030810342980458,2021-08,0.009316508343057445
2778852475840838977,2021-08,0.023618944080151524
1106971614386004604,2021-08,0.5286342654686719
3045840317107313913,2021-08,0.007048154935670391
3045840317107313913,2021-08,0.005385952036624731
6754039979151386401,2021-08,0.001248299077390353
6754039979151386401,2021-08,0.001545593412856092
6754039979151386401,2021-08,0.0010533875717628574
8004409125524742779,2021-08,0.0008565913086113063
8004409125524742779,2021-08,0.0008827054541261307
8004409125524742779,2021-08,0.0007777662533494749
1741049493106216406,2021-08,0.13280431815870572
4335865859049992260,2021-08,0.013632541622571654
4335865859049992260,2021-08,0.013632541622571654
4335865859049992260,2021-08,0.006267837172615993
8623308321032624474,2021-08,0.7253768634261691
8623308321032624474,2021-08,0.11604567687234557
3516294920850464913,2021-08,0.09232596867129993
1052398277967427422,2021-08,0.4236916571856649
1334091158016312155,2021-08,0.012166056745765819
6486277549325701534,2021-08,0.004590122805970916
6486277549325701534,2021-08,0.004590122805970916
6486277549325701534,2021-08,0.004590122805970916
1423952977138155129,2021-08,0.0038487287214881015
1423952977138155129,2021-08,0.0030062729372979215
1956406515279457110,2021-08,0.07083141261361152
1956406515279457110,2021-08,0.02956827026411005
1956406515279457110,2021-08,0.024982628775267465
7142043104834932013,2021-08,0.04334467037588617
7142043104834932013,2021-08,0.03470950398660189
2785178201607654410,2021-08,0.14992530522269754
3472934456083131714,2021-08,0.00261673711701529
3472934456083131714,2021-08,0.003468395527765541
5487870288449327165,2021-08,0.17917412333374227
6528158819463595826,2021-08,0.0023236086803356485
8163895533020293251,2021-08,0.4801203425527278
8163895533020293251,2021-08,0.5070135950763466
4660230701075746534,2021-08,0.25628291173386364
4660230701075746534,2021-08,0.210582201041423
6842075380768862290,2021-08,0.018928937932398117
7911162482760986289,2021-08,0.17466951732950645
8729164666041467296,2021-08,0.004327578109961893
521351744568531135,2021-08,0.014603245851964406
1166653268490470189,2021-08,0.03961537107231001
1166653268490470189,2021-08,0.03961537107231001
7076661330300123587,2021-08,0.006992920104299088
531805620371082364,2021-08,0.007120638490326181
4165983075385227812,2021-08,0.0038316846439146366
4165983075385227812,2021-08,0.004919700498141726
4165983075385227812,2021-08,0.0038316846439146366
665505091521986356,2021-08,0.0018107096954852982
1687017009357941608,2021-08,0.10595244739355834
2773493808492482979,2021-08,0.002502326626322339
4662079815415471798,2021-08,0.16831087857822638
5574997762710520717,2021-08,0.010861041236650833
1207306324957395736,2021-08,0.2502396671715604
3915426102465954493,2021-08,0.0019315451030697426
1093053069479288753,2021-08,0.04547465557487873
4569866309119931805,2021-08,0.009728255693117846
4351694415353093046,2021-08,0.4232547729629013
5255460548789019114,2021-08,0.004425451203974418
8826489829259520138,2021-08,0.0011468335451862372
3592461881055047578,2021-08,0.0414295470999246
6987942592445950913,2021-08,0.0021527526121988263
1467843186411742274,2021-08,0.02186291850146661
1467843186411742274,2021-08,0.023918264382494742
39547025441582855,2021-08,0.00270846497660292
39547025441582855,2021-08,0.0021824418503689153
873223039957991123,2021-08,0.006007608010471563
7671566034617837932,2021-08,0.00203423190643939
7671566034617837932,2021-08,0.001906276036623083
7671566034617837932,2021-08,0.001906276036623083
5689766561863956319,2021-08,0.010049337251266883
7260748352873493818,2021-08,0.009866405631192105
4284129442855564250,2021-08,0.008749427937210947
1069093308328204542,2021-08,0.0024836013074667064
326257359176916767,2021-08,0.0013565683881188097
6615694774618628402,2021-08,0.028295696272981105
6615694774618628402,2021-08,0.023027919269873454
7524505197759784814,2021-08,0.10861643220050538
6598561842700412652,2021-08,0.7223328583960229
6598561842700412652,2021-08,0.730293429511864
6598561842700412652,2021-08,0.7020865029163379
6598561842700412652,2021-08,0.6385840539264893
69766362497027920,2021-08,0.032970885156231845
6865071386683133124,2021-08,0.005226216037812185
6865071386683133124,2021-08,0.005226216037812185
6020593949794792044,2021-08,0.007777396363655339
1698828605814171242,2021-08,0.003766869404730622
1698828605814171242,2021-08,0.003766869404730622
8707474618041058293,2021-08,0.08863375483046128
6731795019313479942,2021-08,0.0014752431255358313
6941381638534728190,2021-08,0.0015944243809742921
5854364934896993687,2021-08,0.007054630028390118
2678966409665050034,2021-08,0.0036036056328975206
8706851346184249504,2021-08,0.0017262987676962712
988707525807573448,2021-08,0.0031678433134695837
8736788139020105764,2021-08,0.484696926282955
7061868716439556791,2021-08,0.7808338509653745
4677213860368191144,2021-08,0.012327050687801724
4677213860368191144,2021-08,0.012327050687801724
8463871205935856285,2021-08,0.01523115855830751
8463871205935856285,2021-08,0.013643683353521176
7944852965555666513,2021-08,0.0015739745524751393
3361278050140871809,2021-08,0.2551140058935796
5373371196946859811,2021-08,0.016013113693484383
5373371196946859811,2021-08,0.02098082383174085
2386535178006664233,2021-08,0.6413772219963442
2308217045093677129,2021-08,0.006814152286645348
4831988987853936627,2021-08,0.003230193241691004
8292458529987016717,2021-08,0.008140898382837325
8292458529987016717,2021-08,0.0067368137165257445
2805743565496207618,2021-08,0.01596386398354631
6968106554514688300,2021-08,0.006142902848182734
8994944800097997361,2021-08,0.009076988357996163
8994944800097997361,2021-08,0.009898011454987787
8994944800097997361,2021-08,0.009898011454987787
4874157215501489741,2021-08,0.005644581626219186
6636325081217917184,2021-08,0.09349951106068066
5540361570968095722,2021-08,0.003929151668139617
7848910047105468475,2021-08,0.612859664798282
8449503736717242889,2021-08,0.14203364233156615
7708030042671632236,2021-08,0.0043962001991641455
7708030042671632236,2021-08,0.0043962001991641455
8859064595603380512,2021-08,0.002635754357888431
5082813456193598086,2021-08,0.0022382345987290364
6704528044328834201,2021-08,0.0025806135566961348
2499050168966442376,2021-08,0.07148084641036513
7138126049219817285,2021-08,0.0205845551153586
9142266044170177362,2021-08,0.052142899688318846
2508429106201166689,2021-08,0.0016990403304353839
7719481195372677540,2021-08,0.002724870141792149
8398000036517692656,2021-08,0.015166017458511665
1285245417998627607,2021-08,0.9472440619715408
1997130697107291654,2021-08,0.020506817091899294
6724017568171288443,2021-08,0.0028534634152768334
5136739522477907100,2021-08,0.002285962619574218
3148228961195376491,2021-08,0.057819071336876464
1827463638348028912,2021-08,0.009331852810921923
6213213514675778388,2021-08,0.011804962476393135
1396078312562623766,2021-08,0.07086047848925528
2092588065958607289,2021-08,0.0032110310328647253
2092588065958607289,2021-08,0.0032110310328647253
2092588065958607289,2021-08,0.0036556627552042907
2092588065958607289,2021-08,0.0032110310328647253
2092588065958607289,2021-09,0.003044054957671739
2092588065958607289,2021-09,0.0033774901178345736
2092588065958607289,2021-09,0.0033774901178345736
2092588065958607289,2021-09,0.0036098736884792254
2092588065958607289,2021-09,0.003044054957671739
2092588065958607289,2021-09,0.003044054957671739
2092588065958607289,2021-09,0.0033774901178345736
8004409125524742779,2021-08,0.0007777662533494749
8004409125524742779,2021-09,0.0006969543995877721
8004409125524742779,2021-09,0.0006969543995877721
8004409125524742779,2021-09,0.0008546214581237087
1308019675417057675,2021-08,0.012335875103068454
1308019675417057675,2021-08,0.012335875103068454
1308019675417057675,2021-09,0.050273263276525045
1308019675417057675,2021-09,0.01248351881746255
1687017009357941608,2021-08,0.10577067248377343
5220206408301580591,2021-08,0.015302009668076547
1088268935649917461,2021-08,0.028191212401057746
1088268935649917461,2021-08,0.018234007207979765
683445437387317282,2021-08,0.003604543399407624
683445437387317282,2021-08,0.001823510332869991
683445437387317282,2021-09,0.001823510332869991
3447213159487287154,2021-08,0.16378380232211065
2499050168966442376,2021-08,0.07205179141486925
2499050168966442376,2021-09,0.26627343009440013
8529899700094903171,2021-08,0.009381721562639831
8529899700094903171,2021-08,0.008920340888840042
8529899700094903171,2021-08,0.009381721562639831
8529899700094903171,2021-08,0.009786780879490396
8529899700094903171,2021-08,0.00852499755103048
8529899700094903171,2021-08,0.009653021294833058
8529899700094903171,2021-08,0.009381721562639831
8529899700094903171,2021-08,0.009381721562639831
8529899700094903171,2021-08,0.009381721562639831
8529899700094903171,2021-08,0.008920340888840042
8529899700094903171,2021-08,0.007877255011760516
8529899700094903171,2021-08,0.009381721562639831
8529899700094903171,2021-08,0.00904404061335772
8529899700094903171,2021-08,0.007877255011760516
8529899700094903171,2021-08,0.009381721562639831
8529899700094903171,2021-08,0.008920340888840042
8529899700094903171,2021-08,0.008920340888840042
8529899700094903171,2021-08,0.008920340888840042
8529899700094903171,2021-09,0.0076393636943837325
8529899700094903171,2021-09,0.007263041637797527
8529899700094903171,2021-09,0.007263041637797527
8529899700094903171,2021-09,0.007263041637797527
8529899700094903171,2021-09,0.007263041637797527
8529899700094903171,2021-09,0.007263041637797527
8529899700094903171,2021-09,0.0076393636943837325
8529899700094903171,2021-09,0.0076393636943837325
8529899700094903171,2021-09,0.008267707570002067
8529899700094903171,2021-09,0.0076393636943837325
8529899700094903171,2021-09,0.007263041637797527
7221446976321358973,2021-08,0.006337746584608635
7221446976321358973,2021-09,0.009685023308370757
7221446976321358973,2021-09,0.012006582127831813
6594970822995540982,2021-08,0.5469619266639587
6594970822995540982,2021-09,0.05653620524828586
1156053485989336481,2021-08,0.01826694524458644
1156053485989336481,2021-08,0.01826694524458644
1156053485989336481,2021-08,0.016480256525718315
1156053485989336481,2021-08,0.01826694524458644
1156053485989336481,2021-08,0.016480256525718315
1156053485989336481,2021-08,0.016480256525718315
1156053485989336481,2021-08,0.016480256525718315
1156053485989336481,2021-08,0.016480256525718315
1156053485989336481,2021-08,0.016480256525718315
1156053485989336481,2021-08,0.016480256525718315
1156053485989336481,2021-08,0.016480256525718315
1156053485989336481,2021-08,0.016480256525718315
1156053485989336481,2021-08,0.016480256525718315
1156053485989336481,2021-08,0.016480256525718315
1156053485989336481,2021-08,0.016480256525718315
1156053485989336481,2021-08,0.016480256525718315
1156053485989336481,2021-08,0.016480256525718315
1156053485989336481,2021-08,0.01826694524458644
1156053485989336481,2021-08,0.016480256525718315
1156053485989336481,2021-08,0.016480256525718315
1156053485989336481,2021-08,0.016480256525718315
1156053485989336481,2021-08,0.016480256525718315
1156053485989336481,2021-08,0.01826694524458644
1156053485989336481,2021-08,0.016480256525718315
1156053485989336481,2021-08,0.016480256525718315
1156053485989336481,2021-08,0.016480256525718315
1156053485989336481,2021-08,0.016480256525718315
1156053485989336481,2021-08,0.016480256525718315
1156053485989336481,2021-08,0.016480256525718315
1156053485989336481,2021-08,0.016480256525718315
1156053485989336481,2021-08,0.016480256525718315
1156053485989336481,2021-08,0.016480256525718315
1156053485989336481,2021-08,0.016480256525718315
1156053485989336481,2021-09,0.018326825723466313
1156053485989336481,2021-09,0.018326825723466313
1156053485989336481,2021-09,0.018326825723466313
1156053485989336481,2021-09,0.018326825723466313
1156053485989336481,2021-09,0.018326825723466313
1156053485989336481,2021-09,0.018326825723466313
1156053485989336481,2021-09,0.018326825723466313
1156053485989336481,2021-09,0.018326825723466313
1156053485989336481,2021-09,0.018326825723466313
1156053485989336481,2021-09,0.708693899671751
1156053485989336481,2021-09,0.018326825723466313
1156053485989336481,2021-09,0.018326825723466313
1156053485989336481,2021-09,0.018326825723466313
1156053485989336481,2021-09,0.708693899671751
1156053485989336481,2021-09,0.708693899671751
1156053485989336481,2021-09,0.018326825723466313
1156053485989336481,2021-09,0.018326825723466313
1156053485989336481,2021-09,0.3367257214379316
1156053485989336481,2021-09,0.018326825723466313
1156053485989336481,2021-09,0.018326825723466313
1156053485989336481,2021-09,0.018326825723466313
1156053485989336481,2021-09,0.018326825723466313
1156053485989336481,2021-09,0.018326825723466313
1156053485989336481,2021-09,0.018326825723466313
1156053485989336481,2021-09,0.018326825723466313
1156053485989336481,2021-09,0.018326825723466313
1156053485989336481,2021-09,0.020309574213442923
1156053485989336481,2021-09,0.018326825723466313
1156053485989336481,2021-09,0.018326825723466313
1156053485989336481,2021-09,0.018326825723466313
8926565682509268383,2021-08,0.00530725076897098
8926565682509268383,2021-08,0.00530725076897098
8926565682509268383,2021-08,0.004972496733390648
8926565682509268383,2021-08,0.00530725076897098
8926565682509268383,2021-08,0.00530725076897098
8926565682509268383,2021-08,0.003955152392281621
8926565682509268383,2021-08,0.00530725076897098
8926565682509268383,2021-09,0.005202824427270596
8926565682509268383,2021-09,0.0074472475178701415
8926565682509268383,2021-09,0.0074472475178701415
8926565682509268383,2021-09,0.0074472475178701415
8926565682509268383,2021-09,0.006215551730120749
8926565682509268383,2021-09,0.0074472475178701415
8926565682509268383,2021-09,0.0074472475178701415
8926565682509268383,2021-09,0.006978460490856933
8926565682509268383,2021-09,0.826586459026709
8926565682509268383,2021-09,0.009510870062752844
8926565682509268383,2021-09,0.006978460490856933
5517114603826429870,2021-08,0.006210727926974944
5517114603826429870,2021-08,0.0072556021088718715
1118514612547157551,2021-08,0.04601659023952334
1118514612547157551,2021-08,0.04601659023952334
1118514612547157551,2021-09,0.058335085456233504
1118514612547157551,2021-09,0.058335085456233504
5108407319813072955,2021-08,0.002539028093734839
5108407319813072955,2021-08,0.003140402121216665
5108407319813072955,2021-08,0.0020057693469273546
5108407319813072955,2021-09,0.0032506008775776314
5481711897502154955,2021-08,0.01765540326326735
5481711897502154955,2021-08,0.01713154717119036
5481711897502154955,2021-08,0.01765540326326735
5481711897502154955,2021-09,0.016709520189510958
5481711897502154955,2021-09,0.017175876452431134
5481711897502154955,2021-09,0.011305792645372048
5880041582322293710,2021-08,0.0020314629910002935
5880041582322293710,2021-08,0.001756606891628027
5880041582322293710,2021-08,0.0020314629910002935
5880041582322293710,2021-08,0.0025196770158824404
5880041582322293710,2021-08,0.0025196770158824404
5880041582322293710,2021-08,0.0020314629910002935
5880041582322293710,2021-08,0.0020314629910002935
5880041582322293710,2021-08,0.001756606891628027
5880041582322293710,2021-09,0.002254886181635877
5880041582322293710,2021-09,0.002299347849093929
5880041582322293710,2021-09,0.002396001949985302
4862285428951244424,2021-08,0.0006708532082941372
4862285428951244424,2021-08,0.0006480309722599562
4862285428951244424,2021-08,0.0006694825687471527
4862285428951244424,2021-08,0.0006694825687471527
4862285428951244424,2021-09,0.0006679383777455545
4862285428951244424,2021-09,0.000699491253863591
4850722092974676955,2021-08,0.005714366601736439
4850722092974676955,2021-08,0.006543121815564259
4850722092974676955,2021-09,0.004989198039068015
8163895533020293251,2021-08,0.3563420369512119
8163895533020293251,2021-08,0.3850535588748722
8163895533020293251,2021-08,0.3563420369512119
8163895533020293251,2021-08,0.5070135950763466
8163895533020293251,2021-08,0.4230467971878125
8163895533020293251,2021-08,0.4928624034585054
8163895533020293251,2021-08,0.4230467971878125
8163895533020293251,2021-09,0.47734771922376246
8163895533020293251,2021-09,0.3291949389143073
8163895533020293251,2021-09,0.4385296575355676
5761480994209806499,2021-08,0.001971276050717585
5761480994209806499,2021-08,0.0021826865262904536
5761480994209806499,2021-08,0.002144488460989945
5761480994209806499,2021-08,0.0025391101923377987
5761480994209806499,2021-08,0.0018731649767786884
5761480994209806499,2021-08,0.0018731649767786884
5761480994209806499,2021-08,0.001971276050717585
5761480994209806499,2021-08,0.001971276050717585
5761480994209806499,2021-08,0.002142805799889198
5761480994209806499,2021-08,0.0022065529031333434
5761480994209806499,2021-08,0.0022065529031333434
5761480994209806499,2021-08,0.0022065529031333434
5761480994209806499,2021-08,0.0020377741489922226
5761480994209806499,2021-08,0.002144488460989945
5761480994209806499,2021-08,0.001971276050717585
5761480994209806499,2021-08,0.002142805799889198
5761480994209806499,2021-08,0.001971276050717585
5761480994209806499,2021-08,0.002144488460989945
5761480994209806499,2021-08,0.002142805799889198
5761480994209806499,2021-09,0.0027564876345449354
5761480994209806499,2021-09,0.0018850775655637447
5761480994209806499,2021-09,0.002196563217870054
5761480994209806499,2021-09,0.0016875513921386024
5761480994209806499,2021-09,0.03239333922135799
5761480994209806499,2021-09,0.0016875513921386024
5761480994209806499,2021-09,0.002142805799889198
5761480994209806499,2021-09,0.0019838113470319503
5761480994209806499,2021-09,0.002142805799889198
5761480994209806499,2021-09,0.0023613385742667706
5761480994209806499,2021-09,0.002220580990395173
5761480994209806499,2021-09,0.00240038893672674
5761480994209806499,2021-09,0.002220580990395173
5761480994209806499,2021-09,0.0018850775655637447
5761480994209806499,2021-09,0.0020377741489922226
5761480994209806499,2021-09,0.0018850775655637447
5761480994209806499,2021-09,0.0021242029388548484
5761480994209806499,2021-09,0.0019838113470319503
5761480994209806499,2021-09,0.0019838113470319503
5761480994209806499,2021-09,0.0019838113470319503
5761480994209806499,2021-09,0.0019838113470319503
5761480994209806499,2021-09,0.002220580990395173
5761480994209806499,2021-09,0.002220580990395173
4935929591787890253,2021-08,0.00387007223945628
4935929591787890253,2021-08,0.0038354449161708782
4935929591787890253,2021-08,0.003753679801924427
4935929591787890253,2021-09,0.004423820742712362
4935929591787890253,2021-09,0.004358251157741805
4935929591787890253,2021-09,0.004358251157741805
5522764880180045081,2021-08,0.013729307843467466
5522764880180045081,2021-08,0.013484251148987615
5522764880180045081,2021-08,0.009889803248664506
5522764880180045081,2021-09,0.007954351305868058
8409181491723988567,2021-08,0.00990105672185382
8409181491723988567,2021-08,0.007541049401172536
8409181491723988567,2021-08,0.0035713744742969034
8409181491723988567,2021-09,0.006802244913346174
6582676833651678345,2021-08,0.0006631573237536968
6582676833651678345,2021-08,0.0005891736136188905
6582676833651678345,2021-08,0.0006505717297331572
6582676833651678345,2021-09,0.0006274402884881365
6582676833651678345,2021-09,0.0006604790480508504
6582676833651678345,2021-09,0.0005809835278057809
6582676833651678345,2021-09,0.0005809835278057809
6582676833651678345,2021-09,0.0006459747445760544
6582676833651678345,2021-09,0.0006115775376596544
8487807876567995441,2021-08,0.010214277105029671
8487807876567995441,2021-08,0.012446938806136157
8487807876567995441,2021-09,0.011627852705375877
8487807876567995441,2021-09,0.010440961972790989
8733525963966339207,2021-08,0.24639567487802547
8733525963966339207,2021-08,0.2292839893013482
8733525963966339207,2021-08,0.23407350831166573
8733525963966339207,2021-09,0.17528969620897006
8733525963966339207,2021-09,0.17528969620897006
4045739494965095560,2021-08,0.0022621140111810456
4045739494965095560,2021-08,0.002484925317508863
4045739494965095560,2021-08,0.0021655798689813
4045739494965095560,2021-08,0.0022621140111810456
4045739494965095560,2021-08,0.0022621140111810456
4045739494965095560,2021-09,0.0022621140111810456
4045739494965095560,2021-09,0.0021655798689813
4045739494965095560,2021-09,0.0022621140111810456
4045739494965095560,2021-09,0.002484925317508863
4045739494965095560,2021-09,0.002484925317508863
4045739494965095560,2021-09,0.002484925317508863
4045739494965095560,2021-09,0.0022621140111810456
4045739494965095560,2021-09,0.002378905528442469
4045739494965095560,2021-09,0.002484925317508863
4045739494965095560,2021-09,0.0022621140111810456
1613152204777372951,2021-08,0.013056148163298906
1613152204777372951,2021-08,0.014609093172221574
8826489829259520138,2021-08,0.0011864803713015817
8826489829259520138,2021-08,0.001288684977309297
8826489829259520138,2021-08,0.0012604024964901182
8826489829259520138,2021-09,0.0011346254133678792
8826489829259520138,2021-09,0.001205320681183603
3382624494518753363,2021-08,0.5007975558877619
3382624494518753363,2021-09,0.2810117252972688
8564920972266217847,2021-08,0.005848784682206866
8564920972266217847,2021-09,0.00587828154719467
5794903898038236832,2021-08,0.010498337111656238
5794903898038236832,2021-08,0.010498337111656238
5794903898038236832,2021-09,0.014525922458757758
3118152790263512426,2021-08,0.0064496773675191835
3118152790263512426,2021-08,0.010324060197453177
3118152790263512426,2021-08,0.018486505220489995
3118152790263512426,2021-08,0.009632878278906179
3118152790263512426,2021-08,0.010157856475258402
3118152790263512426,2021-09,0.007418571416931294
3118152790263512426,2021-09,0.010485655023305713
8348574220426911086,2021-08,0.008068130704481147
8348574220426911086,2021-08,0.009772684573289905
8348574220426911086,2021-08,0.008068130704481147
8348574220426911086,2021-09,0.008438421112914167
8464809590757561185,2021-08,0.00392091118587561
8464809590757561185,2021-08,0.00342769506549856
8464809590757561185,2021-08,0.004135895283979743
8464809590757561185,2021-08,0.00392091118587561
8464809590757561185,2021-08,0.004569773343592148
8464809590757561185,2021-09,0.004215822490857417
7707459425750676368,2021-08,0.03252943341865244
7707459425750676368,2021-08,0.7900252715251822
7707459425750676368,2021-09,0.048277531706519355
2025898153078562640,2021-08,0.009981420685664426
2025898153078562640,2021-08,0.009755676342753344
7910340581026492945,2021-08,0.0034852709018526854
7910340581026492945,2021-08,0.0034852709018526854
7910340581026492945,2021-08,0.0034852709018526854
7910340581026492945,2021-08,0.0023287803376900503
7910340581026492945,2021-09,0.2966223767490241
7910340581026492945,2021-09,0.0023287803376900503
7910340581026492945,2021-09,0.003649426297433998
8505870778358741102,2021-08,0.007989265340242496
8505870778358741102,2021-08,0.00886256354418725
8505870778358741102,2021-09,0.008263010693823769
8505870778358741102,2021-09,0.00910845163277944
6145308913889808258,2021-08,0.04653520999698854
9184785003280841216,2021-08,0.0058434090024757695
9184785003280841216,2021-08,0.0058434090024757695
9184785003280841216,2021-08,0.006271528395360165
9184785003280841216,2021-08,0.006465486487222769
9184785003280841216,2021-08,0.0058434090024757695
9184785003280841216,2021-08,0.0058434090024757695
9184785003280841216,2021-09,0.006510204261006744
9184785003280841216,2021-09,0.0058434090024757695
7177785309735471560,2021-08,0.000810329892842123
7177785309735471560,2021-08,0.0009457056978983008
7177785309735471560,2021-08,0.0008160594612487313
7177785309735471560,2021-09,0.0009214839150877572
7177785309735471560,2021-09,0.04753768295224302
7177785309735471560,2021-09,0.0007951555855122273
7177785309735471560,2021-09,0.0009279986860284906
7177785309735471560,2021-09,0.0007895726676221288
8835646476961190471,2021-08,0.03736567279834025
8835646476961190471,2021-08,0.03384612178628509
8835646476961190471,2021-09,0.031750925662479806
6061850657256270336,2021-08,0.004667401857632121
6061850657256270336,2021-08,0.004667401857632121
6061850657256270336,2021-09,0.011695249223987486
6061850657256270336,2021-09,0.011695249223987486
6061850657256270336,2021-09,0.0062167893616875605
4679462479444735708,2021-08,0.036542729753817255
4679462479444735708,2021-08,0.036542729753817255
4679462479444735708,2021-08,0.036542729753817255
4679462479444735708,2021-08,0.036542729753817255
4679462479444735708,2021-08,0.036542729753817255
4679462479444735708,2021-08,0.010527883371869533
4679462479444735708,2021-08,0.036542729753817255
4679462479444735708,2021-09,0.020975716118469434
4679462479444735708,2021-09,0.036542729753817255
4679462479444735708,2021-09,0.036542729753817255
4679462479444735708,2021-09,0.020975716118469434
7818340804682162328,2021-08,0.014727402897010564
7818340804682162328,2021-08,0.014918357778359766
7818340804682162328,2021-09,0.11021720313685705
7818340804682162328,2021-09,0.010841390418854837
7818340804682162328,2021-09,0.011503977722063614
5757271354816214865,2021-08,0.6961613858295668
5757271354816214865,2021-08,0.6949653752768081
5757271354816214865,2021-09,0.7523154179731734
8784237149961904,2021-08,0.0035169939833453135
8784237149961904,2021-08,0.0030066453902498494
8784237149961904,2021-08,0.0023115965315445314
8784237149961904,2021-08,0.002705285205883348
8784237149961904,2021-08,0.002132435431870737
8784237149961904,2021-09,0.002705285205883348
8784237149961904,2021-09,0.0035169939833453135
4414438591613884911,2021-08,0.006313591072682964
4414438591613884911,2021-08,0.006379497196172418
4414438591613884911,2021-08,0.006712049972267088
4414438591613884911,2021-09,0.006530427825138242
4414438591613884911,2021-09,0.007567616576938025
3970610368027129821,2021-08,0.0011525951817972933
3970610368027129821,2021-09,0.0011071979806489974
3829967475074118757,2021-08,0.29053464021185654
3829967475074118757,2021-08,0.29053464021185654
3829967475074118757,2021-08,0.29053464021185654
3829967475074118757,2021-08,0.29053464021185654
3829967475074118757,2021-08,0.29053464021185654
3829967475074118757,2021-08,0.27523105508902407
3829967475074118757,2021-09,0.5465933531455672
8889055492416898333,2021-08,0.0242444123012126
8889055492416898333,2021-08,0.011881430061588412
8889055492416898333,2021-09,0.10389605305067176
8889055492416898333,2021-09,0.0879673317808892
8889055492416898333,2021-09,0.02574557212525363
7436628409157313756,2021-08,0.01418265785580508
7436628409157313756,2021-08,0.01418265785580508
7436628409157313756,2021-09,0.018282070785783876
7436628409157313756,2021-09,0.014336157996453774
2191990606593345695,2021-08,0.018994393945748558
2191990606593345695,2021-08,0.039807399492044405
2191990606593345695,2021-08,0.018994393945748558
3408536439470975134,2021-08,0.0003446629673107913
3408536439470975134,2021-08,0.00035240419470414106
3408536439470975134,2021-08,0.00033803624848968624
3408536439470975134,2021-08,0.0003446629673107913
3408536439470975134,2021-08,0.00033061053593751665
3408536439470975134,2021-09,0.0003378130964706791
3408536439470975134,2021-09,0.00033675532236159624
3408536439470975134,2021-09,0.0003510688430094378
3408536439470975134,2021-09,0.0003510688430094378
3408536439470975134,2021-09,0.0003093011946393303
3408536439470975134,2021-09,0.0003510688430094378
3408536439470975134,2021-09,0.0003510688430094378
3408536439470975134,2021-09,0.0003510688430094378
3408536439470975134,2021-09,0.0003500409400271979
170089315547146305,2021-08,0.06361878227652937
170089315547146305,2021-08,0.09188396753283756
170089315547146305,2021-08,0.09188396753283756
170089315547146305,2021-08,0.09188396753283756
170089315547146305,2021-08,0.06361878227652937
170089315547146305,2021-08,0.06649563009983639
170089315547146305,2021-08,0.06649563009983639
170089315547146305,2021-08,0.06361878227652937
170089315547146305,2021-09,0.07129502040684785
170089315547146305,2021-09,0.06414026997476897
3161361581909316305,2021-08,0.010468274379801641
8535586342375301953,2021-08,0.009896639204710182
8535586342375301953,2021-08,0.004840594052719712
8535586342375301953,2021-08,0.004098868135429589
8535586342375301953,2021-09,0.0036139727514569626
8939476669690489534,2021-08,0.012083800564449671
8939476669690489534,2021-08,0.012083800564449671
8939476669690489534,2021-08,0.012083800564449671
8939476669690489534,2021-09,0.009459921846123735
7457803471605010846,2021-08,0.007816610110371248
7457803471605010846,2021-08,0.0055999018840854715
7457803471605010846,2021-08,0.008342327113114388
7457803471605010846,2021-09,0.009700312765007258
3192341047315717823,2021-08,0.09357977814840282
3192341047315717823,2021-08,0.09947146272138936
3263212305228307743,2021-08,0.001688661936146717
3263212305228307743,2021-08,0.0010668829166624162
3263212305228307743,2021-08,0.0021401071013196498
3263212305228307743,2021-08,0.0011140170104082519
3263212305228307743,2021-08,0.0011140170104082519
3263212305228307743,2021-08,0.0010895637462502326
3263212305228307743,2021-08,0.001688661936146717
3263212305228307743,2021-09,0.0007125539702445546
3263212305228307743,2021-09,0.0007538028477541845
4050525344257805036,2021-08,0.25713524014679423
1292049196559782171,2021-08,0.0016960382436220474
1292049196559782171,2021-08,0.001510732613394391
1292049196559782171,2021-08,0.001510732613394391
1292049196559782171,2021-09,0.0016960382436220474
4956614249204803652,2021-08,0.6126342809444708
4956614249204803652,2021-08,0.011399518760434432
4956614249204803652,2021-08,0.011499588956006026
4956614249204803652,2021-08,0.011499588956006026
4956614249204803652,2021-09,0.02967410674909447
4956614249204803652,2021-09,0.02967410674909447
4956614249204803652,2021-09,0.029420587848145028
5465001651966355821,2021-08,0.05526687892448469
5465001651966355821,2021-08,0.07820170992426428
5465001651966355821,2021-08,0.07129206197168442
5465001651966355821,2021-09,0.04622180427758905
4723919748432185874,2021-08,0.003122749864373212
4723919748432185874,2021-08,0.003122749864373212
4723919748432185874,2021-08,0.0027262478835362136
4723919748432185874,2021-08,0.0030821785588063906
4723919748432185874,2021-09,0.002614973265823363
4723919748432185874,2021-09,0.0022827970845218084
4723919748432185874,2021-09,0.0023328075110210737
4723919748432185874,2021-09,0.0026308433315671647
8173830874846355280,2021-08,0.0015083023579463394
8173830874846355280,2021-08,0.0015083023579463394
8173830874846355280,2021-08,0.0015083023579463394
8173830874846355280,2021-08,0.0015083023579463394
8173830874846355280,2021-08,0.001664351407501339
8173830874846355280,2021-08,0.001664351407501339
8173830874846355280,2021-08,0.0019145002571681322
8173830874846355280,2021-08,0.0015083023579463394
8173830874846355280,2021-08,0.0017350380935986494
8173830874846355280,2021-08,0.0015083023579463394
8173830874846355280,2021-08,0.001664351407501339
8173830874846355280,2021-08,0.0015083023579463394
8173830874846355280,2021-09,0.0015083023579463394
8173830874846355280,2021-09,0.001664351407501339
8173830874846355280,2021-09,0.0015083023579463394
8173830874846355280,2021-09,0.0015083023579463394
8173830874846355280,2021-09,0.0015083023579463394
8173830874846355280,2021-09,0.0015083023579463394
8173830874846355280,2021-09,0.0017350380935986494
8173830874846355280,2021-09,0.001664351407501339
8173830874846355280,2021-09,0.001664351407501339
8173830874846355280,2021-09,0.0015083023579463394
4489904752023469353,2021-08,0.07244221660433339
4489904752023469353,2021-08,0.06890477111073434
4489904752023469353,2021-09,0.07244221660433339
4489904752023469353,2021-09,0.07244221660433339
1658487213084590146,2021-08,0.17527249925911717
2290083177086946553,2021-08,0.01490528974997741
2290083177086946553,2021-08,0.019884702305460602
2290083177086946553,2021-09,0.013780301544803704
2290083177086946553,2021-09,0.01597276479431935
1253437108265925705,2021-08,0.0013350114001236773
1253437108265925705,2021-09,0.0011079377886152007
5122095358293179297,2021-08,0.5726027577592729
5122095358293179297,2021-08,0.5248940868340168
5122095358293179297,2021-08,0.11720183183155428
5122095358293179297,2021-08,0.003024984507810741
5122095358293179297,2021-08,0.004926909387935247
7708030042671632236,2021-08,0.003421461643900452
8376902089871279815,2021-08,0.001735505877468165
8376902089871279815,2021-09,0.0016974510071261638
8376902089871279815,2021-09,0.0016974510071261638
8343941262792249232,2021-08,0.012953398195900382
8343941262792249232,2021-08,0.013080088979783442
8343941262792249232,2021-08,0.016207825457834356
8343941262792249232,2021-09,0.015067709768322304
8343941262792249232,2021-09,0.014095198037951232
4717717003637613480,2021-08,0.004027360249740563
4717717003637613480,2021-08,0.003977063984106511
4717717003637613480,2021-08,0.004027360249740563
4717717003637613480,2021-08,0.004027360249740563
4717717003637613480,2021-09,0.004738656498151748
2408009918678280470,2021-08,0.008133165825269642
2408009918678280470,2021-08,0.008067285623557565
2408009918678280470,2021-09,0.007874962638627749
2408009918678280470,2021-09,0.02257396040946847
2408009918678280470,2021-09,0.03316140312899655
2408009918678280470,2021-09,0.007874962638627749
2408009918678280470,2021-09,0.007874962638627749
2408009918678280470,2021-09,0.03316140312899655
2408009918678280470,2021-09,0.03316140312899655
2408009918678280470,2021-09,0.007874962638627749
2408009918678280470,2021-09,0.007874962638627749
6276792736652545216,2021-08,0.005973620603206813
6276792736652545216,2021-09,0.005483566889771149
6276792736652545216,2021-09,0.003221484341241166
6276792736652545216,2021-09,0.003221484341241166
6276792736652545216,2021-09,0.005851932239619615
3750579377644235511,2021-08,0.1341265837452177
3750579377644235511,2021-08,0.10859371952334239
69766362497027920,2021-08,0.033032169661725376
69766362497027920,2021-09,0.032375083467140256
69766362497027920,2021-09,0.032375083467140256
69766362497027920,2021-09,0.035784233375774493
7325545718770538459,2021-08,0.0011561854721358071
7325545718770538459,2021-08,0.0011561854721358071
7325545718770538459,2021-08,0.0011561854721358071
7325545718770538459,2021-08,0.0011561854721358071
7325545718770538459,2021-08,0.0011561854721358071
7325545718770538459,2021-08,0.0011561854721358071
7325545718770538459,2021-08,0.0011561854721358071
7325545718770538459,2021-08,0.0011561854721358071
7325545718770538459,2021-09,0.0011561854721358071
7325545718770538459,2021-09,0.0011067937079414954
7325545718770538459,2021-09,0.0011067937079414954
7325545718770538459,2021-09,0.0011561854721358071
7325545718770538459,2021-09,0.0011561854721358071
7325545718770538459,2021-09,0.0011561854721358071
7325545718770538459,2021-09,0.0011561854721358071
7325545718770538459,2021-09,0.0011561854721358071
7325545718770538459,2021-09,0.0011561854721358071
7325545718770538459,2021-09,0.0011561854721358071
7325545718770538459,2021-09,0.0011561854721358071
7325545718770538459,2021-09,0.0011561854721358071
3997247264680905799,2021-08,0.003372967517781368
3997247264680905799,2021-08,0.0031506641578573366
3997247264680905799,2021-08,0.0031506641578573366
3997247264680905799,2021-08,0.004002179003786211
3997247264680905799,2021-09,0.0038328578767973308
3997247264680905799,2021-09,0.004114283153649492
3997247264680905799,2021-09,0.004025891138156561
7710364735942975505,2021-08,0.003836807358539896
7710364735942975505,2021-08,0.003937758660463552
7710364735942975505,2021-09,0.0047135329671966495
6100972975033180377,2021-08,0.003769274487155706
6100972975033180377,2021-09,0.003418452593606213
1276604410881911401,2021-08,0.015529166654953014
1276604410881911401,2021-08,0.012290063475364167
1276604410881911401,2021-08,0.015529166654953014
1276604410881911401,2021-08,0.015529166654953014
1276604410881911401,2021-08,0.012290063475364167
1276604410881911401,2021-08,0.015529166654953014
1276604410881911401,2021-08,0.01336737640261025
1276604410881911401,2021-08,0.015529166654953014
1276604410881911401,2021-08,0.015529166654953014
1276604410881911401,2021-08,0.012290063475364167
1276604410881911401,2021-08,0.012290063475364167
1276604410881911401,2021-08,0.015529166654953014
1276604410881911401,2021-09,0.010328765907344384
1276604410881911401,2021-09,0.010328765907344384
1276604410881911401,2021-09,0.011905457447537748
1276604410881911401,2021-09,0.011905457447537748
1276604410881911401,2021-09,0.010328765907344384
1276604410881911401,2021-09,0.011905457447537748
1276604410881911401,2021-09,0.010328765907344384
4661684997487171886,2021-08,0.004877180915687095
4661684997487171886,2021-08,0.003060985508212583
4661684997487171886,2021-09,0.0027996480739341714
4661684997487171886,2021-09,0.004605004839639353
4661684997487171886,2021-09,0.004605004839639353
4661684997487171886,2021-09,0.00446147628482556
7590999900861381526,2021-08,0.006220283639488487
7590999900861381526,2021-09,0.005713066367674136
819552547620904652,2021-08,0.17687239087331186
819552547620904652,2021-08,0.17605019997660168
819552547620904652,2021-08,0.17605019997660168
819552547620904652,2021-08,0.17687239087331186
3156852928909455203,2021-08,0.004942550422871382
3156852928909455203,2021-08,0.004942550422871382
3156852928909455203,2021-09,0.004808577575719697
2598475569074240783,2021-08,0.009204980365003683
6030285068945261052,2021-08,0.0015559180771492263
6030285068945261052,2021-08,0.0014300051277740633
6030285068945261052,2021-08,0.0013895886569285493
6030285068945261052,2021-08,0.0015559995191246911
6030285068945261052,2021-09,0.0015410325016720894
6030285068945261052,2021-09,0.0014456481698422437
6030285068945261052,2021-09,0.0013286469576815117
8843432852270832388,2021-08,0.007866266202739055
8843432852270832388,2021-09,0.008207791855765884
1033361676287635885,2021-08,0.022052545144559284
1033361676287635885,2021-08,0.022052545144559284
1033361676287635885,2021-08,0.022052545144559284
1033361676287635885,2021-09,0.020318417113525507
1033361676287635885,2021-09,0.020318417113525507
1956406515279457110,2021-08,0.02956827026411005
1956406515279457110,2021-08,0.024982628775267465
1956406515279457110,2021-08,0.02956827026411005
1956406515279457110,2021-08,0.024982628775267465
1956406515279457110,2021-09,0.021241173046923897
1956406515279457110,2021-09,0.021241173046923897
1956406515279457110,2021-09,0.017263395667413837
4795152981525833467,2021-08,0.0032758912166885403
4795152981525833467,2021-08,0.0033309622958907718
4795152981525833467,2021-08,0.0030849500175718814
4795152981525833467,2021-08,0.0019813641874245435
4795152981525833467,2021-09,0.0033309622958907718
4795152981525833467,2021-09,0.0033864892580880985
4795152981525833467,2021-09,0.0033864892580880985
314309872114206760,2021-08,0.039539397499107246
314309872114206760,2021-08,0.039539397499107246
314309872114206760,2021-08,0.039539397499107246
314309872114206760,2021-08,0.039915597556610935
314309872114206760,2021-09,0.03750731148512869
314309872114206760,2021-09,0.03859096179796075
314309872114206760,2021-09,0.03750731148512869
314309872114206760,2021-09,0.03750731148512869
314309872114206760,2021-09,0.03750731148512869
2407532237672094312,2021-08,0.02270774422778949
2407532237672094312,2021-08,0.032456784038645076
792560389712312178,2021-08,0.0009132486591156537
792560389712312178,2021-08,0.0013984264694838387
792560389712312178,2021-09,0.0009337485527740328
792560389712312178,2021-09,0.0009132486591156537
6238903426443761049,2021-08,0.014434973427025424
6238903426443761049,2021-08,0.014434973427025424
6238903426443761049,2021-08,0.014434973427025424
6238903426443761049,2021-08,0.01112019076113547
6238903426443761049,2021-08,0.012188877007881873
6238903426443761049,2021-09,0.05338891919883364
6238903426443761049,2021-09,0.01112019076113547
6238903426443761049,2021-09,0.01112019076113547
6238903426443761049,2021-09,0.02054404435428925
531805620371082364,2021-08,0.008724546778578535
531805620371082364,2021-09,0.2191596902202392
2771214050521171719,2021-08,0.0009651125273419341
2771214050521171719,2021-08,0.0008722094833132455
2771214050521171719,2021-09,0.0012644288149583408
4995217181024687397,2021-08,0.03280053792990275
4995217181024687397,2021-08,0.006048602207781295
4995217181024687397,2021-09,0.005649314867525129
4995217181024687397,2021-09,0.006053333331299216
4995217181024687397,2021-09,0.006053333331299216
4995217181024687397,2021-09,0.006053333331299216
4995217181024687397,2021-09,0.006053333331299216
8107542605807471599,2021-08,0.8328707015044844
8107542605807471599,2021-09,0.8301328498527761
7908414709866823255,2021-08,0.006077075335529407
7908414709866823255,2021-08,0.006077075335529407
7908414709866823255,2021-08,0.004489372601546688
7908414709866823255,2021-08,0.006077075335529407
7908414709866823255,2021-08,0.006077075335529407
7908414709866823255,2021-08,0.006252712375730514
7908414709866823255,2021-09,0.006082338931768978
7908414709866823255,2021-09,0.004493267242205258
7908414709866823255,2021-09,0.006496232960571617
6349142675790687765,2021-08,0.3043519993328449
6349142675790687765,2021-08,0.37680362294466946
6349142675790687765,2021-08,0.3043519993328449
6349142675790687765,2021-08,0.37680362294466946
6349142675790687765,2021-08,0.5159971415093969
6349142675790687765,2021-08,0.3043519993328449
6349142675790687765,2021-08,0.3043519993328449
6349142675790687765,2021-09,0.32652545458095644
6349142675790687765,2021-09,0.4266156890115067
7911162482760986289,2021-08,0.17253364382455294
7911162482760986289,2021-09,0.15720843126066314
6817075905797098547,2021-08,0.005523282811665315
6817075905797098547,2021-08,0.006226908673730062
6471448246085839373,2021-08,0.0018141915772776312
6471448246085839373,2021-08,0.001964961854623169
6471448246085839373,2021-08,0.001964961854623169
6471448246085839373,2021-09,0.002027834434273856
4863405965754103821,2021-08,0.013217918832366572
4863405965754103821,2021-08,0.013217918832366572
4863405965754103821,2021-09,0.021860537171763766
4863405965754103821,2021-09,0.014776888803674148
2022367282554149730,2021-08,0.0018712700721210623
2022367282554149730,2021-08,0.0017636109135297081
2022367282554149730,2021-08,0.0017636109135297081
2022367282554149730,2021-08,0.0018712700721210623
2022367282554149730,2021-08,0.0018712700721210623
2022367282554149730,2021-09,0.0018712700721210623
2022367282554149730,2021-09,0.0017636109135297081
5067621068959932809,2021-08,0.07401094668254822
5067621068959932809,2021-08,0.07439962333564189
5067621068959932809,2021-08,0.11600413418074747
5067621068959932809,2021-09,0.04856150408008989
5067621068959932809,2021-09,0.04856150408008989
5067621068959932809,2021-09,0.04856150408008989
5067621068959932809,2021-09,0.11600413418074747
5067621068959932809,2021-09,0.04830076644990598
5067621068959932809,2021-09,0.04856150408008989
8123515208041701633,2021-08,0.01711743036354694
8123515208041701633,2021-08,0.016877103986759293
8123515208041701633,2021-08,0.016877103986759293
5974858472822751652,2021-08,0.010547672483075045
5974858472822751652,2021-09,0.006446799055217647
5974858472822751652,2021-09,0.006446799055217647
6715993871935527857,2021-08,0.13429145271458554
6715993871935527857,2021-08,0.13429145271458554
1553628056929342565,2021-08,0.04426472215459901
1553628056929342565,2021-08,0.05563654573625235
1553628056929342565,2021-09,0.008929051591365483
7403979270048469991,2021-08,0.003839736536663264
7403979270048469991,2021-08,0.003839736536663264
7403979270048469991,2021-09,0.0038199821209070842
7403979270048469991,2021-09,0.003839736536663264
7403979270048469991,2021-09,0.0037273483311363494
2083323809219952960,2021-08,0.0022675265166118203
2083323809219952960,2021-08,0.0025730498569418755
2083323809219952960,2021-08,0.0036901072473166084
2083323809219952960,2021-08,0.0025730498569418755
2083323809219952960,2021-08,0.0034417020452049848
2083323809219952960,2021-08,0.003234514895099289
2083323809219952960,2021-09,0.00412578418360336
2083323809219952960,2021-09,0.00412578418360336
2083323809219952960,2021-09,0.0030166857265313844
2083323809219952960,2021-09,0.003655880702057626
2083323809219952960,2021-09,0.003655880702057626
4166581859919473627,2021-08,0.018843261295522124
4166581859919473627,2021-08,0.012156410949105863
4166581859919473627,2021-08,0.013647952184491599
4166581859919473627,2021-08,0.021137695538504236
7215093571368368138,2021-08,0.3681766088928345
7215093571368368138,2021-08,0.279180406174475
7215093571368368138,2021-08,0.3708059944391799
7215093571368368138,2021-08,0.3681766088928345
7215093571368368138,2021-09,0.4261434261228098
7215093571368368138,2021-09,0.4261434261228098
7215093571368368138,2021-09,0.42890576572936817
7215093571368368138,2021-09,0.42890576572936817
7957786135641291906,2021-08,0.6635057490389743
7957786135641291906,2021-08,0.7293272933979442
4008627434689715639,2021-08,0.1876632129789107
4008627434689715639,2021-08,0.2672928992098315
4008627434689715639,2021-08,0.1752038590379491
4008627434689715639,2021-09,0.1752038590379491
4008627434689715639,2021-09,0.15653478331324186
4008627434689715639,2021-09,0.1356171940917784
4008627434689715639,2021-09,0.20618806464023523
4008627434689715639,2021-09,0.15341896307938588
1003144834589372198,2021-08,0.0018473275212932522
1003144834589372198,2021-08,0.0019630240727400304
1003144834589372198,2021-08,0.0018040781556571304
1003144834589372198,2021-09,0.0020716486139327806
1003144834589372198,2021-09,0.0019161366088713925
1003144834589372198,2021-09,0.002102830188799067
1003144834589372198,2021-09,0.0018724354952420878
226405871752897670,2021-08,0.0061620424990790216
226405871752897670,2021-08,0.0061620424990790216
226405871752897670,2021-08,0.0073557294818064395
226405871752897670,2021-08,0.010611135493064089
226405871752897670,2021-09,0.0073557294818064395
226405871752897670,2021-09,0.0055696827372218385
8013668117699219722,2021-08,0.016971037824102107
8013668117699219722,2021-08,0.011274022150179754
8013668117699219722,2021-08,0.042631955436555444
8013668117699219722,2021-09,0.012557361477496054
8013668117699219722,2021-09,0.012557361477496054
2943087245123311166,2021-08,0.010712701566648485
2943087245123311166,2021-08,0.014344118602340212
2943087245123311166,2021-08,0.043221395462913065
2943087245123311166,2021-09,0.01214119444029008
2214132103234633622,2021-08,0.006205617079668333
2214132103234633622,2021-09,0.00529415030145527
2214132103234633622,2021-09,0.005903093380916972
2214132103234633622,2021-09,0.00529415030145527
2214132103234633622,2021-09,0.00590633785710239
2214132103234633622,2021-09,0.00590633785710239
1953058402621337677,2021-08,0.0034335459725286944
1953058402621337677,2021-08,0.002239283325773105
1953058402621337677,2021-09,0.002810789475636921
6486277549325701534,2021-08,0.004590122805970916
6486277549325701534,2021-08,0.004590122805970916
6486277549325701534,2021-09,0.004509210240029609
6486277549325701534,2021-09,0.004509210240029609
6486277549325701534,2021-09,0.004509210240029609
6486277549325701534,2021-09,0.005784273545694986
4850936440093751199,2021-08,0.00525547857441208
4850936440093751199,2021-08,0.005376807885506569
4850936440093751199,2021-08,0.005376807885506569
4820852183212661131,2021-08,0.021296065195366216
4820852183212661131,2021-08,0.013496126206307097
4820852183212661131,2021-09,0.01247930189706457
4820852183212661131,2021-09,0.4560378516100001
4820852183212661131,2021-09,0.011138087709833855
8729164666041467296,2021-08,0.003531834119218844
8729164666041467296,2021-08,0.004916947587906763
924957821424248698,2021-08,0.0015368030845677822
924957821424248698,2021-08,0.0015368030845677822
924957821424248698,2021-09,0.0013089519962652411
7787306805605072964,2021-08,0.6502713316125149
2532435113844289043,2021-08,0.0018996778724380292
2532435113844289043,2021-08,0.001578597284689489
2532435113844289043,2021-08,0.0027575566614730347
2532435113844289043,2021-08,0.0028371099233955666
2532435113844289043,2021-08,0.0027575566614730347
2532435113844289043,2021-08,0.001578597284689489
2532435113844289043,2021-08,0.0027575566614730347
2532435113844289043,2021-09,0.0031497904170955404
2532435113844289043,2021-09,0.0031497904170955404
2532435113844289043,2021-09,0.0019966284396787546
2532435113844289043,2021-09,0.0027575566614730347
2532435113844289043,2021-09,0.0028371099233955666
2532435113844289043,2021-09,0.0019966284396787546
2532435113844289043,2021-09,0.0027575566614730347
2532435113844289043,2021-09,0.00725023037602784
2532435113844289043,2021-09,0.0019966284396787546
2532435113844289043,2021-09,0.0027575566614730347
2532435113844289043,2021-09,0.0018742978464133101
2532435113844289043,2021-09,0.0019966284396787546
3931892303497206092,2021-08,0.02139110300600465
3931892303497206092,2021-08,0.022501883286728367
3931892303497206092,2021-08,0.016340725204629897
3931892303497206092,2021-09,0.015884766402711525
3931892303497206092,2021-09,0.008920005661367832
324916756972236008,2021-08,0.04142665971444765
324916756972236008,2021-08,0.05855069423113256
324916756972236008,2021-09,0.05855069423113256
324916756972236008,2021-09,0.03976213365502528
324916756972236008,2021-09,0.03976213365502528
3634047863995720708,2021-08,0.001920863785365672
7442192566700924647,2021-08,0.0008841885664331273
5613825020130267729,2021-08,0.0020340206249247774
5613825020130267729,2021-08,0.0020340206249247774
5613825020130267729,2021-09,0.002221063371075576
5613825020130267729,2021-09,0.0022863991300170286
6098833389547425063,2021-08,0.011552406652192362
6098833389547425063,2021-08,0.008670125735551931
6098833389547425063,2021-08,0.008670125735551931
6098833389547425063,2021-09,0.006673400571629734
3660744270380078352,2021-08,0.058087561963274116
3660744270380078352,2021-08,0.05544955310346297
3660744270380078352,2021-08,0.058087561963274116
3660744270380078352,2021-08,0.05544955310346297
3660744270380078352,2021-09,0.061435212950999095
3660744270380078352,2021-09,0.03559422638752115
3660744270380078352,2021-09,0.06311169459162395
3660744270380078352,2021-09,0.03754196688877059
1454789421854453615,2021-08,0.011485812121785932
1454789421854453615,2021-08,0.010628467692055565
1454789421854453615,2021-08,0.008320800325875425
1454789421854453615,2021-09,0.05661785504370181
1454789421854453615,2021-09,0.011485812121785932
1454789421854453615,2021-09,0.011485812121785932
1454789421854453615,2021-09,0.011485812121785932
1454789421854453615,2021-09,0.011485812121785932
1454789421854453615,2021-09,0.01034748634705531
2128970218770090704,2021-08,0.0029454709501000238
2128970218770090704,2021-09,0.0032297988092487343
2128970218770090704,2021-09,0.0032297988092487343
2128970218770090704,2021-09,0.0032297988092487343
2128970218770090704,2021-09,0.003187841152834554
2128970218770090704,2021-09,0.003604099882085388
3807130563335796378,2021-08,0.035116953199503455
3807130563335796378,2021-08,0.035116953199503455
968199235777440720,2021-08,0.002816100818064684
968199235777440720,2021-08,0.002816100818064684
968199235777440720,2021-08,0.003233181227989014
968199235777440720,2021-08,0.00285085255974648
968199235777440720,2021-08,0.003273063004766672
968199235777440720,2021-09,0.004099876819865834
968199235777440720,2021-09,0.004099876819865834
968199235777440720,2021-09,0.004871949525134456
968199235777440720,2021-09,0.004099876819865834
968199235777440720,2021-09,0.004150404901977024
968199235777440720,2021-09,0.004871949525134456
968199235777440720,2021-09,0.0038310070529069123
8609938720215175911,2021-08,0.008731321364079215
8609938720215175911,2021-08,0.009117859409848274
8609938720215175911,2021-08,0.009117859409848274
8609938720215175911,2021-08,0.011441918596547742
8609938720215175911,2021-09,0.009267950724253746
8609938720215175911,2021-09,0.00887510677217722
8609938720215175911,2021-09,0.011257020640453332
988707525807573448,2021-08,0.002274786992955332
2903869860445366876,2021-08,0.0044287705757534825
2903869860445366876,2021-08,0.005058885627931577
2903869860445366876,2021-08,0.004780479072564466
2903869860445366876,2021-08,0.004706574623610748
2903869860445366876,2021-08,0.004455599258885227
6969348581033924947,2021-08,0.002637074224725805
6969348581033924947,2021-08,0.0026785700353717697
6969348581033924947,2021-08,0.003051588469185976
6969348581033924947,2021-08,0.002637074224725805
6969348581033924947,2021-08,0.002560256122717903
6969348581033924947,2021-08,0.0026785700353717697
6969348581033924947,2021-08,0.0026785700353717697
6969348581033924947,2021-09,0.002691042057956457
6969348581033924947,2021-09,0.0029737317909621893
6969348581033924947,2021-09,0.002610205442632606
6969348581033924947,2021-09,0.002691042057956457
6969348581033924947,2021-09,0.002610205442632606
3536704882799524586,2021-08,0.008089639636848634
3536704882799524586,2021-08,0.01027695458926004
3631603567749349715,2021-08,0.0011643297135583092
3631603567749349715,2021-08,0.0014690195050266763
5029701292539093910,2021-08,0.022682018430099024
5029701292539093910,2021-08,0.018383154725256513
5029701292539093910,2021-09,0.018383154725256513
8332840690177201182,2021-08,0.48582885168067413
2302464746243069589,2021-08,0.0035069960745169825
2302464746243069589,2021-08,0.0031998825856588346
2302464746243069589,2021-09,0.005784780698681601
6964108750473070287,2021-08,0.004791071507434173
6964108750473070287,2021-08,0.005013815856003569
6964108750473070287,2021-08,0.005013815856003569
6964108750473070287,2021-08,0.004791071507434173
6964108750473070287,2021-08,0.004223295940955405
6964108750473070287,2021-08,0.004791071507434173
6964108750473070287,2021-08,0.004791071507434173
6964108750473070287,2021-08,0.005013815856003569
6964108750473070287,2021-08,0.004127326745185462
6964108750473070287,2021-08,0.004791071507434173
6964108750473070287,2021-08,0.0039438095590442115
6964108750473070287,2021-08,0.004791071507434173
6964108750473070287,2021-08,0.004791071507434173
6964108750473070287,2021-08,0.004791071507434173
6964108750473070287,2021-09,0.004096110746296465
6964108750473070287,2021-09,0.004534022132639769
6964108750473070287,2021-09,0.004975928620009958
6964108750473070287,2021-09,0.004975928620009958
6964108750473070287,2021-09,0.015304729019200014
6964108750473070287,2021-09,0.004234060160295627
6964108750473070287,2021-09,0.004709222994307721
6964108750473070287,2021-09,0.005143355640729083
6964108750473070287,2021-09,0.004975928620009958
6964108750473070287,2021-09,0.004975928620009958
6964108750473070287,2021-09,0.004096110746296465
6964108750473070287,2021-09,0.004975928620009958
6964108750473070287,2021-09,0.004975928620009958
6964108750473070287,2021-09,0.004234060160295627
6964108750473070287,2021-09,0.005143355640729083
6964108750473070287,2021-09,0.004234060160295627
6964108750473070287,2021-09,0.004096110746296465
6964108750473070287,2021-09,0.004975928620009958
6964108750473070287,2021-09,0.004975928620009958
6964108750473070287,2021-09,0.004975928620009958
6964108750473070287,2021-09,0.004096110746296465
6964108750473070287,2021-09,0.004096110746296465
3960251564708868781,2021-08,0.006387178345728732
3960251564708868781,2021-08,0.01045489738700142
3960251564708868781,2021-09,0.003282785859092906
3960251564708868781,2021-09,0.0053841641213000415
4740535838297269949,2021-08,0.0016659320588772947
4740535838297269949,2021-09,0.0018908700948296322
4740535838297269949,2021-09,0.07418624537211319
4740535838297269949,2021-09,0.0018908700948296322
5440313607363845188,2021-08,0.0020569078366581037
5440313607363845188,2021-08,0.00139445557309539
5440313607363845188,2021-09,0.001529292745204562
5810778736737569699,2021-08,0.054705388421047656
5810778736737569699,2021-08,0.051342502775695256
8185063234515056194,2021-08,0.003026797366490767
8185063234515056194,2021-09,0.0028807803755181993
8185063234515056194,2021-09,0.0028048127751033707
682352428813668634,2021-08,0.0028673337208129186
682352428813668634,2021-08,0.0028673337208129186
682352428813668634,2021-08,0.0028673337208129186
682352428813668634,2021-08,0.0028673337208129186
682352428813668634,2021-08,0.0028673337208129186
682352428813668634,2021-09,0.0028673337208129186
682352428813668634,2021-09,0.0028673337208129186
682352428813668634,2021-09,0.0028673337208129186
682352428813668634,2021-09,0.0028673337208129186
682352428813668634,2021-09,0.0028673337208129186
682352428813668634,2021-09,0.0028673337208129186
682352428813668634,2021-09,0.0028673337208129186
696014079855281037,2021-08,0.06201275713560976
696014079855281037,2021-09,0.05795818094120894
696014079855281037,2021-09,0.05795818094120894
696014079855281037,2021-09,0.06201275713560976
696014079855281037,2021-09,0.08149254523481916
6842075380768862290,2021-08,0.011442135513946647
6842075380768862290,2021-08,0.011852328951365006
1117184216453911295,2021-08,0.016688067878516802
1117184216453911295,2021-08,0.008976956810579606
1117184216453911295,2021-09,0.2636111888468063
3838562409581494430,2021-08,0.0035308179200572907
2346482557594782345,2021-08,0.014757380547827747
2346482557594782345,2021-09,0.018456233282411413
2346482557594782345,2021-09,0.017588439935292275
2346482557594782345,2021-09,0.016880878921509697
2346482557594782345,2021-09,0.016880878921509697
1430896989654626045,2021-08,0.0019035619079435142
1430896989654626045,2021-08,0.0019997886283166805
7696655736121386405,2021-08,0.01257516997275817
2493688222671282470,2021-08,0.007391837727663511
2493688222671282470,2021-08,0.0052808281204519796
2493688222671282470,2021-09,0.0052808281204519796
2493688222671282470,2021-09,0.0052808281204519796
5082813456193598086,2021-08,0.003488073612261134
5082813456193598086,2021-08,0.0031347564183056118
5082813456193598086,2021-09,0.002609460332558255
5082813456193598086,2021-09,0.0036942643758091035
5082813456193598086,2021-09,0.0030307077349776305
7398738404146260251,2021-08,0.04563215338449984
7398738404146260251,2021-09,0.006866976921117892
7398738404146260251,2021-09,0.007240253163797578
7398738404146260251,2021-09,0.007240253163797578
7398738404146260251,2021-09,0.007240253163797578
4556737702757145073,2021-08,0.008339170833797808
4556737702757145073,2021-09,0.019410304517071295
4556737702757145073,2021-09,0.003116079533964309
4556737702757145073,2021-09,0.005026189517736396
4556737702757145073,2021-09,0.005036081093230172
6091519986999196884,2021-08,0.003920536279249825
6091519986999196884,2021-08,0.004510012000522954
6091519986999196884,2021-08,0.016053941514604667
8716163053080758848,2021-08,0.0018089788083556137
8716163053080758848,2021-08,0.0018995111628605688
8716163053080758848,2021-08,0.0018995111628605688
8716163053080758848,2021-08,0.0016442604854230586
8716163053080758848,2021-09,0.0015277392184610548
8716163053080758848,2021-09,0.01858264813801801
8716163053080758848,2021-09,0.0015277392184610548
8716163053080758848,2021-09,0.0015277392184610548
8716163053080758848,2021-09,0.0020663137978431043
8716163053080758848,2021-09,0.001752553473413646
4524147234488547993,2021-08,0.007757856198807359
4524147234488547993,2021-08,0.0072372613372389165
5606267905834401873,2021-08,0.006620192871044137
5606267905834401873,2021-08,0.0060908376299017115
5606267905834401873,2021-08,0.006837986638914181
5606267905834401873,2021-09,0.005797736150082778
5606267905834401873,2021-09,0.0067051207677964395
5606267905834401873,2021-09,0.006242804880277137
6213213514675778388,2021-08,0.012663716857206594
1343530446996409207,2021-08,0.004212026293620004
1343530446996409207,2021-08,0.0022354686450396398
1343530446996409207,2021-08,0.0022354686450396398
1343530446996409207,2021-09,0.004200328695183387
6164364689409425900,2021-08,0.0012964140082761832
3355881107559250653,2021-08,0.0024908769032441335
3355881107559250653,2021-08,0.0026580514439803024
3355881107559250653,2021-08,0.0024963640016445548
3355881107559250653,2021-08,0.0024963640016445548
3355881107559250653,2021-08,0.0024963640016445548
3355881107559250653,2021-08,0.0026580514439803024
3355881107559250653,2021-08,0.0027443926505717974
3355881107559250653,2021-08,0.002577466705115134
3355881107559250653,2021-08,0.0024908769032441335
3355881107559250653,2021-08,0.0027443926505717974
3355881107559250653,2021-09,0.0025353742458940993
3355881107559250653,2021-09,0.0025353742458940993
3355881107559250653,2021-09,0.0025353742458940993
3355881107559250653,2021-09,0.0023811313569574053
3355881107559250653,2021-09,0.0023811313569574053
3355881107559250653,2021-09,0.002455592765171651
3355881107559250653,2021-09,0.002455592765171651
66220087398241662,2021-08,0.007369450249045114
66220087398241662,2021-09,0.00746617074534366
66220087398241662,2021-09,0.00746617074534366
66220087398241662,2021-09,0.00746617074534366
2645324649046215594,2021-08,0.0048338955698016065
2645324649046215594,2021-08,0.007062246969205465
2645324649046215594,2021-08,0.007062246969205465
2645324649046215594,2021-08,0.0048338955698016065
2645324649046215594,2021-09,0.0046732897620284175
2645324649046215594,2021-09,0.0046732897620284175
7330131219998265639,2021-08,0.001177557462941674
7330131219998265639,2021-08,0.001720361290134987
7330131219998265639,2021-09,0.0634515140175187
7330131219998265639,2021-09,0.0027392941390318383
7330131219998265639,2021-09,0.004508899324727784
8080988579391900405,2021-08,0.00593004737364259
8080988579391900405,2021-09,0.0041465491697898794
5999145415800242177,2021-08,0.021773503199564965
5999145415800242177,2021-08,0.015279665757525372
5999145415800242177,2021-09,0.017594753291535464
5999145415800242177,2021-09,0.015279665757525372
7395696797140470088,2021-08,0.0013744853062769636
7395696797140470088,2021-08,0.0015054403585936728
7395696797140470088,2021-08,0.002368538327502129
7395696797140470088,2021-09,0.001723546017795021
7395696797140470088,2021-09,0.001640316806548635
7395696797140470088,2021-09,0.0015604671585804071
7395696797140470088,2021-09,0.0014224105387506346
417157680860985231,2021-08,0.0006143986667980249
417157680860985231,2021-08,0.0009656828778372768
417157680860985231,2021-09,0.0006740620702414274
417157680860985231,2021-09,0.0006782750441790201
417157680860985231,2021-09,0.0010661658807172212
417157680860985231,2021-09,0.0010661658807172212
7485107528960607346,2021-08,0.02788206633626776
7485107528960607346,2021-08,0.0307727609566926
7485107528960607346,2021-09,0.03574113735128265
7485107528960607346,2021-09,0.23627880086055497
7485107528960607346,2021-09,0.02822539129424373
8350724667410677464,2021-08,0.011818866776924694
8350724667410677464,2021-08,0.011818866776924694
8350724667410677464,2021-08,0.011818866776924694
8350724667410677464,2021-08,0.011818866776924694
8350724667410677464,2021-09,0.24342931917983235
8350724667410677464,2021-09,0.011298820658431753
5078284853636449041,2021-08,0.011758341957294072
5577659616907513811,2021-08,0.4818061328114018
5577659616907513811,2021-08,0.4818061328114018
5577659616907513811,2021-08,0.484577584728674
5577659616907513811,2021-08,0.4685230876241496
5577659616907513811,2021-09,0.6781720846831711
1299146298565441811,2021-08,0.016035596299641814
3093415403379897112,2021-08,0.00546596066428895
3093415403379897112,2021-08,0.004216012758762914
3093415403379897112,2021-08,0.00546596066428895
3093415403379897112,2021-09,0.004344663547669014
1357573192598249600,2021-08,0.005950776058109306
1357573192598249600,2021-08,0.005950776058109306
1357573192598249600,2021-09,0.005950776058109306
1357573192598249600,2021-09,0.005950776058109306
1357573192598249600,2021-09,0.005950776058109306
4527499691197377217,2021-08,0.006503325024698581
2673576168790933175,2021-08,0.020842499486057747
3140918607946425426,2021-08,0.005505560095342938
3140918607946425426,2021-08,0.005505560095342938
3140918607946425426,2021-09,0.006021081519134187
3140918607946425426,2021-09,0.006787513080005782
2983174282784691273,2021-08,0.0033561853207018408
2983174282784691273,2021-08,0.003816550386854716
2983174282784691273,2021-08,0.0033561853207018408
2983174282784691273,2021-08,0.0219715422325572
2983174282784691273,2021-09,0.003393208331539614
2983174282784691273,2021-09,0.02156833301845772
2983174282784691273,2021-09,0.0178142064744945
7347715771145302549,2021-08,0.002550240611479007
7347715771145302549,2021-08,0.0026965239823275493
7347715771145302549,2021-08,0.0019386070619533283
7347715771145302549,2021-09,0.0019512590028295741
7347715771145302549,2021-09,0.04349726970509
4831939798545673038,2021-08,0.007126141728750761
5409960473983330744,2021-08,0.026738735430763133
5409960473983330744,2021-09,0.5781349833436437
5409960473983330744,2021-09,0.025258968149230496
6916556752218696485,2021-08,0.005425972928487018
6916556752218696485,2021-08,0.005744404403153249
6916556752218696485,2021-08,0.005744404403153249
6916556752218696485,2021-08,0.005384165795261709
6916556752218696485,2021-08,0.00578899244742557
6916556752218696485,2021-08,0.00578899244742557
6916556752218696485,2021-09,0.00806635867939761
6916556752218696485,2021-09,0.00806635867939761
6916556752218696485,2021-09,0.00806635867939761
6916556752218696485,2021-09,0.00806635867939761
6916556752218696485,2021-09,0.010239207425559735
6916556752218696485,2021-09,0.008128822371368917
6916556752218696485,2021-09,0.00806635867939761
6916556752218696485,2021-09,0.00806635867939761
6916556752218696485,2021-09,0.006911095557344662
6916556752218696485,2021-09,0.008128822371368917
6916556752218696485,2021-09,0.00806635867939761
6916556752218696485,2021-09,0.008128822371368917
6916556752218696485,2021-09,0.00806635867939761
6916556752218696485,2021-09,0.008128822371368917
6615694774618628402,2021-08,0.03365498636022636
6615694774618628402,2021-08,0.03524876586046929
6615694774618628402,2021-08,0.046266010061282024
6615694774618628402,2021-09,0.027417057660805995
7692330898726665144,2021-08,0.0039197446528966085
7692330898726665144,2021-08,0.0028490807462577556
7692330898726665144,2021-09,0.004863720848663247
7692330898726665144,2021-09,0.0035361286551289723
7692330898726665144,2021-09,0.0035361286551289723
7646606457278894341,2021-08,0.0047100611485718985
7646606457278894341,2021-08,0.00529695379568092
7646606457278894341,2021-09,0.005454949249740514
3382609338395832683,2021-08,0.023054184439853465
3382609338395832683,2021-08,0.028631753824139447
8067924767167570288,2021-08,0.009165724981628317
8067924767167570288,2021-09,0.010516017468166397
8480109508191086169,2021-08,0.0024954935162905603
8480109508191086169,2021-09,0.04315519217169061
8480109508191086169,2021-09,0.0022905637053376197
2573553293518763494,2021-08,0.005624715004900407
2573553293518763494,2021-08,0.008657174488637821
2573553293518763494,2021-09,0.005624715004900407
2573553293518763494,2021-09,0.009160058438287832
2573553293518763494,2021-09,0.009160058438287832
2573553293518763494,2021-09,0.009327272217380108
2573553293518763494,2021-09,0.011326770940277021
2573553293518763494,2021-09,0.005624715004900407
2573553293518763494,2021-09,0.009327272217380108
2573553293518763494,2021-09,0.009327272217380108
660382477567765256,2021-08,0.011313354080372089
660382477567765256,2021-09,0.010386572639758153
660382477567765256,2021-09,0.010296039266533887
660382477567765256,2021-09,0.010647411954065435
660382477567765256,2021-09,0.006656685733754475
8049805689946244047,2021-08,0.004824519018348577
8049805689946244047,2021-08,0.00601646776847084
8049805689946244047,2021-09,0.005835900664779421
7968118679747232249,2021-08,0.1994316474677375
7968118679747232249,2021-09,0.10679122034495073
459290606780222306,2021-08,0.0010331930259801327
459290606780222306,2021-08,0.0013131830169673397
459290606780222306,2021-08,0.001461299206583362
459290606780222306,2021-08,0.0010697217828595975
459290606780222306,2021-08,0.001461299206583362
459290606780222306,2021-09,0.0015701026459262462
459290606780222306,2021-09,0.0016255830657859517
459290606780222306,2021-09,0.0014144736895297552
459290606780222306,2021-09,0.0012354013631309885
459290606780222306,2021-09,0.0016255830657859517
459290606780222306,2021-09,0.0015701026459262462
6978269497652315763,2021-08,0.03878561825389873
1536087798470875922,2021-08,0.09770405542639744
1536087798470875922,2021-09,0.07329657589415428
1536087798470875922,2021-09,0.0890612941875424
1129657311668961746,2021-08,0.017886459856408774
1129657311668961746,2021-09,0.0229926068132846
1129657311668961746,2021-09,0.018098539534884713
7895753719321668294,2021-08,0.0013050963668783232
7895753719321668294,2021-09,0.0013646228136426557
7895753719321668294,2021-09,0.0011882647349862753
524026009392362402,2021-08,0.005837022373408857
524026009392362402,2021-08,0.005515518894569236
7776069961364493674,2021-08,0.014509259520473368
7776069961364493674,2021-09,0.004254795494097795
4530631557358349711,2021-08,0.00495783585957482
4530631557358349711,2021-08,0.00674396125877964
4530631557358349711,2021-09,0.00495783585957482
1273229638516517354,2021-08,0.015690583561326712
1273229638516517354,2021-08,0.015690583561326712
1273229638516517354,2021-09,0.014384251826486665
187117706370645370,2021-08,0.020059379521712436
187117706370645370,2021-08,0.03178335223294076
187117706370645370,2021-08,0.03178335223294076
187117706370645370,2021-09,0.01784167461728163
187117706370645370,2021-09,0.028064968936040234
187117706370645370,2021-09,0.03834062539187814
187117706370645370,2021-09,0.019393735921607706
187117706370645370,2021-09,0.02896685730044597
187117706370645370,2021-09,0.02978544041759039
187117706370645370,2021-09,0.032191196140704655
4569866309119931805,2021-08,0.008089226782979008
4569866309119931805,2021-09,0.006087588726283213
2382123267535341265,2021-08,0.006486906480930853
2382123267535341265,2021-08,0.007784003026416552
2382123267535341265,2021-08,0.006486906480930853
2382123267535341265,2021-09,0.0074016903075433405
5799279645678609726,2021-08,0.02930198421333645
5799279645678609726,2021-09,0.01870657812133453
5726178124659661019,2021-08,0.0008080328989224241
5726178124659661019,2021-08,0.001445718440392232
5726178124659661019,2021-08,0.0008993075990210734
5726178124659661019,2021-08,0.0009727116130981158
5726178124659661019,2021-08,0.0007652595220366809
5726178124659661019,2021-08,0.0009727116130981158
5726178124659661019,2021-08,0.0007652595220366809
5726178124659661019,2021-08,0.0009727116130981158
5726178124659661019,2021-08,0.0009727116130981158
5726178124659661019,2021-08,0.0009727116130981158
5726178124659661019,2021-09,0.0011833341095610459
5726178124659661019,2021-09,0.0011833341095610459
5726178124659661019,2021-09,0.0011833341095610459
5726178124659661019,2021-09,0.0010940532360242715
5726178124659661019,2021-09,0.0011833341095610459
257162352336759783,2021-08,0.0024000745939417563
257162352336759783,2021-08,0.0024000745939417563
257162352336759783,2021-08,0.0022356414207183348
7269781193318890653,2021-08,0.005193587190896212
835441927760881602,2021-08,0.1868053933138797
835441927760881602,2021-08,0.1868053933138797
835441927760881602,2021-09,0.1592441663928801
835441927760881602,2021-09,0.1592441663928801
835441927760881602,2021-09,0.1592441663928801
5714540197488862003,2021-08,0.20969135027245162
5714540197488862003,2021-09,0.14725691320291437
5714540197488862003,2021-09,0.16173340494242647
7751080728852739823,2021-08,0.0038346505803476217
7751080728852739823,2021-08,0.00212567599095114
7751080728852739823,2021-08,0.002382331285468018
7751080728852739823,2021-09,0.0023035173120919965
5687511145009775604,2021-08,0.030614180240889084
5687511145009775604,2021-09,0.0285215367662656
3204108603682323936,2021-08,0.0020608306414431304
6053752047545474051,2021-08,0.005395431887758771
6053752047545474051,2021-08,0.005131201624817413
6053752047545474051,2021-08,0.0057343882249624705
6053752047545474051,2021-08,0.004645250953373182
6053752047545474051,2021-09,0.00480788475148518
6053752047545474051,2021-09,0.004370389903024539
6053752047545474051,2021-09,0.00480788475148518
6053752047545474051,2021-09,0.0045722961335957065
6053752047545474051,2021-09,0.00480788475148518
6053752047545474051,2021-09,0.005131201624817413
6053752047545474051,2021-09,0.004156149211124969
6053752047545474051,2021-09,0.004370389903024539
8292458529987016717,2021-08,0.007168649972598489
2333404192508932057,2021-08,0.004340419837214165
2333404192508932057,2021-08,0.004145312072045383
2333404192508932057,2021-09,0.005220616229099055
2333404192508932057,2021-09,0.006841146685155807
2333404192508932057,2021-09,0.006841146685155807
2333404192508932057,2021-09,0.006608839742625004
2333404192508932057,2021-09,0.005220616229099055
9156666134024889730,2021-08,0.0025008205964240074
9156666134024889730,2021-08,0.002161902286839204
9156666134024889730,2021-08,0.002161902286839204
9156666134024889730,2021-08,0.002161902286839204
9156666134024889730,2021-09,0.0025597943221459707
9156666134024889730,2021-09,0.1792168341012057
837142477962609471,2021-08,0.00803071898542203
837142477962609471,2021-08,0.007099590283657493
837142477962609471,2021-09,0.007099590283657493
837142477962609471,2021-09,0.005780457624821853
6528158819463595826,2021-08,0.0016631587749227279
6528158819463595826,2021-08,0.0015316908014296536
6528158819463595826,2021-09,0.0016631587749227279
4347826483121154490,2021-08,0.0021542744700897404
4347826483121154490,2021-08,0.0025395169396394235
4347826483121154490,2021-08,0.0021542744700897404
4347826483121154490,2021-08,0.0021542744700897404
4347826483121154490,2021-08,0.0017919297494307506
4347826483121154490,2021-08,0.004894422293417366
4347826483121154490,2021-08,0.0021542744700897404
4347826483121154490,2021-08,0.0021542744700897404
4347826483121154490,2021-09,0.002231145713194046
4347826483121154490,2021-09,0.002231145713194046
4347826483121154490,2021-09,0.002231145713194046
4347826483121154490,2021-09,0.002231145713194046
4347826483121154490,2021-09,0.002231145713194046
4347826483121154490,2021-09,0.002055892045514274
4347826483121154490,2021-09,0.0018558954487029981
4347826483121154490,2021-09,0.006056286812482759
4347826483121154490,2021-09,0.002231145713194046
4347826483121154490,2021-09,0.0027085089311659322
7478791630746523220,2021-08,0.20074869123379874
7478791630746523220,2021-08,0.2032632857685541
7478791630746523220,2021-09,0.2219500851504559
7478791630746523220,2021-09,0.2192679355250013
3045840317107313913,2021-08,0.006211456368409446
3045840317107313913,2021-09,0.007048154935670391
3045840317107313913,2021-09,0.06303022915963266
3045840317107313913,2021-09,0.007048154935670391
2687720147676132707,2021-08,0.006929733196251902
2687720147676132707,2021-08,0.006590640766630438
4980232475645447238,2021-08,0.002932291415771914
4980232475645447238,2021-08,0.002288078259719542
4980232475645447238,2021-09,0.002912637133552473
6759864637454708017,2021-08,0.012986091697940702
6759864637454708017,2021-08,0.013121320133352925
6759864637454708017,2021-08,0.013121320133352925
6759864637454708017,2021-09,0.05186591542088451
6759864637454708017,2021-09,0.05186591542088451
5162636608292907782,2021-08,0.024256212629558908
5162636608292907782,2021-08,0.032202913301795554
5162636608292907782,2021-09,0.028584003188611325
5162636608292907782,2021-09,0.028584003188611325
5162636608292907782,2021-09,0.028584003188611325
8994944800097997361,2021-08,0.009376859642945339
8994944800097997361,2021-08,0.010224726538982874
8994944800097997361,2021-09,0.00897570019335475
8994944800097997361,2021-09,0.008688545437361812
8994944800097997361,2021-09,0.007967038206372633
8994944800097997361,2021-09,0.008230545270214024
8994944800097997361,2021-09,0.00897570019335475
7665801401860589626,2021-08,0.00422497241184259
7665801401860589626,2021-08,0.0037313729348537493
7665801401860589626,2021-09,0.0031214973268062084
49632905576538927,2021-08,0.0009684812111982822
621182491555347581,2021-08,0.02018017514177718
621182491555347581,2021-08,0.02018017514177718
621182491555347581,2021-08,0.01875510351086439
621182491555347581,2021-09,0.01643792271523973
621182491555347581,2021-09,0.014301617280642947
7492389223353246125,2021-08,0.031439388329819594
7492389223353246125,2021-08,0.031439388329819594
7492389223353246125,2021-09,0.029047124336518643
7492389223353246125,2021-09,0.02835610897049159
7492389223353246125,2021-09,0.029047124336518643
8060154314331993193,2021-08,0.00957158349941833
8060154314331993193,2021-08,0.007518683406977573
7930925883736021864,2021-08,0.03900240094497642
7930925883736021864,2021-08,0.03900240094497642
7930925883736021864,2021-08,0.03844914909377091
7930925883736021864,2021-08,0.039920447659131775
7930925883736021864,2021-08,0.03844914909377091
7930925883736021864,2021-09,0.03900240094497642
7930925883736021864,2021-09,0.03592896964830474
7930925883736021864,2021-09,0.037563613867646437
7930925883736021864,2021-09,0.03844914909377091
4724876423989598202,2021-08,0.007086011440505884
4724876423989598202,2021-08,0.007418498289969408
4724876423989598202,2021-08,0.0025083074967992853
4724876423989598202,2021-08,0.004346805721634536
4724876423989598202,2021-09,0.006210574413036979
4724876423989598202,2021-09,0.006502253372839851
4724876423989598202,2021-09,0.002197168677603129
3977861004707764824,2021-08,0.014334497883804852
3977861004707764824,2021-08,0.014951143754459589
3977861004707764824,2021-08,0.015556699101052668
3977861004707764824,2021-08,0.02432990549200848
3977861004707764824,2021-08,0.0233356050531481
3977861004707764824,2021-09,0.017041466728718757
3977861004707764824,2021-09,0.018201417317720552
3977861004707764824,2021-09,0.01745309214584691
3977861004707764824,2021-09,0.018201417317720552
3977861004707764824,2021-09,0.01634003756392197
3977861004707764824,2021-09,0.015704476650166076
3977861004707764824,2021-09,0.016379077366313295
6448234172949059931,2021-08,0.1095301263950065
8287608084245946173,2021-08,0.003446953361802929
8287608084245946173,2021-08,0.0034664426647921195
8287608084245946173,2021-08,0.0022595518514647982
8287608084245946173,2021-09,0.0034279636780171433
8287608084245946173,2021-09,0.0034279636780171433
8287608084245946173,2021-09,0.0034086899745742415
8287608084245946173,2021-09,0.0034086899745742415
8287608084245946173,2021-09,0.0022470889562304394
8229446069655666941,2021-08,0.012852176069971516
8229446069655666941,2021-08,0.7769497195322748
1998941557906036376,2021-08,0.009026551815768127
1998941557906036376,2021-09,0.008996630744666233
1998941557906036376,2021-09,0.008271391234213752
4104959289203999917,2021-08,0.002934158589835018
1036256411320325774,2021-08,0.00922552865467923
1036256411320325774,2021-08,0.027426112113692263
1036256411320325774,2021-08,0.006761633623356152
1036256411320325774,2021-08,0.00922552865467923
1036256411320325774,2021-09,0.009045679686698706
1036256411320325774,2021-09,0.008916125045642436
1036256411320325774,2021-09,0.019537571530695467
1036256411320325774,2021-09,0.008916125045642436
1036256411320325774,2021-09,0.019537571530695467
3543162424793477785,2021-08,0.014064844437642192
3543162424793477785,2021-08,0.014696222825265549
3543162424793477785,2021-09,0.01565052635911514
3543162424793477785,2021-09,0.014361684642000916
5048392903148444335,2021-08,0.015250379033887752
5048392903148444335,2021-08,0.013608007444070007
5048392903148444335,2021-08,0.014596650351114116
5048392903148444335,2021-09,0.013608007444070007
8646472172649019955,2021-08,0.2747566228983262
8646472172649019955,2021-08,0.3253186660571004
8646472172649019955,2021-09,0.19260814189292658
8646472172649019955,2021-09,0.23290767630922743
2012477868296377155,2021-08,0.004052278782078348
2012477868296377155,2021-08,0.0032864396752686344
2929243640075785940,2021-08,0.008105480026083594
2929243640075785940,2021-08,0.008355679401101834
2451708306555441014,2021-08,0.004323034307258159
2451708306555441014,2021-08,0.003347995825830752
2451708306555441014,2021-09,0.003342041205280497
2451708306555441014,2021-09,0.00428377254164031
2451708306555441014,2021-09,0.0034361371355952222
2451708306555441014,2021-09,0.003342041205280497
2250817603281429928,2021-08,0.0023243186893173403
2250817603281429928,2021-08,0.0023243186893173403
2250817603281429928,2021-09,0.001949515614833322
8271604276097280304,2021-08,0.005253201586797142
4593070249039532001,2021-08,0.0007662671758427625
4593070249039532001,2021-08,0.001066794278541497
4593070249039532001,2021-09,0.001066794278541497
5897410907783139228,2021-08,0.0021042844638887517
5897410907783139228,2021-08,0.006109494418953493
5897410907783139228,2021-09,0.005608944629992304
5897410907783139228,2021-09,0.0018749016139235355
2530707686830644666,2021-08,0.006063711318704584
2530707686830644666,2021-09,0.004264346607649321
340285351737204923,2021-08,0.01932475489314285
340285351737204923,2021-09,0.02101338087100422
340285351737204923,2021-09,0.02101338087100422
340285351737204923,2021-09,0.02101338087100422
340285351737204923,2021-09,0.02101338087100422
340285351737204923,2021-09,0.02101338087100422
7067471043900250355,2021-08,0.016274172434311836
7067471043900250355,2021-08,0.7630295704990184
7067471043900250355,2021-08,0.8314154310098003
7067471043900250355,2021-08,0.016274172434311836
7067471043900250355,2021-08,0.016274172434311836
3248432590399829766,2021-08,0.0026483310479677234
3248432590399829766,2021-08,0.002310049567724869
3248432590399829766,2021-08,0.0026483310479677234
7176848230239877915,2021-08,0.0012291293102663732
761746217261797478,2021-08,0.0012305533801850773
761746217261797478,2021-09,0.001167977160421545
761746217261797478,2021-09,0.001211462672237973
761746217261797478,2021-09,0.001231520569448438
7041489327620930099,2021-08,0.009584234593386956
7041489327620930099,2021-09,0.0059013199524566694
5958664040344043635,2021-08,0.003596853072227721
5958664040344043635,2021-09,0.0040974641602155686
4327694790333781288,2021-08,0.0016122564659914822
1078687383992817574,2021-08,0.34691202477309874
1078687383992817574,2021-08,0.35569602011784196
1078687383992817574,2021-08,0.34691202477309874
1078687383992817574,2021-08,0.35569602011784196
1078687383992817574,2021-09,0.18281931598560666
1078687383992817574,2021-09,0.33413584777234073
1078687383992817574,2021-09,0.33413584777234073
1078687383992817574,2021-09,0.32561520724604776
2619109825960703851,2021-08,0.016552522062610993
2619109825960703851,2021-08,0.016552522062610993
2619109825960703851,2021-09,0.016552522062610993
2619109825960703851,2021-09,0.016552522062610993
175003104385133396,2021-08,0.01267101087127069
175003104385133396,2021-09,0.0015193436334177551
2397171153213063761,2021-08,0.005794840172324148
2397171153213063761,2021-08,0.00557259392461775
2397171153213063761,2021-08,0.006269557555125122
2397171153213063761,2021-08,0.005645761393213753
2397171153213063761,2021-09,0.006129708951728198
2397171153213063761,2021-09,0.005894695817002391
2397171153213063761,2021-09,0.2497194513231756
2397171153213063761,2021-09,0.006129708951728198
2397171153213063761,2021-09,0.006129708951728198
5176940320835464459,2021-08,0.001554366715642223
5176940320835464459,2021-08,0.0016002861944240901
5176940320835464459,2021-08,0.001554366715642223
5176940320835464459,2021-08,0.0014041223088869948
5176940320835464459,2021-08,0.0015906561943287542
5176940320835464459,2021-08,0.001141131124160788
5176940320835464459,2021-08,0.0018600288756361288
5176940320835464459,2021-09,0.0013784348433936934
5176940320835464459,2021-09,0.001554366715642223
5176940320835464459,2021-09,0.001554366715642223
5176940320835464459,2021-09,0.001554366715642223
5176940320835464459,2021-09,0.001554366715642223
5176940320835464459,2021-09,0.0016002861944240901
5176940320835464459,2021-09,0.001558031901733018
5176940320835464459,2021-09,0.001554366715642223
5176940320835464459,2021-09,0.001554366715642223
2768068015169423097,2021-08,0.02456467511593628
2768068015169423097,2021-08,0.02456467511593628
7970976988071755401,2021-08,0.04924241302339043
7970976988071755401,2021-08,0.04217269335679807
7970976988071755401,2021-08,0.04924241302339043
7970976988071755401,2021-09,0.03680525895631723
7970976988071755401,2021-09,0.03730791559670653
7930644815080409701,2021-08,0.011023901152695866
7930644815080409701,2021-09,0.010786486099021749
8874257794774679816,2021-08,0.010637366036410762
8874257794774679816,2021-08,0.010637366036410762
8874257794774679816,2021-09,0.006619930197601879
8874257794774679816,2021-09,0.006619930197601879
8874257794774679816,2021-09,0.006619930197601879
8874257794774679816,2021-09,0.005884905286373598
7949169060790541229,2021-08,0.0015153855704632005
7949169060790541229,2021-09,0.00462948359226802
7949169060790541229,2021-09,0.0017184072975214811
4210463673385510745,2021-08,0.02847916017545403
4210463673385510745,2021-08,0.017973841510915717
4210463673385510745,2021-09,0.026083986712829594
4210463673385510745,2021-09,0.03814279597589798
5855956854975734380,2021-08,0.014236574688297777
5753677550753111444,2021-08,0.0006629610178871446
5753677550753111444,2021-08,0.0006629610178871446
5753677550753111444,2021-09,0.001917399772183155
8909740532547211288,2021-08,0.0029018928897118056
8909740532547211288,2021-08,0.002778132649691596
8909740532547211288,2021-09,0.003374618018608978
8909740532547211288,2021-09,0.0029018928897118056
8909740532547211288,2021-09,0.0029018928897118056
345447888460137901,2021-08,0.005957301408895269
345447888460137901,2021-09,0.005305764891539575
6662531979151878793,2021-08,0.00708931566235434
6662531979151878793,2021-09,0.011751359448837167
1616952665234409442,2021-08,0.04058404702825479
1616952665234409442,2021-08,0.11439860768600063
1616952665234409442,2021-08,0.04642815766349916
2808145376905474927,2021-08,0.013434948743745538
2808145376905474927,2021-08,0.01684192901289902
2808145376905474927,2021-09,0.0137079141553186
2808145376905474927,2021-09,0.010927871887463967
7471183491728700531,2021-08,0.13557664137418263
7471183491728700531,2021-08,0.14985945198659834
5373371196946859811,2021-08,0.02098082383174085
5373371196946859811,2021-08,0.02143117994965702
5373371196946859811,2021-08,0.02098082383174085
5373371196946859811,2021-09,0.02353923878403824
5373371196946859811,2021-09,0.017597813322607236
6941381638534728190,2021-08,0.001374070468953318
6941381638534728190,2021-08,0.0012846479365374135
6941381638534728190,2021-09,0.0012728427965302614
8213533889694327948,2021-08,0.0018816844662820707
8213533889694327948,2021-08,0.0017777728812473953
8213533889694327948,2021-08,0.0017777728812473953
8213533889694327948,2021-08,0.0017186520409124488
8213533889694327948,2021-09,0.0018816844662820707
8213533889694327948,2021-09,0.0018816844662820707
8213533889694327948,2021-09,0.0016600005001509916
6020593949794792044,2021-08,0.009182751894180117
6020593949794792044,2021-09,0.04099167046225132
3285246914299291124,2021-08,0.001818335788681337
3285246914299291124,2021-09,0.0017787433497938319
3285246914299291124,2021-09,0.0017787433497938319
3285246914299291124,2021-09,0.0016085254000757715
3285246914299291124,2021-09,0.0017787433497938319
3511416927745338332,2021-08,0.0023673027623659472
3511416927745338332,2021-09,0.002645644149707249
1997130697107291654,2021-08,0.020506817091899294
864510931144626280,2021-08,0.005552563078829939
5726884001073147293,2021-08,0.010281908988217866
8559143756893267192,2021-08,0.12823531631725743
8559143756893267192,2021-08,0.11398978702634241
7085295800541340563,2021-08,0.005524923281545005
7085295800541340563,2021-08,0.0047902196002676456
7085295800541340563,2021-08,0.019434773833086595
7085295800541340563,2021-09,0.06202801962625591
1958660709350677213,2021-08,0.08081543314322004
1958660709350677213,2021-09,0.0823401356465053
1958660709350677213,2021-09,0.07447886225352855
1958660709350677213,2021-09,0.07735100215273832
1958660709350677213,2021-09,0.06359347223116649
312543480920432545,2021-08,0.001103626921003542
312543480920432545,2021-08,0.0009923170535655506
312543480920432545,2021-08,0.0016699979895821366
312543480920432545,2021-08,0.0009375732291013165
312543480920432545,2021-08,0.00091106174422067
312543480920432545,2021-09,0.0009309913052319122
312543480920432545,2021-09,0.0015644250774697673
312543480920432545,2021-09,0.0009725863480508216
312543480920432545,2021-09,0.0009375732291013165
312543480920432545,2021-09,0.0009725863480508216
5786895437851445408,2021-08,0.0625587604823889
6914631631926429447,2021-08,0.01010578250511619
274692171162531764,2021-08,0.01926108567238077
274692171162531764,2021-08,0.02471956297125753
274692171162531764,2021-08,0.022163308365518657
274692171162531764,2021-09,0.0162637835886348
274692171162531764,2021-09,0.0208909369089933
274692171162531764,2021-09,0.0162637835886348
274692171162531764,2021-09,0.0208909369089933
274692171162531764,2021-09,0.0162637835886348
2088532321693492263,2021-08,0.03653738330628621
2088532321693492263,2021-08,0.032123819309126805
2088532321693492263,2021-09,0.6420204619499603
2088532321693492263,2021-09,0.03735845850727569
4335865859049992260,2021-08,0.013632541622571654
4335865859049992260,2021-09,0.016637309698818537
4335865859049992260,2021-09,0.006267837172615993
2209806355660046187,2021-08,0.0031945717587096236
3218226066162129945,2021-08,0.0267448806991513
3218226066162129945,2021-09,0.3333842304500478
3218226066162129945,2021-09,0.3333842304500478
6985631100944640910,2021-08,0.04704098868392688
5358243820364010940,2021-08,0.0019522721134713416
5358243820364010940,2021-08,0.0023669177230196546
5358243820364010940,2021-08,0.0023669177230196546
4588313530969303734,2021-08,0.04205309053858445
4588313530969303734,2021-08,0.04205309053858445
4588313530969303734,2021-09,0.04414561847771568
2033394215069562776,2021-08,0.01518157685679186
2033394215069562776,2021-08,0.01518157685679186
2033394215069562776,2021-09,0.010735563731871326
2033394215069562776,2021-09,0.01358862084740252
662944582644865942,2021-08,0.01776900938284234
662944582644865942,2021-09,0.01469286456914462
662944582644865942,2021-09,0.03725022371876177
662944582644865942,2021-09,0.018260522617261996
662944582644865942,2021-09,0.017028010899161557
662944582644865942,2021-09,0.01469286456914462
4874157215501489741,2021-08,0.005644581626219186
4874157215501489741,2021-08,0.005644581626219186
4874157215501489741,2021-08,0.006135099221632449
4874157215501489741,2021-09,0.007661896392488553
2371917341091102894,2021-08,0.010321787013929325
2819054834565698513,2021-08,0.004949506236636846
2819054834565698513,2021-08,0.004949506236636846
2819054834565698513,2021-09,0.015568410960736218
2819054834565698513,2021-09,0.0051362258738387925
2819054834565698513,2021-09,0.006143863692287898
4675067298171588603,2021-08,0.04700456174939933
4675067298171588603,2021-08,0.08223093996668421
4675067298171588603,2021-08,0.13419599709417399
3118683330911759410,2021-08,0.08673444802621902
3118683330911759410,2021-09,0.0787747501087349
5460280878923715699,2021-08,0.0030984168609657923
5460280878923715699,2021-08,0.002630833542595704
5460280878923715699,2021-09,0.002438732987134189
7268895973869107930,2021-08,0.012823249608477368
7268895973869107930,2021-08,0.012306668426357524
7268895973869107930,2021-09,0.01487253441400608
7268895973869107930,2021-09,0.01487253441400608
1141681690629134039,2021-08,0.006875111413275795
8715120689636420963,2021-08,0.0035043394794252295
940214356651040716,2021-08,0.0958609315672305
940214356651040716,2021-09,0.0935567424338573
940214356651040716,2021-09,0.0935567424338573
295375823203017296,2021-08,0.001910053579689764
295375823203017296,2021-09,0.0019858401187637805
5528372913947954503,2021-08,0.030847100472131735
5528372913947954503,2021-09,0.015975585375698938
9108733472015251498,2021-08,0.0010196987269296693
3591324331706630867,2021-08,0.014386016977990922
3591324331706630867,2021-08,0.014386016977990922
3591324331706630867,2021-09,0.013881173883332917
8603678028264007695,2021-08,0.007169042215151084
8603678028264007695,2021-09,0.014086308173755495
8603678028264007695,2021-09,0.01804531129731116
6858769421191999702,2021-08,0.004124820285574314
6858769421191999702,2021-08,0.0038426770287122132
6858769421191999702,2021-09,0.003557439550697778
6858769421191999702,2021-09,0.003557439550697778
8596605705893456305,2021-08,0.42154589822960226
8596605705893456305,2021-09,0.2417893376027321
8596605705893456305,2021-09,0.5860268777962533
8596605705893456305,2021-09,0.6528824401175503
8596605705893456305,2021-09,0.29117253391071757
8596605705893456305,2021-09,0.2459388544037945
8596605705893456305,2021-09,0.29117253391071757
8596605705893456305,2021-09,0.29117253391071757
5888474320320735000,2021-08,0.804396262803638
5888474320320735000,2021-08,0.8058865712150658
5888474320320735000,2021-09,0.7421923018675523
5888474320320735000,2021-09,0.8161417527082881
5888474320320735000,2021-09,0.8147120761480467
6795467882769787169,2021-08,0.006113001993311661
6795467882769787169,2021-08,0.006113001993311661
6795467882769787169,2021-09,0.016832494825797514
6795467882769787169,2021-09,0.00331124443807612
6795467882769787169,2021-09,0.003692096232397118
6828316696355015040,2021-08,0.005179045758287279
6828316696355015040,2021-08,0.005179045758287279
6828316696355015040,2021-08,0.004625779782785301
6828316696355015040,2021-09,0.005179045758287279
6828316696355015040,2021-09,0.005179045758287279
1477629972594346481,2021-08,0.022063049572748433
1477629972594346481,2021-08,0.01580020040264372
1477629972594346481,2021-09,0.014641590553758512
1543875954928694094,2021-08,0.0019151421853540005
1543875954928694094,2021-08,0.00177504644106954
1543875954928694094,2021-08,0.00226207597173292
1543875954928694094,2021-09,0.0020731144321455165
5477900120643078645,2021-08,0.01493402707786681
5477900120643078645,2021-08,0.014869557857867048
5477900120643078645,2021-08,0.01493402707786681
5432443358006556295,2021-08,0.0032872272314187585
5462970244186515758,2021-08,0.0008991047380133931
5462970244186515758,2021-08,0.0009295344331140659
5462970244186515758,2021-09,0.0009547491516180839
5462970244186515758,2021-09,0.0009870602401005118
5462970244186515758,2021-09,0.0009870602401005118
5462970244186515758,2021-09,0.0009547491516180839
5462970244186515758,2021-09,0.0010021182657364333
665854826624598350,2021-08,0.0060726815316063274
665854826624598350,2021-08,0.0060726815316063274
665854826624598350,2021-08,0.008012306395615855
665854826624598350,2021-08,0.0060726815316063274
665854826624598350,2021-08,0.0060726815316063274
665854826624598350,2021-09,0.012159258188967365
665854826624598350,2021-09,0.00563312107551104
1738460583932152602,2021-08,0.12208453209586348
5864443060004179363,2021-08,0.0013674457421183057
5864443060004179363,2021-08,0.001735148783298404
5864443060004179363,2021-09,0.029919135392263693
5864443060004179363,2021-09,0.005350208631374479
5864443060004179363,2021-09,0.0068375690096610965
5864443060004179363,2021-09,0.0013044558748622917
5864443060004179363,2021-09,0.0013044558748622917
5864443060004179363,2021-09,0.0012736769051389203
2508429106201166689,2021-08,0.0016990403304353839
2508429106201166689,2021-09,0.001075732186813361
2508429106201166689,2021-09,0.0009514340361904123
1272921915900711149,2021-08,0.00616062345470775
1272921915900711149,2021-08,0.003791354550931742
1272921915900711149,2021-09,0.003987935130294566
7719481195372677540,2021-08,0.003046145574764611
7719481195372677540,2021-09,0.0025180073084865133
7719481195372677540,2021-09,0.0032167305063843534
1097345589386012260,2021-08,0.0016656865676501686
5166128847048245697,2021-08,0.0027600510228520353
5166128847048245697,2021-09,0.0027020334371253975
5166128847048245697,2021-09,0.004785351375002559
1192891347324061812,2021-08,0.002493357429240482
1192891347324061812,2021-08,0.002493357429240482
1192891347324061812,2021-08,0.002493357429240482
1192891347324061812,2021-09,0.002347867281436219
1192891347324061812,2021-09,0.002347867281436219
1192891347324061812,2021-09,0.002345496415335662
1192891347324061812,2021-09,0.002347867281436219
1192891347324061812,2021-09,0.002347867281436219
1192891347324061812,2021-09,0.002347867281436219
1192891347324061812,2021-09,0.002347867281436219
1683619849073499603,2021-08,0.006276207256731997
1683619849073499603,2021-08,0.00723716806317239
1683619849073499603,2021-08,0.008210890981907679
1683619849073499603,2021-08,0.006276207256731997
1683619849073499603,2021-09,0.006266438264951881
1683619849073499603,2021-09,0.008198135475179735
1683619849073499603,2021-09,0.006266438264951881
8195468623809753777,2021-08,0.006657658690125065
8195468623809753777,2021-09,0.004162031233270888
5883155883105348987,2021-08,0.05631686347633288
5883155883105348987,2021-08,0.028753313503141593
5883155883105348987,2021-09,0.3472092499628751
5883155883105348987,2021-09,0.04348113358805597
5883155883105348987,2021-09,0.04486613346817861
4571290108043699959,2021-08,0.009963186944911485
4571290108043699959,2021-08,0.008801730733429887
4571290108043699959,2021-09,0.008496729302950628
4571290108043699959,2021-09,0.00930699565378445
4571290108043699959,2021-09,0.011215844097296828
4571290108043699959,2021-09,0.007041851978276545
4571290108043699959,2021-09,0.011215844097296828
4571290108043699959,2021-09,0.009496539484333317
465309249432033993,2021-08,0.00821364623817737
465309249432033993,2021-08,0.015178229192288235
465309249432033993,2021-08,0.00821364623817737
465309249432033993,2021-08,0.009033292794881721
465309249432033993,2021-08,0.019283130250592948
465309249432033993,2021-09,0.16364945200377987
9206030810342980458,2021-08,0.0059784162336478965
9206030810342980458,2021-08,0.010139603607981622
9206030810342980458,2021-08,0.00451457833625121
9206030810342980458,2021-09,0.004292149369911311
9206030810342980458,2021-09,0.004292149369911311
6330043096034525408,2021-08,0.14340791237446915
6330043096034525408,2021-08,0.13803056804469027
6330043096034525408,2021-08,0.133417337471486
6330043096034525408,2021-08,0.133417337471486
6330043096034525408,2021-09,0.21328016166409547
6330043096034525408,2021-09,0.06601382282864958
6330043096034525408,2021-09,0.4556180679618942
6330043096034525408,2021-09,0.06601382282864958
6330043096034525408,2021-09,0.06848058807005084
6330043096034525408,2021-09,0.08542231779251375
3724562776372632620,2021-08,0.006569917752199057
3724562776372632620,2021-09,0.006311539648349524
7142043104834932013,2021-08,0.04891896052302011
7142043104834932013,2021-09,0.03641917685700164
6681781879793693802,2021-08,0.0025513355110313137
7535160686416710323,2021-08,0.0029103759927513284
7535160686416710323,2021-08,0.0028187033501920608
7535160686416710323,2021-08,0.0030974567696016027
7535160686416710323,2021-09,0.002328256130021207
7770458886439606839,2021-08,0.08925732768869339
7770458886439606839,2021-08,0.10221369757102174
7770458886439606839,2021-08,0.05121811851212793
7770458886439606839,2021-09,0.08540650884943154
7770458886439606839,2021-09,0.07636659969515946
7770458886439606839,2021-09,0.0978639682757532
7770458886439606839,2021-09,0.10319078252746046
7770458886439606839,2021-09,0.12971063813492723
7770458886439606839,2021-09,0.11371027409241531
5304536516981778801,2021-08,0.005155164651594422
5304536516981778801,2021-08,0.0020050001969930437
5304536516981778801,2021-08,0.0020050001969930437
5304536516981778801,2021-08,0.0014660762776338798
5304536516981778801,2021-09,0.002095298508594309
5304536516981778801,2021-09,0.00538656979173999
5304536516981778801,2021-09,0.002095298508594309
5304536516981778801,2021-09,0.00538656979173999
3279078057358159966,2021-08,0.04697387250430075
3279078057358159966,2021-08,0.04697387250430075
3279078057358159966,2021-09,0.030097126241661522
6337915293429442229,2021-08,0.008870954730876087
7992317448197179816,2021-08,0.00790463626387556
7992317448197179816,2021-08,0.00790463626387556
7992317448197179816,2021-09,0.009116290179786239
710593997981520423,2021-08,0.010872374929214798
5611787644735474299,2021-08,0.0033993464205523327
5611787644735474299,2021-08,0.002035389341215185
5611787644735474299,2021-08,0.0033993464205523327
5611787644735474299,2021-08,0.002126132400741985
5611787644735474299,2021-08,0.002126132400741985
5611787644735474299,2021-08,0.0033993464205523327
5611787644735474299,2021-09,0.004648019585749458
5611787644735474299,2021-09,0.004648019585749458
5611787644735474299,2021-09,0.0018958237051076977
5611787644735474299,2021-09,0.004450122707282995
5611787644735474299,2021-09,0.004450122707282995
5611787644735474299,2021-09,0.004450122707282995
5611787644735474299,2021-09,0.003031538563945119
5611787644735474299,2021-09,0.004648019585749458
5611787644735474299,2021-09,0.004648019585749458
3822753345985951756,2021-08,0.005551872668486859
3822753345985951756,2021-08,0.005551872668486859
3822753345985951756,2021-08,0.005138886354121648
3822753345985951756,2021-09,0.0052177109248455564
1028630885537616736,2021-08,0.0058833135146720535
6217788509719675691,2021-08,0.006139428772314533
6217788509719675691,2021-09,0.0025482074493643598
6217788509719675691,2021-09,0.03834641117399533
6217788509719675691,2021-09,0.006139428772314533
6217788509719675691,2021-09,0.006139428772314533
6217788509719675691,2021-09,0.006139428772314533
1827463638348028912,2021-08,0.009331852810921923
3095686599956852697,2021-08,0.0032660928580116404
3095686599956852697,2021-08,0.0034465084881061645
2951563549197799278,2021-08,0.003772518438068641
7944852965555666513,2021-08,0.001628090672754431
7944852965555666513,2021-09,0.002124066254214729
7963861799566207637,2021-08,0.000615029320570782
7963861799566207637,2021-08,0.0005573094486366999
7963861799566207637,2021-09,0.0006461171860249294
7963861799566207637,2021-09,0.0006240446017019344
7963861799566207637,2021-09,0.0007054433714281804
2735662700719640627,2021-08,0.0213897624251124
6271697692808086495,2021-08,0.005528507871189007
6271697692808086495,2021-09,0.006078806241028807
6271697692808086495,2021-09,0.006078806241028807
6885171468891031140,2021-08,0.0015147197822610037
6885171468891031140,2021-08,0.0015036059056395676
6885171468891031140,2021-09,0.0015406700157259907
6885171468891031140,2021-09,0.0010402845824647848
6754039979151386401,2021-08,0.0022978915793549866
8609211777002937758,2021-08,0.00338373136245676
8609211777002937758,2021-08,0.003392296373325011
8609211777002937758,2021-09,0.003066407618207884
1044946691507317745,2021-08,0.0034732643732292142
1044946691507317745,2021-08,0.00441693696036976
1044946691507317745,2021-09,0.003553596019259086
1044946691507317745,2021-09,0.003553596019259086
1044946691507317745,2021-09,0.00441693696036976
107343823625119033,2021-08,0.003980278208455273
107343823625119033,2021-09,0.03701911053118424
9052787288251876909,2021-08,0.0011689390527448661
9052787288251876909,2021-09,0.0017038458464590366
8090492548102964782,2021-08,0.05175356664965768
8090492548102964782,2021-09,0.07010930966046217
8196449005061156808,2021-08,0.005217308928126589
8196449005061156808,2021-09,0.0034008776899199654
5635781225931111684,2021-08,0.0038956360492948877
5635781225931111684,2021-09,0.004250401952647953
5635781225931111684,2021-09,0.004306284381241203
5635781225931111684,2021-09,0.004250401952647953
5635781225931111684,2021-09,0.004256659376245383
4071158585850879204,2021-08,0.0172088432643243
4071158585850879204,2021-09,0.04302908299155409
4071158585850879204,2021-09,0.014153979660067914
4071158585850879204,2021-09,0.014153979660067914
1617695035450525647,2021-08,0.0005102428175353272
1617695035450525647,2021-09,0.0005739922708189086
1617695035450525647,2021-09,0.0008929870506289813
1617695035450525647,2021-09,0.000561333781633589
1617695035450525647,2021-09,0.0008522513371126376
1617695035450525647,2021-09,0.000561333781633589
1617695035450525647,2021-09,0.0005491226839917839
1617695035450525647,2021-09,0.0005478002790870539
5986344948775572227,2021-08,0.3060598380168898
1977574645216036803,2021-08,0.2559004350947514
1977574645216036803,2021-09,0.22656741635975958
8918635099296971351,2021-08,0.01732512368706469
2310272650667756227,2021-08,0.48071698467017343
5303720405946805990,2021-08,0.003073179514148821
5303720405946805990,2021-08,0.0012017273922362449
5303720405946805990,2021-08,0.0008497946558962735
5303720405946805990,2021-08,0.002450497186857251
5303720405946805990,2021-08,0.0015023195518908948
5303720405946805990,2021-09,0.0008497946558962735
2763141362035716801,2021-08,0.0035477781634034367
2763141362035716801,2021-09,0.004273020383597927
2763141362035716801,2021-09,0.003958221113852174
3036967290595689189,2021-08,0.00267840738550692
3036967290595689189,2021-08,0.0033079261192746866
3036967290595689189,2021-09,0.003001494345797609
1115703227712697214,2021-08,0.007053266393062019
1115703227712697214,2021-08,0.006452040842292768
1115703227712697214,2021-09,0.007194520647168555
1115703227712697214,2021-09,0.007579827386000787
1115703227712697214,2021-09,0.007579827386000787
7141263195360679278,2021-08,0.034449931464617736
7141263195360679278,2021-08,0.0663296785827309
7141263195360679278,2021-08,0.0663296785827309
6462952350255736003,2021-08,0.004054171537033126
6462952350255736003,2021-08,0.004054171537033126
6462952350255736003,2021-08,0.004054171537033126
6462952350255736003,2021-09,0.00383069918967284
472772897496154354,2021-08,0.007961644652863196
472772897496154354,2021-08,0.007961644652863196
472772897496154354,2021-09,0.0053861255473005056
472772897496154354,2021-09,0.0053861255473005056
8248484932270772248,2021-08,0.05978173364085532
8895896724713458749,2021-08,0.005027143827283968
8895896724713458749,2021-08,0.005027143827283968
8895896724713458749,2021-08,0.005027143827283968
8895896724713458749,2021-08,0.005027143827283968
8895896724713458749,2021-08,0.005027143827283968
8895896724713458749,2021-09,0.003413060556139667
8895896724713458749,2021-09,0.003413060556139667
8895896724713458749,2021-09,0.003413060556139667
5732713959930509093,2021-08,0.032373195352976905
4365965554261111250,2021-08,0.13342722632713125
4365965554261111250,2021-09,0.1704627597860178
4365965554261111250,2021-09,0.15980715610512258
5430917218683822543,2021-08,0.003895550378415043
5430917218683822543,2021-08,0.003895550378415043
5430917218683822543,2021-09,0.005015391141251383
5430917218683822543,2021-09,0.0036478907673307384
717981637594591016,2021-08,0.0007828974597343033
717981637594591016,2021-09,0.000798901026166236
511305041047444825,2021-08,0.01040385643127596
511305041047444825,2021-09,0.1596587501976967
511305041047444825,2021-09,0.01040385643127596
511305041047444825,2021-09,0.01040385643127596
2208316821038817776,2021-08,0.14344463255670653
2201150681962815877,2021-08,0.004969117077980194
2201150681962815877,2021-08,0.004969117077980194
2201150681962815877,2021-09,0.004701051986444079
2201150681962815877,2021-09,0.005216388483878761
3480297543931395935,2021-08,0.09457817686012933
3480297543931395935,2021-08,0.10847794171409889
8915958534285799867,2021-08,0.2321686620542158
652740132671309295,2021-08,0.03961901778795559
652740132671309295,2021-09,0.03877330315247334
7595945751692012281,2021-08,0.006430982742905754
7595945751692012281,2021-08,0.037271907685066934
7595945751692012281,2021-09,0.00901796654158649
7468724002190465812,2021-08,0.00455262330456742
3281617395243454427,2021-08,0.028562962903500695
1551531256789550891,2021-08,0.001469672276658475
1551531256789550891,2021-09,0.0011209336805307164
8570963260597299378,2021-08,0.00170741250439361
8570963260597299378,2021-09,0.0013396479897050256
8570963260597299378,2021-09,0.002997090007895791
8570963260597299378,2021-09,0.0011687313980024564
8570963260597299378,2021-09,0.002997090007895791
8570963260597299378,2021-09,0.0034627834091716563
8570963260597299378,2021-09,0.002997090007895791
7613717984547031729,2021-08,0.0014779358881589577
7613717984547031729,2021-08,0.0014779358881589577
7613717984547031729,2021-09,0.0034772769839362437
7613717984547031729,2021-09,0.0026405170680186465
7613717984547031729,2021-09,0.002332640380568062
7613717984547031729,2021-09,0.003021870194454755
7613717984547031729,2021-09,0.0026405170680186465
3258345688897172820,2021-08,0.07859264349898894
3258345688897172820,2021-09,0.09913293808438944
3258345688897172820,2021-09,0.08232926624242988
3258345688897172820,2021-09,0.08232926624242988
843896882208504179,2021-08,0.3004384876845352
7870373680211625064,2021-08,0.023497151774374725
410843023337872279,2021-08,0.31005694048953925
410843023337872279,2021-09,0.07800978265414105
410843023337872279,2021-09,0.001767362554963146
5225029212547588718,2021-08,0.03764160419477636
5225029212547588718,2021-08,0.0817722359694773
5225029212547588718,2021-09,0.03764160419477636
5225029212547588718,2021-09,0.19069101821260434
5225029212547588718,2021-09,0.0817722359694773
5225029212547588718,2021-09,0.12780775576383477
5225029212547588718,2021-09,0.07861957909333572
5225029212547588718,2021-09,0.07861957909333572
7686361238195690925,2021-08,0.0013501339910663628
7686361238195690925,2021-09,0.02651343929346676
873223039957991123,2021-08,0.007085798192379977
873223039957991123,2021-09,0.00661627816244991
3027683745465216663,2021-08,0.014505789680248455
2003221759676247813,2021-08,0.0021052912293232757
2322847438374159400,2021-08,0.0021681956840210394
2322847438374159400,2021-09,0.001653196015685551
1696462947583294958,2021-08,0.005893390880852612
1696462947583294958,2021-09,0.021903035116637975
6987942592445950913,2021-08,0.0020381623471899158
6987942592445950913,2021-08,0.002911860158874918
6987942592445950913,2021-09,0.0021440360844093512
6987942592445950913,2021-09,0.005409608197590018
8854680481766219396,2021-08,0.22153586187949104
8854680481766219396,2021-08,0.22153586187949104
8854680481766219396,2021-08,0.23303543453102665
8854680481766219396,2021-09,0.20405713103483653
2870813069335519467,2021-08,0.018058576019317575
2870813069335519467,2021-09,0.018058576019317575
1000372849175668062,2021-08,0.0842156309458814
1000372849175668062,2021-08,0.007406025294246694
7031913170099381454,2021-08,0.10818029326517208
7031913170099381454,2021-09,0.15888147242152378
1106971614386004604,2021-08,0.00752606577364103
3472934456083131714,2021-08,0.01234192601646168
3472934456083131714,2021-08,0.003080313018171287
3472934456083131714,2021-09,0.0030143531715258703
2032592272238235730,2021-08,0.006417696418945838
2032592272238235730,2021-09,0.007357185399204926
7637066986811047950,2021-08,0.008408449320997075
7637066986811047950,2021-09,0.008722837227879587
2347028805684088098,2021-08,0.0005629934888022254
2347028805684088098,2021-08,0.0006570113405061745
2347028805684088098,2021-09,0.0043989601592476476
2347028805684088098,2021-09,0.0005629934888022254
2347028805684088098,2021-09,0.0005766801357547964
2347028805684088098,2021-09,0.0005953538461111173
2347028805684088098,2021-09,0.0004695306388008805
2347028805684088098,2021-09,0.0005829079423725075
2347028805684088098,2021-09,0.0006914569718683675
2634859679238614382,2021-08,0.005889996348048671
2634859679238614382,2021-09,0.002098847420064281
2634859679238614382,2021-09,0.0025515580127483894
2634859679238614382,2021-09,0.0034559591315064153
2634859679238614382,2021-09,0.0034559591315064153
2634859679238614382,2021-09,0.002098847420064281
1661240395903230676,2021-08,0.11495006763014992
1661240395903230676,2021-09,0.11393779343217751
1661240395903230676,2021-09,0.11393779343217751
8748106677402909629,2021-08,0.0125651675356579
4495596792165551705,2021-08,0.018642953044390016
6242636379248496392,2021-08,0.004652837922401978
6242636379248496392,2021-08,0.0059489340222933906
6242636379248496392,2021-08,0.005590081813924977
6242636379248496392,2021-09,0.006706883171760695
6242636379248496392,2021-09,0.006284405292630751
2535803443850893368,2021-08,0.045743511541101636
7529137091657891207,2021-08,0.040960624039226276
5136739522477907100,2021-08,0.0018252060829102303
5136739522477907100,2021-08,0.004308504376156796
5136739522477907100,2021-09,0.005370622664149692
5274777191770957761,2021-08,0.13818834049378179
5274777191770957761,2021-09,0.38532920695313616
5274777191770957761,2021-09,0.16996540139865568
5091704914816802802,2021-08,0.03463859527440429
8919892162361650175,2021-08,0.07246216415007578
8919892162361650175,2021-09,0.06038237914394242
8919892162361650175,2021-09,0.06038237914394242
6547872039250784411,2021-08,0.5834671230520855
4465150716052427320,2021-08,0.004296068030086262
4465150716052427320,2021-09,0.37639259297686173
4465150716052427320,2021-09,0.01172211080770122
4465150716052427320,2021-09,0.004411903406463622
4465150716052427320,2021-09,0.0037895719870333143
4465150716052427320,2021-09,0.011275117339812037
4465150716052427320,2021-09,0.011954267364485799
4465150716052427320,2021-09,0.01172211080770122
4183921942053157552,2021-08,0.01628996822063315
4183921942053157552,2021-09,0.015496408234720744
4183921942053157552,2021-09,0.015496408234720744
963687627963462983,2021-08,0.0009195195503206202
2778852475840838977,2021-08,0.019553720332844894
8041261093764417881,2021-08,0.002122585434867934
3538481420098344176,2021-08,0.3349539045615166
8174633018998080168,2021-08,0.008782640196005753
39547025441582855,2021-08,0.00218348243293565
39547025441582855,2021-09,0.004260571653630622
8901696535927078963,2021-08,0.0035958481699464883
8901696535927078963,2021-09,0.003907942225036947
8901696535927078963,2021-09,0.004107251604428653
8901696535927078963,2021-09,0.004107251604428653
8901696535927078963,2021-09,0.004107251604428653
8901696535927078963,2021-09,0.0038902003519617682
6367769402148499693,2021-08,0.007412305766199542
6367769402148499693,2021-09,0.005564106886036075
8503092146854371576,2021-08,0.0007970937914967149
8503092146854371576,2021-09,0.0007970937914967149
8512214463586144353,2021-08,0.008902466202730061
8512214463586144353,2021-09,0.0041681502591624795
8512214463586144353,2021-09,0.010533505959390566
8512214463586144353,2021-09,0.003286275677985493
9175443729335908760,2021-08,0.05988449397767015
3632378524835692731,2021-08,0.0036313714719581574
4018182555897034052,2021-08,0.0013435246498840318
4018182555897034052,2021-08,0.0015620163322820277
4018182555897034052,2021-09,0.0012695940691956375
4018182555897034052,2021-09,0.02244132431082747
6394935036014530592,2021-08,0.004704134007942355
6394935036014530592,2021-09,0.004128258548724921
5078307295214858596,2021-08,0.009779774918207107
903093877129717133,2021-08,0.0010974765430169025
903093877129717133,2021-08,0.0011881594517398296
903093877129717133,2021-08,0.0011881594517398296
903093877129717133,2021-08,0.0011881594517398296
903093877129717133,2021-09,0.0011881594517398296
903093877129717133,2021-09,0.0011374033277830613
903093877129717133,2021-09,0.0011374033277830613
903093877129717133,2021-09,0.0011881594517398296
5042877476420217533,2021-08,0.006862050622824582
5042877476420217533,2021-08,0.005029963539309234
5042877476420217533,2021-09,0.007376993209225615
2006188298374001315,2021-08,0.006401508523645324
2006188298374001315,2021-09,0.007484023471677383
2006188298374001315,2021-09,0.007484023471677383
6926309382371178621,2021-08,0.0018122281012370248
5689766561863956319,2021-08,0.010049337251266883
5689766561863956319,2021-08,0.008563430551517953
5689766561863956319,2021-09,0.008563430551517953
5689766561863956319,2021-09,0.008563430551517953
2773493808492482979,2021-08,0.00576447646718713
2773493808492482979,2021-09,0.002649342540457586
6731795019313479942,2021-08,0.0015342039421284539
7451017400765373278,2021-08,0.002339969094191017
7451017400765373278,2021-09,0.0024129989034140107
3357976326879346012,2021-08,0.05103895742120578
3357976326879346012,2021-09,0.05103895742120578
3357976326879346012,2021-09,0.05103895742120578
6722781660631652440,2021-08,0.004310667319621058
6056959220685085102,2021-08,0.004727349363079677
3281818438120834833,2021-08,0.0016600744619117936
3281818438120834833,2021-09,0.0026888732999986805
6055278873962623670,2021-08,0.004996525300851556
6055278873962623670,2021-08,0.0062044412008626535
8374461419511631785,2021-08,0.004671162596194924
8374461419511631785,2021-09,0.004829868513028359
8374461419511631785,2021-09,0.004829868513028359
5301988619224057921,2021-08,0.6132322845760493
5301988619224057921,2021-09,0.457577149961582
5301988619224057921,2021-09,0.457577149961582
5301988619224057921,2021-09,0.8936314564869711
5301988619224057921,2021-09,0.7818479477703103
5301988619224057921,2021-09,0.41302330284472105
5301988619224057921,2021-09,0.41302330284472105
1235244772550233980,2021-08,0.0015401721327199362
1235244772550233980,2021-08,0.0013820575954910231
1235244772550233980,2021-09,0.001807767397982743
1235244772550233980,2021-09,0.0014274663032529098
2780030912070252968,2021-08,0.22035170090483597
4090195792518021727,2021-08,0.004072725802200882
1778014915038250584,2021-08,0.0952468481136288
1778014915038250584,2021-09,0.15002979015996193
2658946240987854807,2021-08,0.0018516394695860154
2658946240987854807,2021-08,0.0018516394695860154
2658946240987854807,2021-09,0.0019478430596570272
2658946240987854807,2021-09,0.0019478430596570272
4566920105008626302,2021-08,0.0018643622122030557
7628167057144760589,2021-08,0.0019626625392730745
7628167057144760589,2021-09,0.002043923409284584
7628167057144760589,2021-09,0.0021512882673250483
5893903674205161232,2021-08,0.0028413405454479775
4769364850030443969,2021-08,0.048327918754658666
3682570285558758138,2021-08,0.006328013882560781
6950439982480713649,2021-08,0.17012831760004576
6950439982480713649,2021-09,0.08805495004045222
6950439982480713649,2021-09,0.09125379804981176
6784879562354696650,2021-08,0.06887653323805261
6784879562354696650,2021-09,0.01658143131583556
6784879562354696650,2021-09,0.01773233123368883
6784879562354696650,2021-09,0.01658143131583556
8464769152264029983,2021-08,0.012409328793785153
5735794880899687600,2021-08,0.0049605035449187046
5735794880899687600,2021-09,0.006151311495437646
5735794880899687600,2021-09,0.006151311495437646
6545052034269841737,2021-08,0.002831022360610679
6545052034269841737,2021-09,0.0032308505472476196
6545052034269841737,2021-09,0.0032308505472476196
6545052034269841737,2021-09,0.07299071764232508
4762256864594914240,2021-08,0.008441247980570199
4762256864594914240,2021-09,0.010719803181684584
4762256864594914240,2021-09,0.004321529055763294
4762256864594914240,2021-09,0.010719803181684584
6865071386683133124,2021-08,0.006072623849908736
7105441534376526569,2021-08,0.10386277457351378
1574054842704135993,2021-08,0.003495614060607577
2335982750277990437,2021-08,0.05546264875253794
2335982750277990437,2021-09,0.060364337791122546
5511113649464808344,2021-08,0.0689620847573165
8400764778654490278,2021-08,0.04355264084561389
8400764778654490278,2021-09,0.029716449257452572
8400764778654490278,2021-09,0.14385119534657825
8400764778654490278,2021-09,0.028785020078215692
6546850858912852316,2021-08,0.8622476032656432
6546850858912852316,2021-08,0.4196823190090771
6546850858912852316,2021-09,0.3038042582231711
2432667449154431819,2021-08,0.5832428128348537
2432667449154431819,2021-09,0.5581167101248657
1368430815953333691,2021-08,0.10262026578740602
4717593620120611957,2021-08,0.007065656632146485
4717593620120611957,2021-09,0.006350273336475724
15070048310374146,2021-08,0.021145265468976864
15070048310374146,2021-08,0.021145265468976864
15070048310374146,2021-09,0.0565077292409616
3668905663669864663,2021-08,0.0028455278656406477
3668905663669864663,2021-09,0.0029906055033355364
180672270337706285,2021-08,0.6671461732454804
4532469127306079736,2021-08,0.005473621292774619
4532469127306079736,2021-09,0.06899309758810633
4532469127306079736,2021-09,0.005473621292774619
4532469127306079736,2021-09,0.00564304282872448
9060693308980292489,2021-08,0.03508556758432887
9127318190908282126,2021-08,0.003840407543584409
4296149971687628223,2021-08,0.010269022941587701
4342146186255136598,2021-08,0.0037350935868707582
4342146186255136598,2021-09,0.00235847328117079
4342146186255136598,2021-09,0.0017627517255203846
3095408468798675621,2021-08,0.0012027707412562332
3095408468798675621,2021-09,0.0011084599333596756
3095408468798675621,2021-09,0.0011311305409294496
8083157716178259762,2021-09,0.003681773274374772
3713742318997880410,2021-09,0.003200109016579359
3713742318997880410,2021-09,0.0032923874021616884
1044568737046072781,2021-09,0.016546006532107093
1044568737046072781,2021-09,0.013345309418334719
798425422240919854,2021-09,0.002190146965712824
798425422240919854,2021-09,0.0020284570147048116
798425422240919854,2021-09,0.002190146965712824
5369576709077493659,2021-09,0.017613935398675194
5369576709077493659,2021-09,0.017613935398675194
5369576709077493659,2021-09,0.017613935398675194
984915269987074754,2021-09,0.0011380839191954255
984915269987074754,2021-09,0.0012633381790199073
984915269987074754,2021-09,0.007408049119157377
984915269987074754,2021-09,0.0011380839191954255
984915269987074754,2021-09,0.0012633381790199073
2678966409665050034,2021-09,0.0036036056328975206
2678966409665050034,2021-09,0.0036036056328975206
2678966409665050034,2021-09,0.0036036056328975206
2678966409665050034,2021-09,0.0036036056328975206
4898797487317475277,2021-09,0.03905041427554168
4898797487317475277,2021-09,0.03905041427554168
6547707428090179960,2021-09,0.005492309943202609
6547707428090179960,2021-09,0.005492309943202609
6547707428090179960,2021-09,0.005012213687793436
8859064595603380512,2021-09,0.003890513538574803
1234611356650812259,2021-09,0.05351099309469028
4334472256949955221,2021-09,0.0017698831884453016
4334472256949955221,2021-09,0.0015032718301291436
2900002014851776114,2021-09,0.3075250348722381
6368582840625614207,2021-09,0.00180710992961503
4993499380140734678,2021-09,0.006961767112908609
4993499380140734678,2021-09,0.006961767112908609
4993499380140734678,2021-09,0.005797756359978796
4993499380140734678,2021-09,0.006961767112908609
18719614953021044,2021-09,0.08541311649183718
3228830386980584958,2021-09,0.006841442354439979
3228830386980584958,2021-09,0.006841442354439979
5263285038415073073,2021-09,0.2115572113060012
5263285038415073073,2021-09,0.20083997734343145
5263285038415073073,2021-09,0.20083997734343145
3137879241768961145,2021-09,0.0009666277162814069
3137879241768961145,2021-09,0.0010499060580751428
4714214581184951490,2021-09,0.009548513392290773
4714214581184951490,2021-09,0.013064652684743263
4714214581184951490,2021-09,0.013064652684743263
4781265535199914934,2021-09,0.02580674259995638
4781265535199914934,2021-09,0.7655896328840888
4781265535199914934,2021-09,0.9412271943846409
4919908458022265747,2021-09,0.007150948600753627
4919908458022265747,2021-09,0.007150948600753627
6198047969028248384,2021-09,0.0018517060775205525
6198047969028248384,2021-09,0.0018517060775205525
5860276371789140450,2021-09,0.12483461543393475
5791518044186095039,2021-09,0.003070973526253871
5791518044186095039,2021-09,0.003272539161041566
4061297388883391410,2021-09,0.001971985443505882
2814790209436551216,2021-09,0.0021855203709320366
2814790209436551216,2021-09,0.004978583700826586
2106875407768047316,2021-09,0.0012288536385390853
1192810733461560329,2021-09,0.0002734400580738775
1192810733461560329,2021-09,0.00034706970528376887
1192810733461560329,2021-09,0.00034706970528376887
1192810733461560329,2021-09,0.0003845444910337079
1192810733461560329,2021-09,0.0003029671060690584
1192810733461560329,2021-09,0.0003383746295041263
5540361570968095722,2021-09,0.003929151668139617
8548612698724688238,2021-09,0.021499163549637275
2455576782104041698,2021-09,0.0190030992060328
2455576782104041698,2021-09,0.018223299894815272
3421433989501830226,2021-09,0.03657707358502277
3421433989501830226,2021-09,0.03657707358502277
2233850024349336054,2021-09,0.013742988823052556
1088521227159442264,2021-09,0.004424345225230531
1088521227159442264,2021-09,0.004901726017183044
1088521227159442264,2021-09,0.005106718161953486
1088521227159442264,2021-09,0.004681245572720805
1088521227159442264,2021-09,0.005106718161953486
1088521227159442264,2021-09,0.008275212910981497
1002362614649347438,2021-09,0.020580484909102723
1002362614649347438,2021-09,0.020580484909102723
6284433051333854194,2021-09,0.00406939091833169
8828303152301461681,2021-09,0.06965851856462564
8828303152301461681,2021-09,0.07792010556390638
6927178425683104769,2021-09,0.002169197180224158
6927178425683104769,2021-09,0.002169197180224158
6927178425683104769,2021-09,0.002254612955863343
7182085930008391174,2021-09,0.005632342866703823
7182085930008391174,2021-09,0.006032317589577131
7182085930008391174,2021-09,0.009572294924827215
8398000036517692656,2021-09,0.011473647613023514
4972567100282306577,2021-09,0.005236666850766444
4972567100282306577,2021-09,0.005236666850766444
4972567100282306577,2021-09,0.005236666850766444
8750634267020436314,2021-09,0.49607256535048155
3275327267689584006,2021-09,0.309180754435232
3275327267689584006,2021-09,0.7304128227814805
255928150711119413,2021-09,0.1958265055203759
4995679129936981612,2021-09,0.3865748300308587
4995679129936981612,2021-09,0.3711652342999723
7664272163315705419,2021-09,0.007559336342834202
7664272163315705419,2021-09,0.0053145550092533215
1611146298923153842,2021-09,0.03224111061557647
1611146298923153842,2021-09,0.014016289085011882
8961924617442201922,2021-09,0.0031157883991174886
8961924617442201922,2021-09,0.04992810459949807
8961924617442201922,2021-09,0.001531777514421404
7671566034617837932,2021-09,0.0020662793011326976
7671566034617837932,2021-09,0.0022984885731585076
6643358471662528195,2021-09,0.0007627060172749611
1698828605814171242,2021-09,0.003766869404730622
1698828605814171242,2021-09,0.003661341182916191
1182975716201409626,2021-09,0.0028536924165160358
1182975716201409626,2021-09,0.0028536924165160358
1182975716201409626,2021-09,0.0028536924165160358
6871485876456523363,2021-09,0.011833793508031121
2549266739079962864,2021-09,0.5592414460913252
4537982850248578883,2021-09,0.004102290955952586
4537982850248578883,2021-09,0.003816052580062916
4537982850248578883,2021-09,0.00392753766443111
4537982850248578883,2021-09,0.003816052580062916
5694881483989656694,2021-09,0.27367199315224494
1788369195969129749,2021-09,0.00358002244342805
1788369195969129749,2021-09,0.0034096690752456714
4235078665660987689,2021-09,0.0066964443969775205
4235078665660987689,2021-09,0.0066964443969775205
86110062990790869,2021-09,0.06588250354406244
86110062990790869,2021-09,0.02101942798127699
86110062990790869,2021-09,0.019030476653438863
2805743565496207618,2021-09,0.01495583910159474
2805743565496207618,2021-09,0.01638485842837304
4395946187332973749,2021-09,0.0020630223308259078
7920896580423665241,2021-09,0.003939352044440094
7920896580423665241,2021-09,0.022569747519130705
7920896580423665241,2021-09,0.003572719525925227
5271591321704178730,2021-09,0.10084673202048339
5271591321704178730,2021-09,0.004952282979117284
8680213253228719510,2021-09,0.008303444676505864
3832944730982767714,2021-09,0.0069649524425516906
7231408738455755015,2021-09,0.8305863494354704
7231408738455755015,2021-09,0.7376502259484826
4537268360654655629,2021-09,0.036397356832414775
3888528635045328222,2021-09,0.1735659095258378
3888528635045328222,2021-09,0.030207704928616626
8552039412779393821,2021-09,0.013069568102970221
3970572142453508637,2021-09,0.09102616108821214
7367321179169390502,2021-09,0.6920707984367467
2380458252615213706,2021-09,0.02961138980733888
2380458252615213706,2021-09,0.02961138980733888
2380458252615213706,2021-09,0.02961138980733888
5055200744384119654,2021-09,0.005541818455586895
4858887739802767402,2021-09,0.012593696206626715
2772135008486239291,2021-09,0.07384216249481595
6617479989097680138,2021-09,0.27848079533675585
6617479989097680138,2021-09,0.05274551139165866
1668564607105585557,2021-09,0.24078188854871255
345033315379741874,2021-09,0.0029482620238487746
1423952977138155129,2021-09,0.003901203727047563
1423952977138155129,2021-09,0.003901203727047563
1637960623843047520,2021-09,0.5458021984264434
1637960623843047520,2021-09,0.05546758639583381
1637960623843047520,2021-09,0.0695453839870244
7444686668183702737,2021-09,0.003526200098178803
7444686668183702737,2021-09,0.0032563363658293224
7444686668183702737,2021-09,0.002136130381853567
510795635145114083,2021-09,0.011969228644935421
510795635145114083,2021-09,0.050029719113174546
510795635145114083,2021-09,0.049743176605445874
510795635145114083,2021-09,0.05084950906522054
904857901361577913,2021-09,0.003116186881361433
7692335720341018458,2021-09,0.002717354684952933
1507697130807703164,2021-09,0.0007999663473770013
1507697130807703164,2021-09,0.0007999663473770013
1507697130807703164,2021-09,0.0007999663473770013
8706851346184249504,2021-09,0.001896857428815168
9099218788416728596,2021-09,0.9037426261085372
3605652314611460806,2021-09,0.017255336932807723
5058298901476893676,2021-09,0.007965931118627069
3555655653190753786,2021-09,0.18739320650581345
4392369075438855735,2021-09,0.011126727763957475
4392369075438855735,2021-09,0.011126727763957475
8255085612985072878,2021-09,0.002846993364697879
8255085612985072878,2021-09,0.002846993364697879
8255085612985072878,2021-09,0.002846993364697879
8255085612985072878,2021-09,0.002846993364697879
8255085612985072878,2021-09,0.002846993364697879
1741049493106216406,2021-09,0.02057088226488396
5562543665139612149,2021-09,0.09857876593746615
5562543665139612149,2021-09,0.11356519192802292
7200509200540839533,2021-09,0.014861978152951986
5503391736465275980,2021-09,0.006495611874367357
4662079815415471798,2021-09,0.16604910418728858
5931905128207886847,2021-09,0.03968238451848908
5795100045494475994,2021-09,0.022747309752218142
5503073374822479037,2021-09,0.005463612006196692
5503073374822479037,2021-09,0.3363540701088803
5503073374822479037,2021-09,0.004047968095898134
7750874287225529604,2021-09,0.01318530600419663
93982185886107798,2021-09,0.012083430484296519
93982185886107798,2021-09,0.011583669885139345
968400235888951633,2021-09,0.00160327880593637
7816319470107777265,2021-09,0.04188940071056957
7816319470107777265,2021-09,0.04446305113599504
3283662016127058429,2021-09,0.004952411527317236
7815839878620843192,2021-09,0.5628295355344279
8385636129786687263,2021-09,0.003657911872324204
9016049685460415544,2021-09,0.22831326425322804
1334091158016312155,2021-09,0.0846745558497951
4165983075385227812,2021-09,0.004553916017312746
4165983075385227812,2021-09,0.005758571323513832
4817816966382229074,2021-09,0.002135157475549701
4817816966382229074,2021-09,0.002135157475549701
4817816966382229074,2021-09,0.002135157475549701
7120090169052575663,2021-09,0.0022726280060971944
7120090169052575663,2021-09,0.0024853815082288414
7120090169052575663,2021-09,0.0024853815082288414
5162621729453966204,2021-09,0.00835622941035847
1059336566956767188,2021-09,0.005687673561626543
4284129442855564250,2021-09,0.008461627757203135
5376084855227654309,2021-09,0.07304957018496182
5376084855227654309,2021-09,0.07304957018496182
7171835894416689226,2021-09,0.019151395227849154
234898976850399181,2021-09,0.012212134025933323
5448628641564935127,2021-09,0.0238240565419768
4043546053926060305,2021-09,0.32446342764924124
4541506527938763361,2021-09,0.011251941577358421
4541506527938763361,2021-09,0.018749221508286118
1874387298050692165,2021-09,0.0044963922464409355
2119292203323657032,2021-09,0.001301873355283467
2119292203323657032,2021-09,0.0009258107613441209
8724731934863284019,2021-09,0.01246213198989277
8724731934863284019,2021-09,0.010814951389307725
7246466789138290692,2021-09,0.004965248902335171
3812760626052898456,2021-09,0.0016575490257787972
5198904647759787695,2021-09,0.011486164965418539
8511588642284189303,2021-09,0.023338693206536552
7462607259426026440,2021-09,0.03860749910384373
3022528659032597047,2021-09,0.020632279107463826
3022528659032597047,2021-09,0.016259287842502235
4228701400180066884,2021-09,0.9034923762727383
3915426102465954493,2021-09,0.0018714375028715325
1040994770557588198,2021-09,0.5655863701497218
8313765100460016738,2021-09,0.3190290798305415
6134696632487351445,2021-09,0.00191492520058674
6134696632487351445,2021-09,0.0018509357956437704
7215053254854713098,2021-09,0.017923608762373637
4614484019183480654,2021-09,0.0027764851814299535
3183208564139585182,2021-09,0.8000789566324701
6532139198609901627,2021-09,0.0009135352146223465
5706551050445880395,2021-09,0.577112003969973
493667100055938118,2021-09,0.9074359965485489
4351694415353093046,2021-09,0.6718375933777415
5993765508162121762,2021-09,0.04506624893296978
3698481516392183789,2021-09,0.002811718684096819
665505091521986356,2021-09,0.0018669682807667465
4559400286159883576,2021-09,0.0065020366367694584
7236776406341522879,2021-09,0.0038689971508116664
1414132620714431952,2021-09,0.1925833659923157
5255460548789019114,2021-09,0.004425451203974418
4095739077267179172,2021-09,0.8329841146820101
2988042199057874759,2021-09,0.014877650151351039
1462395707491634845,2021-09,0.8200774504263114
6721448955097663572,2021-09,0.011123646701992049
6721448955097663572,2021-09,0.011123646701992049
4052557282157719526,2021-09,0.003734747776211588
8684964138237894839,2021-09,0.006184571280590257
4189705495607963592,2021-09,0.07759624576662096
3592461881055047578,2021-09,0.06824474815084389
2307201111381758912,2021-09,0.008729291262088892
5547032541615425352,2021-09,0.014910963732353805
7779268298304613772,2021-09,0.0031606060447412704
5574997762710520717,2021-09,0.009624575001549568
7754936094607992857,2021-09,0.005894781705943251
8829286411654484379,2021-09,0.053038183432341374
6012031176108922616,2021-09,0.013451274892517547
8245393384938410770,2021-09,0.0020926175345048433
4660230701075746534,2021-09,0.23486720292717211
6352592240901579272,2021-09,0.0059472069328053165
7060969657673447359,2021-09,0.04949970302865237
4512887927067894301,2021-09,0.03967933788839915
1467843186411742274,2021-09,0.02652545638009809
4937566934664053767,2021-09,0.16142131325266323
3386019519917828299,2021-09,0.006564878336706208
4187591029730357479,2021-09,0.006884287845871816
6999154286942764669,2021-09,0.3827096247470723
6999154286942764669,2021-09,0.323159226990829
7662578945735335954,2021-09,0.6607980800295974
2493305884832539159,2021-09,0.0904556931999755
3592639146446725280,2021-09,0.11456242411125334
5758033363847724111,2021-09,0.0005373180403369194
5558533999208199371,2021-09,0.3276968954274375
4950871361132426979,2021-09,0.039526211744122644
1717812527056208209,2021-09,0.29180044581772846
1396078312562623766,2021-09,0.053542030079342065
1951407691087813358,2021-09,0.001307213143595521
8536031856585966123,2021-09,0.02856020871285387
2444743522510084109,2021-09,0.014114695857827904
4641659186059167709,2021-09,0.031145850092538983
4850722092974676955,2021-09,0.004786241277896224
4850722092974676955,2021-09,0.005220789771209461
4850722092974676955,2021-09,0.006427777191907311
4850722092974676955,2021-10,0.004003422786112263
4850722092974676955,2021-10,0.0033641289436337333
8409181491723988567,2021-09,0.013066722680777213
8409181491723988567,2021-09,0.007972862277930318
8409181491723988567,2021-10,0.2357003632085233
8409181491723988567,2021-10,0.0035434069935015603
1329553496073467331,2021-09,0.003865915266047674
1329553496073467331,2021-10,0.004007072923673862
6615694774618628402,2021-09,0.022881084047803486
6615694774618628402,2021-09,0.021022311188501588
6615694774618628402,2021-09,0.021022311188501588
6615694774618628402,2021-09,0.021022311188501588
8829286411654484379,2021-09,0.04565856251560516
6964108750473070287,2021-09,0.005196847711400657
6964108750473070287,2021-09,0.005196847711400657
6964108750473070287,2021-09,0.004278136017755575
6964108750473070287,2021-09,0.015129477720943597
6964108750473070287,2021-09,0.005196847711400657
6964108750473070287,2021-09,0.004581206178126934
6964108750473070287,2021-09,0.005196847711400657
6964108750473070287,2021-09,0.005196847711400657
6964108750473070287,2021-09,0.005196847711400657
6964108750473070287,2021-09,0.005196847711400657
6964108750473070287,2021-09,0.005196847711400657
6964108750473070287,2021-09,0.00505595496161595
6964108750473070287,2021-09,0.004422188484620622
6964108750473070287,2021-09,0.004278136017755575
6964108750473070287,2021-09,0.005196847711400657
6964108750473070287,2021-09,0.004278136017755575
6964108750473070287,2021-09,0.005196847711400657
6964108750473070287,2021-09,0.004278136017755575
6964108750473070287,2021-09,0.004278136017755575
6964108750473070287,2021-10,0.005236408196027554
6964108750473070287,2021-10,0.005236408196027554
6964108750473070287,2021-10,0.005236408196027554
6964108750473070287,2021-10,0.005236408196027554
6964108750473070287,2021-10,0.005003824666790579
6964108750473070287,2021-10,0.005003824666790579
6964108750473070287,2021-10,0.0041190947776310665
6964108750473070287,2021-10,0.0041190947776310665
6964108750473070287,2021-10,0.005003824666790579
6964108750473070287,2021-10,0.005003824666790579
6964108750473070287,2021-10,0.005003824666790579
6964108750473070287,2021-10,0.005003824666790579
6964108750473070287,2021-10,0.0041190947776310665
6964108750473070287,2021-10,0.005003824666790579
6964108750473070287,2021-10,0.005542389339119406
6964108750473070287,2021-10,0.005542389339119406
6964108750473070287,2021-10,0.005236408196027554
6964108750473070287,2021-10,0.005236408196027554
6964108750473070287,2021-10,0.005236408196027554
6964108750473070287,2021-10,0.005003824666790579
6964108750473070287,2021-10,0.005003824666790579
6964108750473070287,2021-10,0.005003824666790579
6964108750473070287,2021-10,0.005003824666790579
6964108750473070287,2021-10,0.0041190947776310665
6964108750473070287,2021-10,0.004310733206328916
6964108750473070287,2021-10,0.004310733206328916
6964108750473070287,2021-10,0.004310733206328916
3960251564708868781,2021-09,0.003282785859092906
3960251564708868781,2021-09,0.0032805240194795442
3960251564708868781,2021-09,0.0053841641213000415
3960251564708868781,2021-10,0.0021745970825658833
1000372849175668062,2021-09,0.009175755985630345
1000372849175668062,2021-10,0.0076361117702097615
1000372849175668062,2021-10,0.0076361117702097615
1308019675417057675,2021-09,0.01248351881746255
1308019675417057675,2021-09,0.012281998038409321
1308019675417057675,2021-10,0.009828052784247707
1308019675417057675,2021-10,0.010216069441837531
1308019675417057675,2021-10,0.009828052784247707
4714214581184951490,2021-09,0.008123144607739085
4714214581184951490,2021-09,0.013064652684743263
4714214581184951490,2021-09,0.013064652684743263
4714214581184951490,2021-10,0.011479191215036698
2634859679238614382,2021-09,0.003091494096272139
2634859679238614382,2021-09,0.003091494096272139
2634859679238614382,2021-09,0.0036018568795949035
2634859679238614382,2021-09,0.0036018568795949035
2634859679238614382,2021-09,0.002978935415526162
2634859679238614382,2021-10,0.003217937907079496
2634859679238614382,2021-10,0.004723460984193593
459290606780222306,2021-09,0.0018141105644968445
459290606780222306,2021-09,0.0018141105644968445
459290606780222306,2021-09,0.0016773184257847659
459290606780222306,2021-09,0.00207689277643782
459290606780222306,2021-09,0.0019203237911334034
459290606780222306,2021-09,0.0020186130382468413
459290606780222306,2021-09,0.001736580783352075
459290606780222306,2021-09,0.0019203237911334034
459290606780222306,2021-09,0.0020186130382468413
459290606780222306,2021-10,0.0016119766797434265
459290606780222306,2021-10,0.0016119766797434265
459290606780222306,2021-10,0.0014079357344563902
459290606780222306,2021-10,0.0014079357344563902
459290606780222306,2021-10,0.0013017310732499395
459290606780222306,2021-10,0.0014079357344563902
7708030042671632236,2021-09,0.002895238455267992
7708030042671632236,2021-09,0.003421461643900452
6145308913889808258,2021-09,0.0623861418075757
6145308913889808258,2021-09,0.07571236329743603
3137879241768961145,2021-09,0.0011646128953466265
3137879241768961145,2021-09,0.0010198026091853142
3137879241768961145,2021-10,0.001587108059078664
8919892162361650175,2021-09,0.07066521049673229
8919892162361650175,2021-09,0.06038237914394242
8919892162361650175,2021-10,0.055681867488586556
8919892162361650175,2021-10,0.055681867488586556
8919892162361650175,2021-10,0.07223877717562494
8919892162361650175,2021-10,0.055681867488586556
7141263195360679278,2021-09,0.0380137405294828
7141263195360679278,2021-09,0.04386342068535458
7141263195360679278,2021-09,0.05441537325554408
7141263195360679278,2021-09,0.04386342068535458
7141263195360679278,2021-10,0.036526371350945795
7141263195360679278,2021-10,0.031622807472518354
3285246914299291124,2021-09,0.0017787433497938319
3285246914299291124,2021-09,0.0017288154958135643
3285246914299291124,2021-09,0.0017787433497938319
3285246914299291124,2021-09,0.0017787433497938319
3285246914299291124,2021-09,0.0017787433497938319
3285246914299291124,2021-10,0.001305730986566491
3285246914299291124,2021-10,0.0015614923500396217
7910340581026492945,2021-09,0.002817877052507848
7910340581026492945,2021-10,0.0034131923439284615
7910340581026492945,2021-10,0.0025900351087568205
7910340581026492945,2021-10,0.0025900351087568205
7268895973869107930,2021-09,0.013344495631314918
7268895973869107930,2021-09,0.013344495631314918
7268895973869107930,2021-09,0.013572420007250775
7268895973869107930,2021-09,0.013572420007250775
7268895973869107930,2021-09,0.012059960463672617
7268895973869107930,2021-10,0.014575148377117566
7268895973869107930,2021-10,0.014575148377117566
7268895973869107930,2021-10,0.013344495631314918
274692171162531764,2021-09,0.014615196129017231
274692171162531764,2021-09,0.015243730416264986
274692171162531764,2021-09,0.018973903969351773
274692171162531764,2021-09,0.016315398145579682
274692171162531764,2021-09,0.014615196129017231
274692171162531764,2021-10,0.020867793173850197
274692171162531764,2021-10,0.020867793173850197
274692171162531764,2021-10,0.016245680926918287
274692171162531764,2021-10,0.016245680926918287
274692171162531764,2021-10,0.016943129409498936
7686361238195690925,2021-09,0.0012832524575187526
7686361238195690925,2021-10,0.00138251597527579
7686361238195690925,2021-10,0.02651343929346676
7686361238195690925,2021-10,0.0013501339910663628
7686361238195690925,2021-10,0.00138251597527579
5888474320320735000,2021-09,0.7860287933674599
5888474320320735000,2021-09,0.8212128117381473
5888474320320735000,2021-09,0.7860287933674599
5888474320320735000,2021-09,0.7953046326895
5888474320320735000,2021-10,0.8345980648378586
5888474320320735000,2021-10,0.8264645799613564
5888474320320735000,2021-10,0.8536354784539812
4045739494965095560,2021-09,0.002490708869867555
4045739494965095560,2021-09,0.0023684414387360703
4045739494965095560,2021-09,0.002601698362064678
4045739494965095560,2021-09,0.0023684414387360703
4045739494965095560,2021-09,0.0023684414387360703
4045739494965095560,2021-09,0.0023684414387360703
4045739494965095560,2021-09,0.0023684414387360703
4045739494965095560,2021-09,0.002601698362064678
4045739494965095560,2021-09,0.002601698362064678
4045739494965095560,2021-09,0.002601698362064678
4045739494965095560,2021-09,0.002490708869867555
4045739494965095560,2021-09,0.0034511824846779606
4045739494965095560,2021-09,0.0023684414387360703
4045739494965095560,2021-09,0.0022673801589602723
4045739494965095560,2021-10,0.00214482048899885
4045739494965095560,2021-10,0.0018336703165742919
4045739494965095560,2021-10,0.005772636098400291
4045739494965095560,2021-10,0.00214482048899885
4045739494965095560,2021-10,0.00214482048899885
4045739494965095560,2021-10,0.00214482048899885
4045739494965095560,2021-10,0.00214482048899885
4045739494965095560,2021-10,0.00214482048899885
8926565682509268383,2021-09,0.005552997845914371
8926565682509268383,2021-09,0.0074472475178701415
8926565682509268383,2021-09,0.006633431731679645
8926565682509268383,2021-09,0.005552997845914371
8926565682509268383,2021-09,0.006978460490856933
8926565682509268383,2021-10,0.03573642636458987
8926565682509268383,2021-10,0.009829707066726983
8926565682509268383,2021-10,0.010488007287073817
8926565682509268383,2021-10,0.010488007287073817
8926565682509268383,2021-10,0.006714931885674635
8926565682509268383,2021-10,0.006714931885674635
8926565682509268383,2021-10,0.010488007287073817
8926565682509268383,2021-10,0.010488007287073817
6858769421191999702,2021-09,0.003549317256317165
6858769421191999702,2021-09,0.0037084841152158292
6858769421191999702,2021-09,0.0037084841152158292
6858769421191999702,2021-09,0.0037084841152158292
6858769421191999702,2021-09,0.004850444071312024
3382624494518753363,2021-09,0.2810117252972688
3382624494518753363,2021-09,0.5883106258950785
3382624494518753363,2021-09,0.2744315053646639
3382624494518753363,2021-09,0.2744315053646639
3382624494518753363,2021-09,0.3122592542558216
8213533889694327948,2021-09,0.004716235574358458
8213533889694327948,2021-09,0.004442553589365463
8213533889694327948,2021-09,0.004882342665132151
8213533889694327948,2021-09,0.004442553589365463
8213533889694327948,2021-10,0.052301744336193216
8213533889694327948,2021-10,0.004145658162043636
1551531256789550891,2021-09,0.0009499046743261265
1551531256789550891,2021-09,0.0010934012035146374
1551531256789550891,2021-09,0.0010934012035146374
1551531256789550891,2021-09,0.0020249650301081097
1551531256789550891,2021-10,0.0026660039134911813
8939476669690489534,2021-09,0.009038117849625514
8939476669690489534,2021-09,0.007781249136831593
8939476669690489534,2021-09,0.009038117849625514
8939476669690489534,2021-10,0.010799819434358204
5611787644735474299,2021-09,0.0029022652750095934
5611787644735474299,2021-09,0.004648019585749458
5611787644735474299,2021-09,0.003031538563945119
5611787644735474299,2021-09,0.00267478936360639
5611787644735474299,2021-10,0.0033993464205523327
5611787644735474299,2021-10,0.002126132400741985
1956406515279457110,2021-09,0.02354457399844639
1956406515279457110,2021-09,0.018565109081302277
1956406515279457110,2021-10,0.0405161093345642
1956406515279457110,2021-10,0.02794049118526521
984915269987074754,2021-09,0.0011778451668400221
984915269987074754,2021-09,0.0012633381790199073
984915269987074754,2021-09,0.001198155029648184
984915269987074754,2021-10,0.0012992239872975091
984915269987074754,2021-10,0.0014649084807315629
984915269987074754,2021-10,0.0013904314034898333
984915269987074754,2021-10,0.0022035171484548243
968199235777440720,2021-09,0.0034878374972841875
968199235777440720,2021-09,0.003957131704293361
968199235777440720,2021-09,0.004004006421518759
968199235777440720,2021-09,0.004121325964476331
968199235777440720,2021-09,0.0032991727805744497
968199235777440720,2021-09,0.003997982924724177
968199235777440720,2021-09,0.003548264890029312
968199235777440720,2021-10,0.0026025241649041387
968199235777440720,2021-10,0.002169307567644498
968199235777440720,2021-10,0.0026658982389986146
968199235777440720,2021-10,0.0038493852634469768
8173830874846355280,2021-09,0.0017091898100247596
8173830874846355280,2021-09,0.0017091898100247596
8173830874846355280,2021-09,0.00163955447180786
8173830874846355280,2021-09,0.00163955447180786
8173830874846355280,2021-09,0.00163955447180786
8173830874846355280,2021-09,0.0014410890833994217
8173830874846355280,2021-09,0.0014858269146854524
8173830874846355280,2021-09,0.00163955447180786
8173830874846355280,2021-09,0.0014858269146854524
8173830874846355280,2021-09,0.0014858269146854524
8173830874846355280,2021-10,0.0014292015220356124
8173830874846355280,2021-10,0.0014292015220356124
8173830874846355280,2021-10,0.0012951714466737621
8173830874846355280,2021-10,0.0012951714466737621
8173830874846355280,2021-10,0.0012951714466737621
8173830874846355280,2021-10,0.0014899160595567857
8173830874846355280,2021-10,0.0012951714466737621
8173830874846355280,2021-10,0.0012951714466737621
8173830874846355280,2021-10,0.07444630801180661
8173830874846355280,2021-10,0.0014292015220356124
8173830874846355280,2021-10,0.0014292015220356124
8173830874846355280,2021-10,0.0014899160595567857
8173830874846355280,2021-10,0.0012951714466737621
8173830874846355280,2021-10,0.0014292015220356124
3634047863995720708,2021-09,0.003246150777439055
3634047863995720708,2021-09,0.009589589430054368
3634047863995720708,2021-09,0.0027976730299502325
3634047863995720708,2021-10,0.005671486540437501
3634047863995720708,2021-10,0.0044366693903994505
3634047863995720708,2021-10,0.006888873359103366
3634047863995720708,2021-10,0.005671486540437501
1253437108265925705,2021-09,0.0009563079124558626
1253437108265925705,2021-09,0.0009563079124558626
1253437108265925705,2021-09,0.0011079377886152007
1253437108265925705,2021-09,0.0011079377886152007
5373371196946859811,2021-09,0.017597813322607236
5373371196946859811,2021-09,0.017597813322607236
5373371196946859811,2021-10,0.06447757576506359
5373371196946859811,2021-10,0.06447757576506359
5373371196946859811,2021-10,0.06447757576506359
5373371196946859811,2021-10,0.06579884479774727
2493688222671282470,2021-09,0.005786797970622746
2493688222671282470,2021-09,0.004497785409190704
2493688222671282470,2021-10,0.004760083958288781
5481711897502154955,2021-09,0.011305792645372048
5481711897502154955,2021-09,0.011305792645372048
5481711897502154955,2021-09,0.016709520189510958
5481711897502154955,2021-09,0.011305792645372048
5481711897502154955,2021-10,0.013589591177456223
3095686599956852697,2021-09,0.0033005902033013106
3095686599956852697,2021-09,0.0024655891913195832
3095686599956852697,2021-09,0.0024655891913195832
3095686599956852697,2021-09,0.002994423685730901
3095686599956852697,2021-09,0.003127789036547822
3095686599956852697,2021-09,0.0026019012478211228
3095686599956852697,2021-10,0.0024655891913195832
3095686599956852697,2021-10,0.0026019012478211228
3095686599956852697,2021-10,0.0026019012478211228
6471448246085839373,2021-09,0.0018784273288937757
6471448246085839373,2021-09,0.0020395955731472735
6471448246085839373,2021-09,0.0020395955731472735
6471448246085839373,2021-10,0.002140577537749421
4018182555897034052,2021-09,0.0012980078512120788
4018182555897034052,2021-09,0.001488346703585531
4018182555897034052,2021-09,0.0015519651133593351
4018182555897034052,2021-09,0.001488346703585531
4018182555897034052,2021-10,0.0011144354943164064
4018182555897034052,2021-10,0.0011144354943164064
4018182555897034052,2021-10,0.0013735907382219402
4018182555897034052,2021-10,0.0014223287521241035
4018182555897034052,2021-10,0.0011047331781187345
4863405965754103821,2021-09,0.013913371151493041
4863405965754103821,2021-09,0.013913371151493041
4863405965754103821,2021-09,0.013913371151493041
4863405965754103821,2021-10,0.071676057532777
4863405965754103821,2021-10,0.04926326566889277
4863405965754103821,2021-10,0.071676057532777
6617479989097680138,2021-09,0.05787809826770113
6617479989097680138,2021-09,0.05274551139165866
6617479989097680138,2021-10,0.1323559108169947
3140918607946425426,2021-09,0.007046761216652719
3140918607946425426,2021-09,0.007046761216652719
3140918607946425426,2021-09,0.007046761216652719
3140918607946425426,2021-09,0.005730959582708722
5880041582322293710,2021-09,0.0018654614694896651
5880041582322293710,2021-09,0.002626155292587762
5880041582322293710,2021-09,0.00209529540315435
5880041582322293710,2021-09,0.002626155292587762
5880041582322293710,2021-09,0.002626155292587762
5880041582322293710,2021-09,0.002418075551797921
5880041582322293710,2021-10,0.0018076141107882567
5880041582322293710,2021-10,0.0025567448261252994
9184785003280841216,2021-09,0.007008925158499829
9184785003280841216,2021-09,0.006798776012171931
9184785003280841216,2021-09,0.004963966372246681
9184785003280841216,2021-09,0.006102605895321082
9184785003280841216,2021-09,0.006569134380638811
9184785003280841216,2021-09,0.007008925158499829
9184785003280841216,2021-10,0.006102605895321082
9184785003280841216,2021-10,0.006798776012171931
3281617395243454427,2021-09,0.02444614773189662
3281617395243454427,2021-09,0.02444614773189662
6053752047545474051,2021-09,0.00480788475148518
6053752047545474051,2021-09,0.005395431887758771
6053752047545474051,2021-09,0.0045722961335957065
6053752047545474051,2021-09,0.005395431887758771
6053752047545474051,2021-09,0.004156149211124969
6053752047545474051,2021-10,0.007545187927296665
6053752047545474051,2021-10,0.005815012336568923
6053752047545474051,2021-10,0.006114238894222685
6053752047545474051,2021-10,0.006114238894222685
6053752047545474051,2021-10,0.006498057698905528
6053752047545474051,2021-10,0.005815012336568923
6053752047545474051,2021-10,0.007545187927296665
6053752047545474051,2021-10,0.005815012336568923
6053752047545474051,2021-10,0.006114238894222685
6053752047545474051,2021-10,0.006114238894222685
6053752047545474051,2021-10,0.005815012336568923
5714540197488862003,2021-09,0.14725691320291437
5714540197488862003,2021-09,0.16226204258156743
5714540197488862003,2021-10,0.21045785375776327
7751080728852739823,2021-09,0.0020119811793375044
7751080728852739823,2021-09,0.0017484341333350477
7751080728852739823,2021-10,0.002388929317126306
7751080728852739823,2021-10,0.0026870071565377168
7751080728852739823,2021-10,0.002591601080213633
7751080728852739823,2021-10,0.002204931073104621
7751080728852739823,2021-10,0.0024711319726817686
7751080728852739823,2021-10,0.0024711319726817686
7751080728852739823,2021-10,0.0018842873739785516
7751080728852739823,2021-10,0.0018842873739785516
1788369195969129749,2021-09,0.002110996252798036
1788369195969129749,2021-09,0.00376166811168615
1788369195969129749,2021-10,0.004420239120357532
1708019696828098378,2021-09,0.32576105016031354
1708019696828098378,2021-09,0.32576105016031354
1708019696828098378,2021-09,0.32576105016031354
1708019696828098378,2021-09,0.3744422326826874
1708019696828098378,2021-09,0.32576105016031354
1708019696828098378,2021-10,0.835795242631615
1708019696828098378,2021-10,0.4813081880323436
1708019696828098378,2021-10,0.46491564054630635
819552547620904652,2021-09,0.7902476134395321
819552547620904652,2021-09,0.19040477074048695
819552547620904652,2021-10,0.19105373337094841
819552547620904652,2021-10,0.18297696151922638
819552547620904652,2021-10,0.19105373337094841
819552547620904652,2021-10,0.19105373337094841
1192810733461560329,2021-09,0.00037996858169094363
1192810733461560329,2021-09,0.0003972374747793459
5430917218683822543,2021-09,0.00572388224654133
5430917218683822543,2021-09,0.00572388224654133
5430917218683822543,2021-10,0.006111618835642782
2451708306555441014,2021-09,0.003342041205280497
2451708306555441014,2021-09,0.0034361371355952222
2451708306555441014,2021-09,0.00428377254164031
2451708306555441014,2021-09,0.0034361371355952222
2451708306555441014,2021-10,0.003321052156268244
5487870288449327165,2021-09,0.16196704683671026
8529899700094903171,2021-09,0.007996415362242836
8529899700094903171,2021-09,0.007996415362242836
8529899700094903171,2021-09,0.007602639363170683
8529899700094903171,2021-09,0.007602639363170683
8529899700094903171,2021-09,0.007996415362242836
8529899700094903171,2021-09,0.007602639363170683
8529899700094903171,2021-09,0.008653870926353353
8529899700094903171,2021-09,0.008653870926353353
8529899700094903171,2021-09,0.007996415362242836
8529899700094903171,2021-09,0.007996415362242836
8529899700094903171,2021-09,0.007996415362242836
8529899700094903171,2021-09,0.007996415362242836
8529899700094903171,2021-09,0.007996415362242836
8529899700094903171,2021-09,0.007602639363170683
8529899700094903171,2021-09,0.007996415362242836
8529899700094903171,2021-10,0.008653870926353353
8529899700094903171,2021-10,0.007602639363170683
8529899700094903171,2021-10,0.007602639363170683
8529899700094903171,2021-10,0.007895058619663895
8529899700094903171,2021-10,0.008653870926353353
8529899700094903171,2021-10,0.007996415362242836
8529899700094903171,2021-10,0.008227987677521698
8529899700094903171,2021-10,0.007602639363170683
8529899700094903171,2021-10,0.007602639363170683
8529899700094903171,2021-10,0.008342167248463912
660382477567765256,2021-09,0.010386572639758153
660382477567765256,2021-09,0.010296039266533887
660382477567765256,2021-09,0.010296039266533887
660382477567765256,2021-10,0.0063894336155582545
660382477567765256,2021-10,0.004282828587441151
7325545718770538459,2021-09,0.0011146169504981944
7325545718770538459,2021-09,0.001164357427680515
7325545718770538459,2021-09,0.001164357427680515
7325545718770538459,2021-09,0.001164357427680515
7325545718770538459,2021-09,0.001164357427680515
7325545718770538459,2021-09,0.001164357427680515
7325545718770538459,2021-09,0.0020367677561475726
7325545718770538459,2021-09,0.0011146169504981944
7325545718770538459,2021-09,0.0011146169504981944
7325545718770538459,2021-10,0.001164357427680515
7325545718770538459,2021-10,0.001164357427680515
7325545718770538459,2021-10,0.0011146169504981944
7325545718770538459,2021-10,0.0020367677561475726
7325545718770538459,2021-10,0.0010845532349702397
7325545718770538459,2021-10,0.0012233095948721072
7325545718770538459,2021-10,0.0012233095948721072
7992317448197179816,2021-09,0.009116290179786239
7992317448197179816,2021-10,0.015344702018330195
7992317448197179816,2021-10,0.01045227295442927
7992317448197179816,2021-10,0.014583397034883977
1533755281771668509,2021-09,0.001808765545933168
1533755281771668509,2021-09,0.0016945420636175958
1533755281771668509,2021-10,0.0015676904906015336
4495596792165551705,2021-09,0.025986727885113366
4495596792165551705,2021-10,0.008906895320314271
2407532237672094312,2021-09,0.013324873944444399
2407532237672094312,2021-09,0.01782306783898073
2407532237672094312,2021-09,0.016745847574277974
2407532237672094312,2021-09,0.01333616080408284
2407532237672094312,2021-10,0.032456784038645076
2407532237672094312,2021-10,0.032456784038645076
2407532237672094312,2021-10,0.6649141270294523
2407532237672094312,2021-10,0.024840495681066787
4850936440093751199,2021-09,0.0050407307364821905
4850936440093751199,2021-09,0.004926947542438117
4850936440093751199,2021-09,0.0050407307364821905
4850936440093751199,2021-09,0.006703106890521064
4850936440093751199,2021-09,0.006857626121165942
4850936440093751199,2021-09,0.0050407307364821905
4850936440093751199,2021-10,0.05724425129071491
4850936440093751199,2021-10,0.004626387287098183
4850936440093751199,2021-10,0.0047332623432669255
4850936440093751199,2021-10,0.004398420066094574
7770458886439606839,2021-09,0.10319078252746046
7770458886439606839,2021-09,0.10319078252746046
7770458886439606839,2021-09,0.10319078252746046
7770458886439606839,2021-09,0.08231861838388597
7770458886439606839,2021-09,0.09092608600136413
7770458886439606839,2021-09,0.0772771324306076
7770458886439606839,2021-10,0.07394920224529275
7770458886439606839,2021-10,0.07241091106329282
2346482557594782345,2021-09,0.0177253874172924
2346482557594782345,2021-09,0.01846768101850245
2346482557594782345,2021-09,0.020596727924479395
2346482557594782345,2021-09,0.0177253874172924
2346482557594782345,2021-09,0.018231391786040278
2346482557594782345,2021-09,0.0177253874172924
2346482557594782345,2021-10,0.02303178749238063
2346482557594782345,2021-10,0.02303178749238063
2346482557594782345,2021-10,0.02303178749238063
2346482557594782345,2021-10,0.02303178749238063
2346482557594782345,2021-10,0.02303178749238063
2346482557594782345,2021-10,0.02303178749238063
2346482557594782345,2021-10,0.02303178749238063
3454481508285917519,2021-09,0.031024778079119582
3454481508285917519,2021-09,0.026058618167315282
3454481508285917519,2021-09,0.031024778079119582
5162636608292907782,2021-09,0.028584003188611325
5162636608292907782,2021-09,0.021510490732440962
5162636608292907782,2021-09,0.028584003188611325
5162636608292907782,2021-09,0.5937879015528766
5162636608292907782,2021-10,0.0211511301208434
5162636608292907782,2021-10,0.028109865217379817
6916556752218696485,2021-09,0.007902797843935999
6916556752218696485,2021-09,0.00806635867939761
6916556752218696485,2021-09,0.008430122386877561
6916556752218696485,2021-09,0.00806635867939761
6916556752218696485,2021-09,0.009704695101281241
6916556752218696485,2021-10,0.008408350369051744
6916556752218696485,2021-10,0.008408350369051744
6916556752218696485,2021-10,0.008473439729218175
6916556752218696485,2021-10,0.008237912589242863
6916556752218696485,2021-10,0.008473439729218175
6916556752218696485,2021-10,0.007882376892263981
8552039412779393821,2021-09,0.018498677161835873
8350724667410677464,2021-09,0.011258250430936086
8350724667410677464,2021-09,0.007018959232045412
8350724667410677464,2021-09,0.014841036182929254
8350724667410677464,2021-09,0.011258250430936086
8350724667410677464,2021-10,0.23077809780876532
5613825020130267729,2021-09,0.0025290645508449015
5613825020130267729,2021-09,0.002544414573465839
5613825020130267729,2021-10,0.0028960655240293136
5613825020130267729,2021-10,0.0028960655240293136
5613825020130267729,2021-10,0.0028960655240293136
1477629972594346481,2021-09,0.01092471961561753
1477629972594346481,2021-09,0.01092471961561753
1477629972594346481,2021-10,0.015387117929064992
1543875954928694094,2021-09,0.00226207597173292
1543875954928694094,2021-09,0.00226207597173292
1543875954928694094,2021-09,0.0021370694961245678
1543875954928694094,2021-10,0.001989391433476547
1543875954928694094,2021-10,0.002219903634950863
4392369075438855735,2021-09,0.010676780024813873
4392369075438855735,2021-10,0.010676780024813873
4392369075438855735,2021-10,0.010676780024813873
8784237149961904,2021-09,0.002142185912518459
8784237149961904,2021-10,0.003668277671844675
8784237149961904,2021-10,0.002829774496715317
5761480994209806499,2021-09,0.002252326310877716
5761480994209806499,2021-09,0.002142805799889198
5761480994209806499,2021-09,0.002144488460989945
5761480994209806499,2021-09,0.00210959237298272
5761480994209806499,2021-09,0.002462717933700907
5761480994209806499,2021-09,0.002653018410049363
5761480994209806499,2021-09,0.0024346985106951523
5761480994209806499,2021-09,0.00210959237298272
5761480994209806499,2021-09,0.0019838113470319503
5761480994209806499,2021-09,0.0019838113470319503
5761480994209806499,2021-09,0.002144488460989945
5761480994209806499,2021-09,0.002144488460989945
5761480994209806499,2021-09,0.002144488460989945
5761480994209806499,2021-09,0.00405052220253552
5761480994209806499,2021-09,0.002144488460989945
5761480994209806499,2021-09,0.002142805799889198
5761480994209806499,2021-09,0.0028406340657656246
5761480994209806499,2021-09,0.0028677416354059423
5761480994209806499,2021-10,0.0019838113470319503
5761480994209806499,2021-10,0.0019838113470319503
5761480994209806499,2021-10,0.0016875513921386024
5761480994209806499,2021-10,0.0019838113470319503
5761480994209806499,2021-10,0.002144488460989945
5761480994209806499,2021-10,0.002144488460989945
5761480994209806499,2021-10,0.0028677416354059423
5761480994209806499,2021-10,0.002865493107323977
5761480994209806499,2021-10,0.0021242029388548484
5761480994209806499,2021-10,0.00210959237298272
5761480994209806499,2021-10,0.002142805799889198
5761480994209806499,2021-10,0.0019838113470319503
5761480994209806499,2021-10,0.002142805799889198
5761480994209806499,2021-10,0.002144488460989945
5761480994209806499,2021-10,0.002142805799889198
5761480994209806499,2021-10,0.0037322196002022552
5761480994209806499,2021-10,0.0024346985106951523
5761480994209806499,2021-10,0.002142805799889198
5761480994209806499,2021-10,0.00210959237298272
5761480994209806499,2021-10,0.0028677416354059423
6582676833651678345,2021-09,0.0006568968263258305
6582676833651678345,2021-09,0.0006293252163413788
6582676833651678345,2021-09,0.0014459695223451952
6582676833651678345,2021-09,0.001259476712061424
6582676833651678345,2021-09,0.0013456049755321373
6582676833651678345,2021-09,0.0014459695223451952
6582676833651678345,2021-10,0.0006088992205501572
6582676833651678345,2021-10,0.02091884065300964
6582676833651678345,2021-10,0.0005666026411035257
6582676833651678345,2021-10,0.0005666026411035257
6582676833651678345,2021-10,0.0006088992205501572
7403979270048469991,2021-09,0.003921528460454239
7403979270048469991,2021-09,0.0037273483311363494
696014079855281037,2021-09,0.041728815966795126
696014079855281037,2021-09,0.08542776648249865
696014079855281037,2021-09,0.08542776648249865
696014079855281037,2021-10,0.08947893964537458
696014079855281037,2021-10,0.08542776648249865
696014079855281037,2021-10,0.05795818094120894
696014079855281037,2021-10,0.08542776648249865
696014079855281037,2021-10,0.06201275713560976
1156053485989336481,2021-09,0.016921043828912605
1156053485989336481,2021-09,0.01875460876108737
1156053485989336481,2021-09,0.016921043828912605
1156053485989336481,2021-09,0.016921043828912605
1156053485989336481,2021-09,0.016921043828912605
1156053485989336481,2021-09,0.016921043828912605
1156053485989336481,2021-09,0.016921043828912605
1156053485989336481,2021-09,0.016921043828912605
1156053485989336481,2021-09,0.01875460876108737
1156053485989336481,2021-09,0.016921043828912605
1156053485989336481,2021-09,0.016921043828912605
1156053485989336481,2021-09,0.016921043828912605
1156053485989336481,2021-09,0.016921043828912605
1156053485989336481,2021-09,0.016921043828912605
1156053485989336481,2021-09,0.016921043828912605
1156053485989336481,2021-09,0.016921043828912605
1156053485989336481,2021-09,0.016921043828912605
1156053485989336481,2021-09,0.016921043828912605
1156053485989336481,2021-09,0.016921043828912605
1156053485989336481,2021-09,0.016921043828912605
1156053485989336481,2021-09,0.016921043828912605
1156053485989336481,2021-09,0.016921043828912605
1156053485989336481,2021-09,0.016921043828912605
1156053485989336481,2021-09,0.016921043828912605
1156053485989336481,2021-09,0.01875460876108737
1156053485989336481,2021-09,0.016921043828912605
1156053485989336481,2021-09,0.016921043828912605
1156053485989336481,2021-09,0.016921043828912605
1156053485989336481,2021-09,0.016921043828912605
1156053485989336481,2021-09,0.016921043828912605
1156053485989336481,2021-09,0.01875460876108737
1156053485989336481,2021-09,0.01875460876108737
1156053485989336481,2021-09,0.016921043828912605
1156053485989336481,2021-09,0.016921043828912605
1156053485989336481,2021-09,0.016921043828912605
1156053485989336481,2021-09,0.016921043828912605
1156053485989336481,2021-09,0.01875460876108737
1156053485989336481,2021-09,0.016921043828912605
1156053485989336481,2021-09,0.016921043828912605
1156053485989336481,2021-10,0.018395779863967923
1156053485989336481,2021-10,0.020385833468436886
1156053485989336481,2021-10,0.018395779863967923
1156053485989336481,2021-10,0.018395779863967923
1156053485989336481,2021-10,0.018395779863967923
1156053485989336481,2021-10,0.018389649295455012
1156053485989336481,2021-10,0.018395779863967923
1156053485989336481,2021-10,0.018395779863967923
1156053485989336481,2021-10,0.018395779863967923
1156053485989336481,2021-10,0.6023273267800869
1156053485989336481,2021-10,0.31096375558388584
1156053485989336481,2021-10,0.018395779863967923
1156053485989336481,2021-10,0.018395779863967923
1156053485989336481,2021-10,0.020385833468436886
1156053485989336481,2021-10,0.018395779863967923
1156053485989336481,2021-10,0.018395779863967923
1156053485989336481,2021-10,0.020385833468436886
1156053485989336481,2021-10,0.018395779863967923
1156053485989336481,2021-10,0.018395779863967923
1156053485989336481,2021-10,0.018395779863967923
1156053485989336481,2021-10,0.020385833468436886
1156053485989336481,2021-10,0.020385833468436886
1156053485989336481,2021-10,0.018395779863967923
1156053485989336481,2021-10,0.018395779863967923
1156053485989336481,2021-10,0.018395779863967923
1156053485989336481,2021-10,0.018395779863967923
1156053485989336481,2021-10,0.018395779863967923
1156053485989336481,2021-10,0.018395779863967923
1156053485989336481,2021-10,0.018395779863967923
7613717984547031729,2021-09,0.00311037013603596
7613717984547031729,2021-09,0.004050786244895769
7613717984547031729,2021-10,0.0024466699601829248
7613717984547031729,2021-10,0.0021084788955430837
5082813456193598086,2021-09,0.003978771448375157
5082813456193598086,2021-10,0.005373211725474651
5082813456193598086,2021-10,0.0029659713530358466
4235078665660987689,2021-09,0.006248048880817854
4235078665660987689,2021-09,0.00751784253639039
4235078665660987689,2021-09,0.00735385677103056
4235078665660987689,2021-09,0.007558995800885761
4235078665660987689,2021-10,0.009262575797311193
4235078665660987689,2021-10,0.009732274244707859
4235078665660987689,2021-10,0.008939778949149216
5462970244186515758,2021-09,0.0008273114579680293
5462970244186515758,2021-09,0.0010021182657364333
5462970244186515758,2021-09,0.0009547491516180839
5462970244186515758,2021-09,0.0012000885990938912
5462970244186515758,2021-09,0.0010021182657364333
5462970244186515758,2021-10,0.0009903144536302663
5462970244186515758,2021-10,0.0009903144536302663
5462970244186515758,2021-10,0.012622947683938313
5462970244186515758,2021-10,0.0009870602401005118
5462970244186515758,2021-10,0.0009870602401005118
5462970244186515758,2021-10,0.0009547491516180839
5462970244186515758,2021-10,0.0009870602401005118
1343530446996409207,2021-09,0.002397718590883242
1343530446996409207,2021-09,0.002035678542167695
1343530446996409207,2021-09,0.0045170850029833
1343530446996409207,2021-10,0.003985406801595294
1044568737046072781,2021-09,0.0172716923094461
1044568737046072781,2021-09,0.021637926190259938
1044568737046072781,2021-09,0.0172716923094461
1044568737046072781,2021-10,0.018767890078776762
7707459425750676368,2021-09,0.03655999894139597
7707459425750676368,2021-09,0.7283028109373897
7707459425750676368,2021-09,0.03655999894139597
7707459425750676368,2021-10,0.020920865313193274
7707459425750676368,2021-10,0.022837473708894395
761746217261797478,2021-09,0.0011294762253237002
761746217261797478,2021-09,0.001211462672237973
761746217261797478,2021-10,0.0012017119979947251
761746217261797478,2021-10,0.001183068202965236
1366416810235233769,2021-09,0.012782992466169813
1366416810235233769,2021-09,0.013444832248672595
1366416810235233769,2021-10,0.004488649385601652
4980232475645447238,2021-09,0.003131335110623567
4980232475645447238,2021-10,0.002582813150582375
2870813069335519467,2021-09,0.01941077020327894
7269781193318890653,2021-09,0.00334102466841098
7269781193318890653,2021-10,0.007265464418123789
7269781193318890653,2021-10,0.0026855375543614847
7269781193318890653,2021-10,0.0036120786772233997
9099218788416728596,2021-09,0.8697303375210693
9099218788416728596,2021-10,0.8563875790715189
2532435113844289043,2021-09,0.0018742978464133101
2532435113844289043,2021-09,0.0019966284396787546
2532435113844289043,2021-09,0.0031497904170955404
2532435113844289043,2021-09,0.0027575566614730347
2532435113844289043,2021-09,0.0019966284396787546
2532435113844289043,2021-09,0.0031497904170955404
2532435113844289043,2021-09,0.0019966284396787546
2532435113844289043,2021-09,0.0019966284396787546
2532435113844289043,2021-10,0.00306476861405961
2532435113844289043,2021-10,0.001991334097380221
2532435113844289043,2021-10,0.0029788508162199544
2532435113844289043,2021-10,0.0029788508162199544
2532435113844289043,2021-10,0.0017924971231792534
2532435113844289043,2021-10,0.0029788508162199544
2532435113844289043,2021-10,0.00306476861405961
7815839878620843192,2021-09,0.5562402658796399
7815839878620843192,2021-10,0.6048854677402811
3592461881055047578,2021-09,0.06824474815084389
3592461881055047578,2021-10,0.10303362252324573
107343823625119033,2021-09,0.0038603555392219702
107343823625119033,2021-09,0.0038603555392219702
107343823625119033,2021-09,0.0038603555392219702
107343823625119033,2021-09,0.0038603555392219702
107343823625119033,2021-10,0.0038012974915820866
4762256864594914240,2021-09,0.004321529055763294
4762256864594914240,2021-09,0.004053227897458105
4762256864594914240,2021-10,0.07391588341300857
2083323809219952960,2021-09,0.0049155764780464935
2083323809219952960,2021-09,0.002966361155145751
2083323809219952960,2021-09,0.002966361155145751
2083323809219952960,2021-09,0.002966361155145751
2083323809219952960,2021-09,0.003594931482547686
2083323809219952960,2021-09,0.0049155764780464935
2083323809219952960,2021-09,0.003594931482547686
2083323809219952960,2021-09,0.003594931482547686
2083323809219952960,2021-09,0.0025301072701108818
2083323809219952960,2021-09,0.0034609339172686107
2083323809219952960,2021-09,0.003050305845178247
2083323809219952960,2021-10,0.0036285894961498137
2083323809219952960,2021-10,0.002966361155145751
2083323809219952960,2021-10,0.0022296715241251906
2083323809219952960,2021-10,0.0025301072701108818
2083323809219952960,2021-10,0.0033843113884739063
2083323809219952960,2021-10,0.0025301072701108818
2083323809219952960,2021-10,0.0025301072701108818
2083323809219952960,2021-10,0.002966361155145751
2083323809219952960,2021-10,0.0025301072701108818
8901696535927078963,2021-09,0.00415772823124899
8901696535927078963,2021-09,0.003932468373780416
8901696535927078963,2021-09,0.003932468373780416
8901696535927078963,2021-10,0.00393771008083323
8901696535927078963,2021-10,0.003749954924574668
8901696535927078963,2021-10,0.003749954924574668
8901696535927078963,2021-10,0.00393771008083323
8901696535927078963,2021-10,0.00393771008083323
5176940320835464459,2021-09,0.001554366715642223
5176940320835464459,2021-09,0.001554366715642223
5176940320835464459,2021-09,0.0016002861944240901
5176940320835464459,2021-09,0.001554366715642223
5176940320835464459,2021-09,0.001554366715642223
5176940320835464459,2021-09,0.0014041223088869948
5176940320835464459,2021-09,0.0016002861944240901
5176940320835464459,2021-09,0.0015906561943287542
5176940320835464459,2021-09,0.001554366715642223
5176940320835464459,2021-09,0.001554366715642223
5176940320835464459,2021-09,0.0014041223088869948
5176940320835464459,2021-10,0.0016002861944240901
5176940320835464459,2021-10,0.001554366715642223
5176940320835464459,2021-10,0.0016002861944240901
5176940320835464459,2021-10,0.001554366715642223
5176940320835464459,2021-10,0.001242244604526597
5176940320835464459,2021-10,0.001242244604526597
5176940320835464459,2021-10,0.001554366715642223
5176940320835464459,2021-10,0.0043475541999451065
5176940320835464459,2021-10,0.002263931287330015
5176940320835464459,2021-10,0.0018600288756361288
5176940320835464459,2021-10,0.001554366715642223
3977861004707764824,2021-09,0.018022752749899847
3977861004707764824,2021-09,0.018022752749899847
3977861004707764824,2021-09,0.02002424548008594
3977861004707764824,2021-09,0.017281643819184744
3977861004707764824,2021-09,0.018022752749899847
3977861004707764824,2021-09,0.017281643819184744
3977861004707764824,2021-09,0.018022752749899847
3977861004707764824,2021-09,0.018022752749899847
3977861004707764824,2021-09,0.017281643819184744
3977861004707764824,2021-10,0.017810777599408814
3977861004707764824,2021-10,0.017078233647872428
3977861004707764824,2021-10,0.018976861130904264
3977861004707764824,2021-10,0.017078233647872428
3977861004707764824,2021-10,0.017078233647872428
3977861004707764824,2021-10,0.018529975876756026
3977861004707764824,2021-10,0.017768386959739275
4995679129936981612,2021-09,0.2541118403918179
4995679129936981612,2021-09,0.2667230087092794
4995679129936981612,2021-09,0.20680001155685798
5057726374207815794,2021-09,0.012008348500906053
6842075380768862290,2021-09,0.009390651053767386
6842075380768862290,2021-10,0.019992181744268266
6842075380768862290,2021-10,0.019992181744268266
2508429106201166689,2021-09,0.001130997159342383
2508429106201166689,2021-09,0.0019011672819193408
2508429106201166689,2021-10,0.0012835428896721414
2508429106201166689,2021-10,0.001163436033061753
5136739522477907100,2021-09,0.0038912008545465087
5136739522477907100,2021-09,0.004939720267623555
2530707686830644666,2021-09,0.005092756853533669
2530707686830644666,2021-09,0.00638884662583232
2530707686830644666,2021-10,0.006063711318704584
1553628056929342565,2021-09,0.00977075328500103
7930925883736021864,2021-09,0.04067794766227646
7930925883736021864,2021-09,0.04191816398224376
7930925883736021864,2021-09,0.04191816398224376
7930925883736021864,2021-09,0.040956135791426415
7930925883736021864,2021-09,0.04351620060884002
7930925883736021864,2021-09,0.04351620060884002
7930925883736021864,2021-09,0.04351620060884002
7930925883736021864,2021-09,0.03917987017119595
7930925883736021864,2021-09,0.03917987017119595
7930925883736021864,2021-09,0.03917987017119595
7930925883736021864,2021-09,0.040956135791426415
7930925883736021864,2021-09,0.06231136724946057
7930925883736021864,2021-10,0.006058110607509406
7930925883736021864,2021-10,0.006058110607509406
7930925883736021864,2021-10,0.005913995923838018
7930925883736021864,2021-10,0.005648555065762799
7930925883736021864,2021-10,0.005648555065762799
7930925883736021864,2021-10,0.006148262041655656
7930925883736021864,2021-10,0.005872368612848742
7458891296671174680,2021-09,0.12407901485181547
7458891296671174680,2021-10,0.12321541187921282
4327694790333781288,2021-09,0.00047765556759273985
4327694790333781288,2021-10,0.0004603154420587165
4327694790333781288,2021-10,0.0004603154420587165
4327694790333781288,2021-10,0.0005100604944314784
5108407319813072955,2021-09,0.0029565856354268343
5108407319813072955,2021-09,0.0023937685777621802
5108407319813072955,2021-10,0.0029565856354268343
180672270337706285,2021-09,0.6722366545893337
180672270337706285,2021-09,0.6507830262204543
180672270337706285,2021-10,0.7258203545149368
180672270337706285,2021-10,0.5420627800516988
180672270337706285,2021-10,0.6799958737623534
8576047157867370630,2021-09,0.06532529179922349
8576047157867370630,2021-09,0.06532529179922349
8576047157867370630,2021-10,0.05905840302415443
8576047157867370630,2021-10,0.05905840302415443
8576047157867370630,2021-10,0.05646456868243852
6941381638534728190,2021-09,0.0023419489092758143
6941381638534728190,2021-09,0.001097563789661961
6941381638534728190,2021-10,0.0010013767092811215
314309872114206760,2021-09,0.03750731148512869
314309872114206760,2021-09,0.03750731148512869
314309872114206760,2021-09,0.03750731148512869
314309872114206760,2021-09,0.03750731148512869
314309872114206760,2021-09,0.03750731148512869
314309872114206760,2021-09,0.03750731148512869
314309872114206760,2021-09,0.03750731148512869
314309872114206760,2021-09,0.03859096179796075
2771214050521171719,2021-09,0.0014304396250543335
2771214050521171719,2021-09,0.28992024465410116
2771214050521171719,2021-09,0.0012644288149583408
2771214050521171719,2021-09,0.28992024465410116
2771214050521171719,2021-10,0.0014799492753819344
2814790209436551216,2021-09,0.002467280556994463
2814790209436551216,2021-09,0.0041772978755722865
2814790209436551216,2021-10,0.0017242788368198503
7776069961364493674,2021-09,0.011150930516471275
7776069961364493674,2021-09,0.02337761569485195
7776069961364493674,2021-10,0.034196597152095415
7776069961364493674,2021-10,0.021920387389304834
7776069961364493674,2021-10,0.008930759358955442
7776069961364493674,2021-10,0.022258544872428104
3355881107559250653,2021-09,0.0023061922676825466
3355881107559250653,2021-09,0.0025353742458940993
3355881107559250653,2021-09,0.002301122209347963
3355881107559250653,2021-10,0.0023061922676825466
3355881107559250653,2021-10,0.002455592765171651
3355881107559250653,2021-10,0.0023811313569574053
3355881107559250653,2021-10,0.0023811313569574053
3355881107559250653,2021-10,0.0025353742458940993
3355881107559250653,2021-10,0.002455592765171651
3355881107559250653,2021-10,0.0023811313569574053
3355881107559250653,2021-10,0.0025353742458940993
3355881107559250653,2021-10,0.0023811313569574053
3355881107559250653,2021-10,0.0025353742458940993
3355881107559250653,2021-10,0.002301122209347963
3355881107559250653,2021-10,0.0023061922676825466
3355881107559250653,2021-10,0.002301122209347963
3931892303497206092,2021-09,0.008920005661367832
3931892303497206092,2021-09,0.009860268698207527
3931892303497206092,2021-10,0.008738628661903511
2943087245123311166,2021-09,0.010912678624936235
2943087245123311166,2021-09,0.020262885802622164
2943087245123311166,2021-09,0.05064151627899247
2943087245123311166,2021-09,0.01753627449371779
2943087245123311166,2021-10,0.06870081550558675
7720458526816091748,2021-09,0.052838260950435874
7720458526816091748,2021-09,0.05009135134535179
7720458526816091748,2021-09,0.08544823185765632
7720458526816091748,2021-10,0.08544823185765632
324916756972236008,2021-09,0.05855069423113256
324916756972236008,2021-09,0.04964806206056502
324916756972236008,2021-09,0.04964806206056502
324916756972236008,2021-09,0.04142665971444765
4679462479444735708,2021-09,0.020975716118469434
4679462479444735708,2021-09,0.036542729753817255
4679462479444735708,2021-09,0.014859353833502944
4679462479444735708,2021-10,0.013876007592518613
4679462479444735708,2021-10,0.019595659085874934
4679462479444735708,2021-10,0.015875713743023545
4679462479444735708,2021-10,0.019595659085874934
7347715771145302549,2021-09,0.002537951242834566
7347715771145302549,2021-09,0.0022963284355988272
7347715771145302549,2021-09,0.0032117169725647634
7347715771145302549,2021-09,0.002537951242834566
7347715771145302549,2021-10,0.003479666029691797
7347715771145302549,2021-10,0.052644635809160206
7347715771145302549,2021-10,0.002334231086034774
7347715771145302549,2021-10,0.003479666029691797
7347715771145302549,2021-10,0.0031655705035142745
8603678028264007695,2021-09,0.01429780367244811
8603678028264007695,2021-09,0.01429780367244811
8603678028264007695,2021-10,0.015850183920215366
8603678028264007695,2021-10,0.02332432922149112
8603678028264007695,2021-10,0.015850183920215366
4817816966382229074,2021-09,0.0022212879095850555
4817816966382229074,2021-10,0.0018535646511842851
5067621068959932809,2021-09,0.04658346677022812
5067621068959932809,2021-09,0.1116012111290797
5067621068959932809,2021-10,0.06825530016602535
4530631557358349711,2021-09,0.00495783585957482
4530631557358349711,2021-09,0.006554341370229111
4530631557358349711,2021-10,0.004618977493348001
4530631557358349711,2021-10,0.006554341370229111
8503092146854371576,2021-09,0.0007970937914967149
8503092146854371576,2021-10,0.0034986795340331443
6545052034269841737,2021-09,0.0030732019164335838
6545052034269841737,2021-09,0.0030732019164335838
6545052034269841737,2021-09,0.0035386062004408433
6545052034269841737,2021-09,0.003109923313658185
6545052034269841737,2021-10,0.003178722494316927
6545052034269841737,2021-10,0.012331349548690345
6545052034269841737,2021-10,0.003178722494316927
6545052034269841737,2021-10,0.0036600480982588147
6546850858912852316,2021-09,0.23333883294649477
6546850858912852316,2021-09,0.24525805391968467
6546850858912852316,2021-09,0.18790792570124473
6546850858912852316,2021-09,0.18790792570124473
2929243640075785940,2021-09,0.005860992644289923
2929243640075785940,2021-09,0.006090619695156331
2929243640075785940,2021-09,0.008250671216445227
2929243640075785940,2021-09,0.0045349347368638234
2929243640075785940,2021-09,0.005456375439216323
2929243640075785940,2021-10,0.0051819900939006945
2929243640075785940,2021-10,0.00432332924079437
903093877129717133,2021-09,0.0011674673263960833
903093877129717133,2021-09,0.0011674673263960833
903093877129717133,2021-09,0.0011674673263960833
903093877129717133,2021-09,0.0011674673263960833
903093877129717133,2021-09,0.0011674673263960833
903093877129717133,2021-10,0.0012565450956935405
903093877129717133,2021-10,0.0012565450956935405
903093877129717133,2021-10,0.0012565450956935405
903093877129717133,2021-10,0.0012565450956935405
903093877129717133,2021-10,0.0011110666828328627
903093877129717133,2021-10,0.0012565450956935405
8826489829259520138,2021-09,0.0012517820259178231
8826489829259520138,2021-09,0.0012517820259178231
511305041047444825,2021-09,0.01040385643127596
511305041047444825,2021-10,0.008971639270133627
511305041047444825,2021-10,0.009475454243550004
511305041047444825,2021-10,0.022276697618063848
3118152790263512426,2021-09,0.008743977922463887
3118152790263512426,2021-09,0.007678058979308958
3118152790263512426,2021-10,0.005105392174575794
4740535838297269949,2021-09,0.0016984917066179847
4740535838297269949,2021-09,0.0019660215025050424
4740535838297269949,2021-09,0.0019067837833128844
4740535838297269949,2021-10,0.001977929719374856
4740535838297269949,2021-10,0.0021017913812843452
4740535838297269949,2021-10,0.0017618795657080748
340285351737204923,2021-09,0.02101338087100422
340285351737204923,2021-09,0.02101338087100422
340285351737204923,2021-09,0.02101338087100422
340285351737204923,2021-10,0.019417477423124604
5166128847048245697,2021-09,0.0026047386716230507
5166128847048245697,2021-10,0.0029167350034257117
792560389712312178,2021-09,0.0013984264694838387
792560389712312178,2021-09,0.0009132486591156537
792560389712312178,2021-09,0.0009337485527740328
792560389712312178,2021-09,0.0014083084089136077
792560389712312178,2021-10,0.0008680990403121528
792560389712312178,2021-10,0.001738086451269135
4465150716052427320,2021-09,0.012427846791580065
4465150716052427320,2021-09,0.01172211080770122
4465150716052427320,2021-09,0.005194468151202509
4465150716052427320,2021-10,0.008767211226836187
4465150716052427320,2021-10,0.03028950733510635
5432443358006556295,2021-09,0.005353598394974215
5432443358006556295,2021-10,0.005735909668319987
5432443358006556295,2021-10,0.004082982783823526
5883155883105348987,2021-09,0.06472909138910755
5883155883105348987,2021-09,0.025744706665685048
5883155883105348987,2021-09,0.027623286973402737
5883155883105348987,2021-09,0.027623286973402737
5883155883105348987,2021-09,0.026547626491513997
5883155883105348987,2021-10,0.025744706665685048
5883155883105348987,2021-10,0.027398045511618067
5883155883105348987,2021-10,0.03548917765950192
5883155883105348987,2021-10,0.025744706665685048
5883155883105348987,2021-10,0.027398045511618067
5883155883105348987,2021-10,0.025744706665685048
5883155883105348987,2021-10,0.027398045511618067
5883155883105348987,2021-10,0.025744706665685048
5883155883105348987,2021-10,0.04052960539425408
5883155883105348987,2021-10,0.027398045511618067
4995217181024687397,2021-09,0.006053333331299216
4995217181024687397,2021-09,0.005742426775328121
4995217181024687397,2021-09,0.006222997502706423
4995217181024687397,2021-10,0.006097440394784386
4995217181024687397,2021-10,0.006197892261912473
4995217181024687397,2021-10,0.005495544022417952
8874257794774679816,2021-09,0.0034013164163396105
8874257794774679816,2021-09,0.008099939292387387
8874257794774679816,2021-09,0.006116714060551268
8874257794774679816,2021-09,0.0057332620934043566
8874257794774679816,2021-09,0.01154076021120289
8874257794774679816,2021-09,0.00938614312507583
8874257794774679816,2021-10,0.00938614312507583
8874257794774679816,2021-10,0.009648764653985953
8874257794774679816,2021-10,0.004541273989658043
8874257794774679816,2021-10,0.004417048885619356
8195468623809753777,2021-09,0.007045079630109299
8195468623809753777,2021-09,0.003054176636055741
8195468623809753777,2021-09,0.007045079630109299
8195468623809753777,2021-10,0.004124391209144683
8195468623809753777,2021-10,0.006866867441460644
8195468623809753777,2021-10,0.004090515308033508
7535160686416710323,2021-09,0.0021531482992298303
7535160686416710323,2021-09,0.0029672129136318125
7535160686416710323,2021-09,0.0029672129136318125
7535160686416710323,2021-10,0.0031643780775068467
7535160686416710323,2021-10,0.002197401664305574
652740132671309295,2021-09,0.03578153533683678
652740132671309295,2021-10,0.040433768095541396
8305404138704642088,2021-09,0.022883837095293413
2006188298374001315,2021-09,0.003346120949024748
2006188298374001315,2021-09,0.003346120949024748
2006188298374001315,2021-10,0.005046340052905865
2006188298374001315,2021-10,0.004932430868818051
6020593949794792044,2021-09,0.009155500832689874
6020593949794792044,2021-09,0.009155500832689874
6020593949794792044,2021-09,0.009155500832689874
6020593949794792044,2021-09,0.009998212219774308
6020593949794792044,2021-09,0.006592038029624888
6020593949794792044,2021-10,0.009199490699715296
6020593949794792044,2021-10,0.008940937861623269
6020593949794792044,2021-10,0.008746373607213188
2678966409665050034,2021-09,0.00381079653509808
2678966409665050034,2021-10,0.11260926534646988
2678966409665050034,2021-10,0.03354555185218901
2678966409665050034,2021-10,0.0056623775875647335
2678966409665050034,2021-10,0.003951322625094069
1276604410881911401,2021-09,0.008131861523562527
1276604410881911401,2021-09,0.008131861523562527
1276604410881911401,2021-09,0.00937637171999209
1276604410881911401,2021-09,0.008131861523562527
1276604410881911401,2021-09,0.00937637171999209
1276604410881911401,2021-09,0.00937637171999209
1276604410881911401,2021-10,0.00768116610426519
1276604410881911401,2021-10,0.007985045565691145
1276604410881911401,2021-10,0.00768116610426519
1276604410881911401,2021-10,0.007985045565691145
5409960473983330744,2021-09,0.025258968149230496
5409960473983330744,2021-09,0.03024696167400859
5409960473983330744,2021-10,0.0171088455558501
5409960473983330744,2021-10,0.02052128407743991
5409960473983330744,2021-10,0.0171088455558501
5409960473983330744,2021-10,0.01767319682568284
8889055492416898333,2021-09,0.09666158476560963
8889055492416898333,2021-09,0.11040439258868186
8889055492416898333,2021-10,0.027384120676749342
8889055492416898333,2021-10,0.027384120676749342
8889055492416898333,2021-10,0.012424206081481374
8724731934863284019,2021-09,0.01129216684462845
8724731934863284019,2021-09,0.01129216684462845
8724731934863284019,2021-10,0.014254533604675075
3022528659032597047,2021-09,0.016659427064526965
3022528659032597047,2021-10,0.01696319751192222
3022528659032597047,2021-10,0.4940239689386592
3022528659032597047,2021-10,0.012571728556533173
3022528659032597047,2021-10,0.01732907960405783
7120090169052575663,2021-09,0.0024853815082288414
7120090169052575663,2021-09,0.0024853815082288414
7120090169052575663,2021-10,0.0024258843274118204
7120090169052575663,2021-10,0.0029380804497539806
963687627963462983,2021-09,0.0008579078987546073
963687627963462983,2021-09,0.0008579078987546073
963687627963462983,2021-09,0.0008579078987546073
963687627963462983,2021-09,0.0008579078987546073
963687627963462983,2021-10,0.0008853896689365858
963687627963462983,2021-10,0.0007527239571119405
963687627963462983,2021-10,0.0008853896689365858
4003696935579172837,2021-09,0.8218481404518191
472772897496154354,2021-09,0.004811277007741354
472772897496154354,2021-09,0.0053861255473005056
472772897496154354,2021-10,0.02684953284557614
5304536516981778801,2021-09,0.0014632676468741457
5304536516981778801,2021-09,0.002091286972037539
5304536516981778801,2021-09,0.002091286972037539
5304536516981778801,2021-10,0.002481310779131386
5304536516981778801,2021-10,0.0023883937879702216
5304536516981778801,2021-10,0.002791491499415523
4972567100282306577,2021-09,0.005790639587752619
4972567100282306577,2021-09,0.005616811773329227
4972567100282306577,2021-09,0.005790639587752619
4972567100282306577,2021-10,0.005992239680108695
4972567100282306577,2021-10,0.005992239680108695
4972567100282306577,2021-10,0.005992239680108695
4972567100282306577,2021-10,0.005992239680108695
5301988619224057921,2021-09,0.40270351550486116
5301988619224057921,2021-09,0.40270351550486116
5301988619224057921,2021-09,0.3924661608860396
5301988619224057921,2021-09,0.4224306640599871
5301988619224057921,2021-09,0.4224306640599871
5301988619224057921,2021-09,0.4224306640599871
5301988619224057921,2021-09,0.4224306640599871
5301988619224057921,2021-09,0.4190340421088206
5301988619224057921,2021-10,0.8988495568356017
5301988619224057921,2021-10,0.44258709832661725
5301988619224057921,2021-10,0.44258709832661725
5301988619224057921,2021-10,0.44258709832661725
5301988619224057921,2021-10,0.44258709832661725
6927178425683104769,2021-09,0.002254612955863343
6927178425683104769,2021-09,0.002254612955863343
6927178425683104769,2021-09,0.0030897559491671767
6927178425683104769,2021-10,0.002114540181800213
6927178425683104769,2021-10,0.0021662699271464986
6927178425683104769,2021-10,0.0020344202281961043
3997247264680905799,2021-09,0.003819841416319787
3997247264680905799,2021-09,0.0038031661709932523
3997247264680905799,2021-09,0.008491735651463463
3997247264680905799,2021-09,0.003275573254414328
3997247264680905799,2021-10,0.008289502248235795
3997247264680905799,2021-10,0.0035341299359012324
3997247264680905799,2021-10,0.008289502248235795
3997247264680905799,2021-10,0.0029479754266689305
3997247264680905799,2021-10,0.003810338744992965
5274777191770957761,2021-09,0.1485027404195809
5274777191770957761,2021-09,0.1662844611058506
5274777191770957761,2021-09,0.11187912747566757
5274777191770957761,2021-09,0.08289605013750964
5274777191770957761,2021-09,0.10107235409801901
5274777191770957761,2021-09,0.15951678803186858
5274777191770957761,2021-09,0.09263160210537473
5274777191770957761,2021-10,0.16101658706476016
5460280878923715699,2021-09,0.002438732987134189
5460280878923715699,2021-09,0.002438732987134189
5460280878923715699,2021-10,0.05850584098784901
7970976988071755401,2021-09,0.0429040968616514
7970976988071755401,2021-09,0.04348628601660669
7970976988071755401,2021-10,0.08435439404432317
7970976988071755401,2021-10,0.057364303079865286
2983174282784691273,2021-09,0.0032074176527887403
2983174282784691273,2021-09,0.0032074176527887403
2983174282784691273,2021-10,0.002764832310348883
2983174282784691273,2021-10,0.0026654346744134703
2983174282784691273,2021-10,0.0026654346744134703
2983174282784691273,2021-10,0.002764832310348883
2983174282784691273,2021-10,0.002764832310348883
2983174282784691273,2021-10,0.0030313382515011348
2983174282784691273,2021-10,0.0030313382515011348
2983174282784691273,2021-10,0.0030313382515011348
2983174282784691273,2021-10,0.002463040559505711
5726178124659661019,2021-09,0.0010696539491087508
5726178124659661019,2021-09,0.0010696539491087508
5726178124659661019,2021-09,0.0010696539491087508
5726178124659661019,2021-09,0.0009889415895939274
5726178124659661019,2021-09,0.0010696539491087508
5726178124659661019,2021-09,0.0010696539491087508
5726178124659661019,2021-09,0.0009889415895939274
5726178124659661019,2021-10,0.000984663486134324
5726178124659661019,2021-10,0.0014089135058016975
5726178124659661019,2021-10,0.000910358366328004
5726178124659661019,2021-10,0.0009620784488103799
7908414709866823255,2021-09,0.0073763883206316005
7908414709866823255,2021-09,0.0073763883206316005
7908414709866823255,2021-09,0.004493267242205258
7908414709866823255,2021-10,0.015279352179160715
7908414709866823255,2021-10,0.013873789559747829
7908414709866823255,2021-10,0.014271528339476463
7908414709866823255,2021-10,0.013873789559747829
7908414709866823255,2021-10,0.008472783674769922
7908414709866823255,2021-10,0.014186562903795759
7908414709866823255,2021-10,0.014898446787190198
8271604276097280304,2021-09,0.00448035898298034
8271604276097280304,2021-09,0.005072532575588073
9206030810342980458,2021-09,0.006770020079397446
9206030810342980458,2021-09,0.006770020079397446
2302464746243069589,2021-09,0.003035572976339499
2302464746243069589,2021-10,0.004080595734312891
2022367282554149730,2021-09,0.002006669264126207
2022367282554149730,2021-09,0.002006669264126207
2022367282554149730,2021-09,0.002006669264126207
2022367282554149730,2021-09,0.0018912349889685105
2022367282554149730,2021-09,0.0018912349889685105
2022367282554149730,2021-10,0.0017710014783463629
2022367282554149730,2021-10,0.0017710014783463629
2022367282554149730,2021-10,0.0018791109427307542
2022367282554149730,2021-10,0.0018791109427307542
2022367282554149730,2021-10,0.0018791109427307542
2022367282554149730,2021-10,0.0017710014783463629
2333404192508932057,2021-09,0.005436950399751881
2333404192508932057,2021-09,0.005220616229099055
2333404192508932057,2021-09,0.005220616229099055
2333404192508932057,2021-09,0.005220616229099055
2333404192508932057,2021-10,0.010824621033121578
2333404192508932057,2021-10,0.3029089285878568
2333404192508932057,2021-10,0.010693711874696515
2333404192508932057,2021-10,0.0059737178135013105
2333404192508932057,2021-10,0.0059737178135013105
2333404192508932057,2021-10,0.010693711874696515
2333404192508932057,2021-10,0.004340419837214165
2333404192508932057,2021-10,0.0059737178135013105
2333404192508932057,2021-10,0.008106462344859698
1234611356650812259,2021-09,0.059789636936182416
326257359176916767,2021-09,0.0011500523017262663
326257359176916767,2021-09,0.0011500523017262663
326257359176916767,2021-09,0.0011500523017262663
6164364689409425900,2021-09,0.0012812622910745165
6164364689409425900,2021-09,0.001153269373821855
5263285038415073073,2021-09,0.26542904670811207
5263285038415073073,2021-09,0.2076431861175599
2380458252615213706,2021-09,0.03035571036692827
2380458252615213706,2021-10,0.030619959557733768
2380458252615213706,2021-10,0.03608733961375555
5854364934896993687,2021-09,0.00760555269947062
5854364934896993687,2021-09,0.01003224500664382
6284433051333854194,2021-09,0.0030757801003938835
6284433051333854194,2021-09,0.0020739057297867736
6284433051333854194,2021-09,0.002188610765541678
6284433051333854194,2021-10,0.0031548017302455585
6284433051333854194,2021-10,0.003012827839766448
7590999900861381526,2021-09,0.005452864466474913
7590999900861381526,2021-09,0.0063889490465486
7590999900861381526,2021-10,0.006777001643505462
9127318190908282126,2021-09,0.0034676643095705893
9127318190908282126,2021-10,0.005173456061074747
9127318190908282126,2021-10,0.0060334741879603205
6055278873962623670,2021-09,0.00637761525134668
8511588642284189303,2021-09,0.0202861602282994
8511588642284189303,2021-09,0.0202861602282994
8511588642284189303,2021-10,0.019441356440958246
7742008298942700792,2021-09,0.6864413972338076
7742008298942700792,2021-10,0.6691986937254554
3095408468798675621,2021-09,0.001302935418168474
3095408468798675621,2021-09,0.0012357117389524288
3095408468798675621,2021-09,0.0012357117389524288
3095408468798675621,2021-09,0.0012827232231831336
3095408468798675621,2021-10,0.0011413355550243041
3095408468798675621,2021-10,0.0011045794620939647
7231408738455755015,2021-09,0.7579336072715089
7231408738455755015,2021-10,0.7406654039844782
7231408738455755015,2021-10,0.8343051558117333
8909740532547211288,2021-09,0.002907454811802603
8909740532547211288,2021-09,0.002907454811802603
8909740532547211288,2021-09,0.002907454811802603
8909740532547211288,2021-09,0.002907454811802603
8909740532547211288,2021-09,0.002907454811802603
8909740532547211288,2021-09,0.0033810829184517076
8909740532547211288,2021-09,0.0033810829184517076
8909740532547211288,2021-10,0.002907454811802603
8909740532547211288,2021-10,0.002783458028503928
8909740532547211288,2021-10,0.002783458028503928
8909740532547211288,2021-10,0.0026509078918282377
2573553293518763494,2021-09,0.009327272217380108
2573553293518763494,2021-10,0.008869839142547825
2573553293518763494,2021-10,0.0087913363022113
6969348581033924947,2021-09,0.0024447092520527678
6969348581033924947,2021-09,0.002726379986481792
6969348581033924947,2021-09,0.005293704323163956
6969348581033924947,2021-09,0.002726379986481792
6969348581033924947,2021-09,0.002810804323665777
6969348581033924947,2021-09,0.002726379986481792
6969348581033924947,2021-09,0.002726379986481792
6969348581033924947,2021-10,0.0034679253552538005
6969348581033924947,2021-10,0.0038670304155532438
6969348581033924947,2021-10,0.003044170354588342
6969348581033924947,2021-10,0.003044170354588342
6969348581033924947,2021-10,0.0027297575841683875
6969348581033924947,2021-10,0.0038670304155532438
6969348581033924947,2021-10,0.0038670304155532438
7963861799566207637,2021-09,0.00043487472949513473
7963861799566207637,2021-09,0.0007407938792281254
7963861799566207637,2021-10,0.0006625047869412114
3263212305228307743,2021-09,0.0007538028477541845
3263212305228307743,2021-10,0.0008830044302090235
6662531979151878793,2021-09,0.016382764549730276
6662531979151878793,2021-09,0.016382764549730276
6662531979151878793,2021-09,0.006676566215695829
6754039979151386401,2021-09,0.001094914685118807
6754039979151386401,2021-09,0.0012123833056933598
6754039979151386401,2021-10,0.002580926183650284
5689766561863956319,2021-09,0.010522452639564974
5689766561863956319,2021-09,0.008975257816728616
6061850657256270336,2021-09,0.010132209119074644
6061850657256270336,2021-09,0.005381944191347823
6061850657256270336,2021-10,0.003539947976534944
6061850657256270336,2021-10,0.003539947976534944
6061850657256270336,2021-10,0.004699058999083718
6061850657256270336,2021-10,0.0035102190776406606
8374461419511631785,2021-09,0.005697828126329333
8374461419511631785,2021-09,0.0062232640857692
2119292203323657032,2021-09,0.0014721425771560572
2119292203323657032,2021-09,0.0018093989437969293
2119292203323657032,2021-09,0.0012147438537448122
2119292203323657032,2021-10,0.001772003864849924
2119292203323657032,2021-10,0.002680730853683849
7787306805605072964,2021-09,0.32896306760253863
7787306805605072964,2021-09,0.3374436888532043
7787306805605072964,2021-10,0.3941951179566347
5864443060004179363,2021-09,0.001641431282839133
5864443060004179363,2021-09,0.007732726705439512
5864443060004179363,2021-09,0.0020462177833302625
5864443060004179363,2021-09,0.0014382746875562739
5864443060004179363,2021-09,0.0018476409587833947
5864443060004179363,2021-10,0.008103607677606626
5864443060004179363,2021-10,0.03187128681043746
5864443060004179363,2021-10,0.0017206650614620905
5864443060004179363,2021-10,0.008103607677606626
5864443060004179363,2021-10,0.007579286129823164
3480297543931395935,2021-09,0.08452146930038874
3480297543931395935,2021-09,0.10926513737594665
3480297543931395935,2021-09,0.07807215489669994
3480297543931395935,2021-10,0.13206673752313042
3480297543931395935,2021-10,0.1509381640437287
3480297543931395935,2021-10,0.14345163688531593
8623308321032624474,2021-09,0.1092968277211763
8623308321032624474,2021-10,0.10518642992687774
4432551314797496562,2021-09,0.7789251959951065
2658946240987854807,2021-09,0.0019478430596570272
2658946240987854807,2021-10,0.08490758973917083
312543480920432545,2021-09,0.001103626921003542
312543480920432545,2021-09,0.0009046657669637696
312543480920432545,2021-09,0.0019082085161351208
312543480920432545,2021-10,0.0009375732291013165
312543480920432545,2021-10,0.001103626921003542
312543480920432545,2021-10,0.0009657588637231425
7182085930008391174,2021-09,0.009108316127525334
7182085930008391174,2021-10,0.012647524647360702
7870373680211625064,2021-09,0.021208264009472684
7870373680211625064,2021-09,0.019709706502751778
7870373680211625064,2021-10,0.022128114252687757
7870373680211625064,2021-10,0.0205659265896262
7870373680211625064,2021-10,0.0205659265896262
7870373680211625064,2021-10,0.0205659265896262
8785648114090695180,2021-09,0.006372962123183029
8785648114090695180,2021-09,0.005485873229288605
6448580780254847411,2021-09,0.002054403322393048
6448580780254847411,2021-09,0.002054403322393048
2951563549197799278,2021-09,0.0030208376627297888
2951563549197799278,2021-09,0.0025421000577517026
2951563549197799278,2021-10,0.0030208376627297888
2951563549197799278,2021-10,0.0030208376627297888
2951563549197799278,2021-10,0.0024458195620147894
4061297388883391410,2021-09,0.002125825344936134
4061297388883391410,2021-09,0.0016893861461206808
4061297388883391410,2021-10,0.019592528723913576
4061297388883391410,2021-10,0.002125825344936134
4061297388883391410,2021-10,0.0016893861461206808
968400235888951633,2021-09,0.0016444346647241377
968400235888951633,2021-09,0.0016444346647241377
968400235888951633,2021-10,0.0019914683595004742
968400235888951633,2021-10,0.0021730041763849033
968400235888951633,2021-10,0.0021730041763849033
968400235888951633,2021-10,0.0021730041763849033
968400235888951633,2021-10,0.0019914683595004742
6865071386683133124,2021-09,0.020219170400286715
6865071386683133124,2021-09,0.027539198281135612
9101617110967101591,2021-09,0.018655555310676086
8041261093764417881,2021-09,0.0015823523548135906
8041261093764417881,2021-09,0.0015823523548135906
8041261093764417881,2021-10,0.0018669292685799062
8041261093764417881,2021-10,0.00144436352505818
8041261093764417881,2021-10,0.0018950695627683025
8041261093764417881,2021-10,0.0018669292685799062
5694881483989656694,2021-09,0.007950932518916607
6759864637454708017,2021-09,0.05342371289085444
6759864637454708017,2021-09,0.05342371289085444
6759864637454708017,2021-09,0.05342371289085444
6759864637454708017,2021-09,0.05395701184286387
6759864637454708017,2021-09,0.05395701184286387
6759864637454708017,2021-10,0.013633680307074826
6759864637454708017,2021-10,0.013775558176804927
6759864637454708017,2021-10,0.013633680307074826
6759864637454708017,2021-10,0.013633680307074826
6759864637454708017,2021-10,0.013775558176804927
417157680860985231,2021-09,0.0005344188841457023
417157680860985231,2021-09,0.13603514977259262
417157680860985231,2021-09,0.0006782750441790201
417157680860985231,2021-09,0.0006740620702414274
417157680860985231,2021-10,0.0006782750441790201
417157680860985231,2021-10,0.0010594228423859216
4661684997487171886,2021-09,0.004605004839639353
4661684997487171886,2021-09,0.002889869739709338
4661684997487171886,2021-10,0.005594685696700537
4661684997487171886,2021-10,0.005467290615973806
3415156360538677905,2021-09,0.008030112263044065
1097345589386012260,2021-09,0.0017646382775644899
1097345589386012260,2021-10,0.0018933211241080991
1613152204777372951,2021-09,0.013069747079095017
5048392903148444335,2021-09,0.01385710438368694
5048392903148444335,2021-10,0.014869903756833244
5558533999208199371,2021-09,0.32123696252274986
7215093571368368138,2021-09,0.43916503538142365
7215093571368368138,2021-09,0.34323336351515155
7215093571368368138,2021-10,0.3696716061797643
7215093571368368138,2021-10,0.34723739565459405
7215093571368368138,2021-10,0.3696716061797643
7215093571368368138,2021-10,0.21235885568402169
1415340753324392369,2021-09,0.013558553196245372
1299146298565441811,2021-09,0.014652943209927683
1299146298565441811,2021-10,0.07796122014283238
3605652314611460806,2021-09,0.007993792114824533
3605652314611460806,2021-10,0.00983445571521388
3605652314611460806,2021-10,0.019854069058075362
2233850024349336054,2021-09,0.010764195063787578
835441927760881602,2021-09,0.16175834738411848
835441927760881602,2021-09,0.15317648690092855
835441927760881602,2021-10,0.20529989296515197
835441927760881602,2021-10,0.20529989296515197
4296149971687628223,2021-09,0.006650711927849214
4296149971687628223,2021-09,0.006464917613873581
4296149971687628223,2021-10,0.005945335257907711
8609211777002937758,2021-09,0.0019619449256187975
8609211777002937758,2021-09,0.0018388432835546912
8609211777002937758,2021-09,0.003072525244097936
8609211777002937758,2021-09,0.0031129698780210393
8609211777002937758,2021-10,0.003149258900163211
4593070249039532001,2021-09,0.00110367714943656
4593070249039532001,2021-10,0.0009757902359799737
4593070249039532001,2021-10,0.0009543682238975829
4593070249039532001,2021-10,0.0009757902359799737
4724876423989598202,2021-09,0.006502253372839851
4724876423989598202,2021-09,0.0036997603182314133
4724876423989598202,2021-10,0.033580472490812315
4724876423989598202,2021-10,0.0024338521775728412
4724876423989598202,2021-10,0.006502253372839851
4724876423989598202,2021-10,0.006502253372839851
4724876423989598202,2021-10,0.006210574413036979
4724876423989598202,2021-10,0.002197168677603129
5999145415800242177,2021-09,0.013191143782056538
5999145415800242177,2021-10,0.015328205793704435
5999145415800242177,2021-10,0.06720374969571875
5999145415800242177,2021-10,0.01519467323968
1292049196559782171,2021-09,0.0016236963994054304
1292049196559782171,2021-09,0.0014462832387088563
1292049196559782171,2021-09,0.0016236963994054304
1292049196559782171,2021-10,0.0016802550318397217
1292049196559782171,2021-10,0.0016802550318397217
1192891347324061812,2021-09,0.0023177900809372206
1192891347324061812,2021-09,0.0025289969521393027
1192891347324061812,2021-09,0.0023177900809372206
1192891347324061812,2021-10,0.0023410432664227993
1192891347324061812,2021-10,0.0023410432664227993
4165983075385227812,2021-09,0.003569520390870433
6056959220685085102,2021-09,0.006835186539405034
6056959220685085102,2021-10,0.8045942750574115
6056959220685085102,2021-10,0.006720636185203897
6056959220685085102,2021-10,0.005495223927084013
6056959220685085102,2021-10,0.006720636185203897
8348574220426911086,2021-09,0.007503975109431396
8348574220426911086,2021-09,0.006716376680323868
8348574220426911086,2021-09,0.00909043212662725
8348574220426911086,2021-10,0.006716376680323868
8348574220426911086,2021-10,0.008438564854933304
4347826483121154490,2021-09,0.002231145713194046
4347826483121154490,2021-09,0.0018558954487029981
4347826483121154490,2021-09,0.020606801363610282
4347826483121154490,2021-09,0.0018558954487029981
4347826483121154490,2021-10,0.0027085089311659322
4347826483121154490,2021-10,0.0037774383074018654
4347826483121154490,2021-10,0.020575188473889908
4347826483121154490,2021-10,0.004569712504484164
3382609338395832683,2021-09,0.022984835156682856
3382609338395832683,2021-09,0.020381906703323054
2397171153213063761,2021-09,0.005894695817002391
2397171153213063761,2021-09,0.005894695817002391
2397171153213063761,2021-09,0.005818321105956214
2397171153213063761,2021-09,0.006050307821757828
2397171153213063761,2021-09,0.006050307821757828
2397171153213063761,2021-09,0.006129708951728198
2397171153213063761,2021-09,0.006294949883972703
2397171153213063761,2021-09,0.006545815504203996
2397171153213063761,2021-10,0.004798594238578629
2397171153213063761,2021-10,0.005643262803143817
2397171153213063761,2021-10,0.004861648870553102
2397171153213063761,2021-10,0.005643262803143817
2397171153213063761,2021-10,0.005643262803143817
2397171153213063761,2021-10,0.005643262803143817
2397171153213063761,2021-10,0.005643262803143817
2397171153213063761,2021-10,0.013504992532511752
2397171153213063761,2021-10,0.017423559467159754
2408009918678280470,2021-09,0.007874962638627749
2408009918678280470,2021-09,0.007874962638627749
2408009918678280470,2021-09,0.007874962638627749
2408009918678280470,2021-09,0.007874962638627749
2408009918678280470,2021-09,0.0070855521658215615
2408009918678280470,2021-09,0.007874962638627749
2408009918678280470,2021-10,0.006537972762015418
2408009918678280470,2021-10,0.006537972762015418
2408009918678280470,2021-10,0.007559765901432112
2408009918678280470,2021-10,0.008067285623557565
2408009918678280470,2021-10,0.006537972762015418
2408009918678280470,2021-10,0.006537972762015418
2408009918678280470,2021-10,0.006749610692596879
2408009918678280470,2021-10,0.006749610692596879
1958660709350677213,2021-09,0.06359347223116649
1958660709350677213,2021-10,0.06359347223116649
5860276371789140450,2021-09,0.051505776222234345
5860276371789140450,2021-10,0.052798769862836166
2201150681962815877,2021-09,0.00596660234105754
2201150681962815877,2021-09,0.0071783169133268826
7142043104834932013,2021-09,0.03641917685700164
7142043104834932013,2021-09,0.04106304934636465
7142043104834932013,2021-10,0.045459651326111426
7142043104834932013,2021-10,0.045625078776795766
6134696632487351445,2021-09,0.002056355853177858
6134696632487351445,2021-09,0.001876038184038928
4660230701075746534,2021-09,0.186593604690638
8536031856585966123,2021-09,0.02856020871285387
8536031856585966123,2021-09,0.02856020871285387
2214132103234633622,2021-09,0.005057143615663791
2214132103234633622,2021-09,0.005057143615663791
2214132103234633622,2021-09,0.005606432067779014
2214132103234633622,2021-10,0.006521033495922976
2214132103234633622,2021-10,0.016192649228323346
2214132103234633622,2021-10,0.010809196673634072
2214132103234633622,2021-10,0.005136363827082713
2214132103234633622,2021-10,0.01638207754755619
1118514612547157551,2021-09,0.0638205996176224
1118514612547157551,2021-09,0.0638205996176224
1118514612547157551,2021-09,0.06025628092255331
1118514612547157551,2021-09,0.0638205996176224
1118514612547157551,2021-09,0.06025628092255331
1118514612547157551,2021-10,0.22014350087301013
1118514612547157551,2021-10,0.0638205996176224
4524147234488547993,2021-09,0.007641708770632605
4524147234488547993,2021-09,0.008879249319799856
4524147234488547993,2021-10,0.010166061417907997
4524147234488547993,2021-10,0.010166061417907997
8961924617442201922,2021-09,0.0014050569469945208
8961924617442201922,2021-10,0.001435394122528858
8961924617442201922,2021-10,0.0019998204434706116
8961924617442201922,2021-10,0.003703666549024953
3093415403379897112,2021-09,0.004344663547669014
3093415403379897112,2021-09,0.005632537619030706
3093415403379897112,2021-10,0.007145395161092561
3093415403379897112,2021-10,0.00495526616574198
170089315547146305,2021-09,0.06414026997476897
170089315547146305,2021-09,0.07129502040684785
170089315547146305,2021-09,0.07129502040684785
170089315547146305,2021-09,0.09832278370069807
170089315547146305,2021-10,0.09807698537288567
170089315547146305,2021-10,0.06414026997476897
170089315547146305,2021-10,0.06414026997476897
170089315547146305,2021-10,0.06414026997476897
7177785309735471560,2021-09,0.0008339198062501241
7177785309735471560,2021-09,0.0008398160307583543
7177785309735471560,2021-09,0.0008339198062501241
7177785309735471560,2021-09,0.0009732327645622427
7177785309735471560,2021-10,0.0012388273981677484
7177785309735471560,2021-10,0.001061536414934357
7177785309735471560,2021-10,0.001061536414934357
7177785309735471560,2021-10,0.001061536414934357
7177785309735471560,2021-10,0.001069040279269574
6238903426443761049,2021-09,0.012050921308464356
6238903426443761049,2021-09,0.012050921308464356
6238903426443761049,2021-09,0.017620332828049694
6238903426443761049,2021-09,0.012050921308464356
6238903426443761049,2021-10,0.011336131110741325
6238903426443761049,2021-10,0.011336131110741325
5503073374822479037,2021-09,0.004047968095898134
5503073374822479037,2021-09,0.004047968095898134
8287608084245946173,2021-09,0.0029044657915229715
8287608084245946173,2021-09,0.003630802097831921
8287608084245946173,2021-10,0.003228641922953195
8287608084245946173,2021-10,0.003228641922953195
8287608084245946173,2021-10,0.0018464651744620534
8287608084245946173,2021-10,0.0029844172809433338
8287608084245946173,2021-10,0.003228641922953195
8287608084245946173,2021-10,0.003228641922953195
2128970218770090704,2021-09,0.0032297988092487343
2128970218770090704,2021-09,0.0028400079055589814
2128970218770090704,2021-09,0.003187841152834554
2128970218770090704,2021-09,0.003187841152834554
2128970218770090704,2021-09,0.0032297988092487343
2128970218770090704,2021-09,0.0032297988092487343
2128970218770090704,2021-10,0.003604099882085388
2128970218770090704,2021-10,0.003176948618669062
2128970218770090704,2021-10,0.002859762345565235
2128970218770090704,2021-10,0.0027935181077942822
3281818438120834833,2021-09,0.0027696016579147713
6926309382371178621,2021-09,0.003927694221087325
6091519986999196884,2021-09,0.014718298730768464
864510931144626280,2021-09,0.003683684660719149
864510931144626280,2021-09,0.002439785406958805
864510931144626280,2021-09,0.0034921117288112266
864510931144626280,2021-09,0.003415636521023965
864510931144626280,2021-09,0.002722147809787471
7436628409157313756,2021-09,0.01690112964168904
7949169060790541229,2021-09,0.0016451129087832832
7949169060790541229,2021-10,0.001528531326938879
7949169060790541229,2021-10,0.004090448032794408
7949169060790541229,2021-10,0.016592168194156206
3258345688897172820,2021-09,0.08232926624242988
3258345688897172820,2021-09,0.07859264349898894
3258345688897172820,2021-10,0.0739486620398118
3258345688897172820,2021-10,0.0739486620398118
8464769152264029983,2021-09,0.009026412498130432
8716163053080758848,2021-09,0.001677805112276926
8716163053080758848,2021-09,0.0014398804528100943
8716163053080758848,2021-09,0.001677805112276926
8716163053080758848,2021-09,0.001677805112276926
8716163053080758848,2021-09,0.001677805112276926
8716163053080758848,2021-09,0.001677805112276926
8716163053080758848,2021-10,0.0017256786677145547
8716163053080758848,2021-10,0.001504306667036025
8716163053080758848,2021-10,0.001491439666525771
8716163053080758848,2021-10,0.001504306667036025
8716163053080758848,2021-10,0.0014809752696504864
8716163053080758848,2021-10,0.0017378691006762373
8716163053080758848,2021-10,0.0030261979402305744
187117706370645370,2021-09,0.029339096311248508
187117706370645370,2021-10,0.01662300743130094
187117706370645370,2021-10,0.02714051021005573
187117706370645370,2021-10,0.025568789376203632
3888528635045328222,2021-09,0.029290058466059362
3888528635045328222,2021-10,0.20309665326676632
3888528635045328222,2021-10,0.040198562219708335
5371387005775513675,2021-09,0.028724489669275842
5371387005775513675,2021-10,0.02478329808120426
5371387005775513675,2021-10,0.026597224358204916
257162352336759783,2021-09,0.002107104627149712
257162352336759783,2021-09,0.002107104627149712
257162352336759783,2021-09,0.002107104627149712
257162352336759783,2021-10,0.002107104627149712
234898976850399181,2021-09,0.012915810805544919
234898976850399181,2021-10,0.09291628743965143
234898976850399181,2021-10,0.012236448700316413
4993499380140734678,2021-09,0.0072611879806076
4993499380140734678,2021-10,0.19687547507856012
5042877476420217533,2021-09,0.004680633565182044
5042877476420217533,2021-09,0.005320308217724085
5042877476420217533,2021-09,0.004680633565182044
5042877476420217533,2021-10,0.004812235894364509
5042877476420217533,2021-10,0.004680633565182044
5042877476420217533,2021-10,0.004680633565182044
4956614249204803652,2021-09,0.02967410674909447
4956614249204803652,2021-10,0.012972110397264754
7750874287225529604,2021-09,0.008652995587522555
7750874287225529604,2021-09,0.008228255692540981
7750874287225529604,2021-10,0.011188948505840594
3807130563335796378,2021-09,0.035116953199503455
3807130563335796378,2021-10,0.03343741832448197
2123312420728961012,2021-09,0.025205594892406986
2123312420728961012,2021-10,0.02721287307117442
1182975716201409626,2021-09,0.0028536924165160358
1182975716201409626,2021-09,0.0028536924165160358
1182975716201409626,2021-10,0.0028241685679489567
1182975716201409626,2021-10,0.0028241685679489567
7664272163315705419,2021-09,0.0053316095475703495
7664272163315705419,2021-10,0.007583539519556708
4614484019183480654,2021-09,0.0029312081595965853
3228830386980584958,2021-09,0.005371869904229375
3228830386980584958,2021-09,0.005291830835217905
3228830386980584958,2021-10,0.004315083678023114
3228830386980584958,2021-10,0.004694868714979809
2735662700719640627,2021-09,0.029128893426364686
2250817603281429928,2021-09,0.002736554029939688
2250817603281429928,2021-10,0.002209562205992286
2250817603281429928,2021-10,0.002072109157743382
2250817603281429928,2021-10,0.002072109157743382
2250817603281429928,2021-10,0.002072109157743382
6276792736652545216,2021-09,0.005136688068934693
6276792736652545216,2021-10,0.005250523635968648
6276792736652545216,2021-10,0.005603322222127275
6276792736652545216,2021-10,0.006655985665554726
6276792736652545216,2021-10,0.00436386607118101
4588313530969303734,2021-09,0.05157433930558374
4588313530969303734,2021-10,0.0641651963030427
4588313530969303734,2021-10,0.0641651963030427
4571290108043699959,2021-09,0.008528598798489974
4571290108043699959,2021-09,0.010287462106203973
6098833389547425063,2021-09,0.011099300614812452
6098833389547425063,2021-10,0.06446404251703226
6098833389547425063,2021-10,0.012060665626519603
2687720147676132707,2021-09,0.0067009747699987654
2687720147676132707,2021-09,0.007014167682792633
2687720147676132707,2021-10,0.005754658637923089
622073912578471754,2021-09,0.13583117444532244
622073912578471754,2021-09,0.13583117444532244
622073912578471754,2021-10,0.1168624481136052
2278650548373578523,2021-09,0.012800834517437996
2278650548373578523,2021-09,0.012800834517437996
2278650548373578523,2021-10,0.011018450514686714
1117184216453911295,2021-09,0.00812064866905249
1117184216453911295,2021-10,0.24863907582521694
1117184216453911295,2021-10,0.1857413342703224
5993765508162121762,2021-09,0.04254514390922718
5993765508162121762,2021-09,0.04353869385181308
5993765508162121762,2021-10,0.0312588427099055
8252215766413781202,2021-09,0.00270432447534264
8252215766413781202,2021-10,0.00249930183575506
5255460548789019114,2021-09,0.005079635318135434
5635781225931111684,2021-09,0.00554229954099743
5635781225931111684,2021-09,0.0055360148453712605
5635781225931111684,2021-10,0.012256253108949617
1088521227159442264,2021-09,0.005177570849266254
1088521227159442264,2021-09,0.00492637944929024
1088521227159442264,2021-09,0.00492637944929024
1088521227159442264,2021-10,0.005561634054031597
1088521227159442264,2021-10,0.006699531831613589
524026009392362402,2021-09,0.43268910448083947
524026009392362402,2021-09,0.003533234109418945
524026009392362402,2021-10,0.004673346106455181
8646472172649019955,2021-09,0.19260814189292658
8646472172649019955,2021-09,0.19260814189292658
8646472172649019955,2021-10,0.36379998516570433
8646472172649019955,2021-10,0.24844917455493049
8646472172649019955,2021-10,0.24844917455493049
8646472172649019955,2021-10,0.24844917455493049
5271591321704178730,2021-09,0.004862470864266933
5271591321704178730,2021-10,0.004946483415613084
5511113649464808344,2021-09,0.02522740920322408
5511113649464808344,2021-10,0.28442186529207686
5511113649464808344,2021-10,0.07152172747109657
5511113649464808344,2021-10,0.07152172747109657
1536087798470875922,2021-09,0.08558198160529736
1536087798470875922,2021-09,0.08123651524570474
1536087798470875922,2021-09,0.08123651524570474
1536087798470875922,2021-10,0.09818609513072181
1536087798470875922,2021-10,0.09326592348694063
7911162482760986289,2021-09,0.1534100880674529
7911162482760986289,2021-10,0.1534100880674529
2808145376905474927,2021-09,0.013356459249802149
2808145376905474927,2021-09,0.013356459249802149
2808145376905474927,2021-10,0.014113895520584745
2808145376905474927,2021-10,0.013356459249802149
4335865859049992260,2021-09,0.015696331640627156
4335865859049992260,2021-09,0.006647404428756305
4334472256949955221,2021-09,0.0017698831884453016
4334472256949955221,2021-09,0.001526953952073547
86110062990790869,2021-09,0.055448803391516074
86110062990790869,2021-10,0.06041354721349686
86110062990790869,2021-10,0.058878936552338564
8828303152301461681,2021-09,0.05398480173019452
8828303152301461681,2021-09,0.06832208504376207
8828303152301461681,2021-09,0.06832208504376207
8828303152301461681,2021-10,0.06742661089814508
8609938720215175911,2021-09,0.009999472141577405
8609938720215175911,2021-09,0.008193550408450082
8609938720215175911,2021-10,0.009509389120141482
8609938720215175911,2021-10,0.009509389120141482
2780030912070252968,2021-09,0.09151724602565735
2780030912070252968,2021-10,0.07543390404268771
683445437387317282,2021-09,0.0023234111716184977
683445437387317282,2021-09,0.001823510332869991
683445437387317282,2021-10,0.001813241244339485
683445437387317282,2021-10,0.001823510332869991
683445437387317282,2021-10,0.001813241244339485
683445437387317282,2021-10,0.001823510332869991
683445437387317282,2021-10,0.001823510332869991
683445437387317282,2021-10,0.0023234111716184977
2033394215069562776,2021-09,0.011496021303231999
2033394215069562776,2021-10,0.010886153842245953
2033394215069562776,2021-10,0.01000262234895879
2033394215069562776,2021-10,0.014282599361195756
1052398277967427422,2021-09,0.004832437663672053
1052398277967427422,2021-10,0.006905060812300817
1052398277967427422,2021-10,0.41028308240865613
7895753719321668294,2021-09,0.0013646228136426557
7895753719321668294,2021-09,0.0014184021594724975
7895753719321668294,2021-09,0.0010213827172766172
7895753719321668294,2021-10,0.002580909393565705
7895753719321668294,2021-10,0.0013646228136426557
7895753719321668294,2021-10,0.001349340584295384
1454789421854453615,2021-09,0.011373804713239653
1454789421854453615,2021-09,0.00853581401465852
1454789421854453615,2021-09,0.011373804713239653
1454789421854453615,2021-09,0.011373804713239653
1454789421854453615,2021-09,0.00853581401465852
1454789421854453615,2021-09,0.011373804713239653
1454789421854453615,2021-09,0.011373804713239653
1454789421854453615,2021-10,0.011373804713239653
8505870778358741102,2021-09,0.011151599105201302
8505870778358741102,2021-10,0.011151599105201302
8505870778358741102,2021-10,0.1900293803365297
8505870778358741102,2021-10,0.008806017281409017
8505870778358741102,2021-10,0.011151599105201302
1033361676287635885,2021-09,0.020318417113525507
1033361676287635885,2021-09,0.020318417113525507
1033361676287635885,2021-10,0.018115307974986773
1033361676287635885,2021-10,0.018115307974986773
8083157716178259762,2021-09,0.0029564400349234034
8083157716178259762,2021-10,0.004062196234218224
3543162424793477785,2021-09,0.014316160801890913
3543162424793477785,2021-09,0.014672299272878692
3543162424793477785,2021-10,0.014316160801890913
3279078057358159966,2021-09,0.029852977798492178
3279078057358159966,2021-09,0.029852977798492178
3279078057358159966,2021-10,0.025513400265511566
3279078057358159966,2021-10,0.025513400265511566
1683619849073499603,2021-09,0.006266438264951881
1683619849073499603,2021-10,0.006266438264951881
1683619849073499603,2021-10,0.026385904807572115
1683619849073499603,2021-10,0.006266438264951881
1696462947583294958,2021-09,0.027956339237433934
1696462947583294958,2021-10,0.0068601562831581645
1272921915900711149,2021-09,0.021584909032737427
1272921915900711149,2021-09,0.004373627050130806
1272921915900711149,2021-10,0.00398821495505584
1272921915900711149,2021-10,0.011754694829335282
4052557282157719526,2021-09,0.004461899721364074
4052557282157719526,2021-09,0.0036620697439090563
4052557282157719526,2021-10,0.0070890224013459915
4052557282157719526,2021-10,0.004833477662930081
4052557282157719526,2021-10,0.004059016466255268
4052557282157719526,2021-10,0.003967304909786726
2773493808492482979,2021-09,0.0025972512786506213
5574997762710520717,2021-09,0.006983052275637325
6724017568171288443,2021-09,0.0029787108437589766
6724017568171288443,2021-09,0.0031782462982845577
6724017568171288443,2021-10,0.0029494807498978964
837142477962609471,2021-09,0.006539718348988292
837142477962609471,2021-09,0.007771841105800722
837142477962609471,2021-09,0.007099590283657493
837142477962609471,2021-09,0.005780457624821853
837142477962609471,2021-09,0.007951128043113308
837142477962609471,2021-09,0.007951128043113308
837142477962609471,2021-10,0.00520882508145583
837142477962609471,2021-10,0.0067365753653726235
4769364850030443969,2021-09,0.031679294591316576
4769364850030443969,2021-10,0.1977425961260787
4769364850030443969,2021-10,0.040987575717019366
6987942592445950913,2021-09,0.0021369395158447567
6987942592445950913,2021-09,0.007648435577903212
6987942592445950913,2021-09,0.005391761279486223
6987942592445950913,2021-10,0.002854226448708364
6987942592445950913,2021-10,0.025784021159095758
6987942592445950913,2021-10,0.002854226448708364
6987942592445950913,2021-10,0.002854226448708364
4919908458022265747,2021-09,0.007128116139146923
4919908458022265747,2021-10,0.005200868694394793
4919908458022265747,2021-10,0.061308626497982244
4919908458022265747,2021-10,0.005854361119150409
8123515208041701633,2021-09,0.260760271240785
8123515208041701633,2021-10,0.016066421162732995
8123515208041701633,2021-10,0.5734581319723595
6817075905797098547,2021-09,0.005976768900039618
6817075905797098547,2021-10,0.012139784016372704
6817075905797098547,2021-10,0.005301257457157476
6817075905797098547,2021-10,0.005976768900039618
3408536439470975134,2021-09,0.00027460328162843596
3408536439470975134,2021-09,0.000298411497787838
3408536439470975134,2021-09,0.00029185597624225304
3408536439470975134,2021-10,0.00033577413686262773
3408536439470975134,2021-10,0.00029582560424187707
3408536439470975134,2021-10,0.00033577413686262773
3408536439470975134,2021-10,0.00029582560424187707
7085295800541340563,2021-09,0.020652978981081913
7085295800541340563,2021-10,0.006249691076652263
3668905663669864663,2021-09,0.0031019414174051
3668905663669864663,2021-10,0.0028455278656406477
4130617254899676131,2021-09,0.010656676206562427
4130617254899676131,2021-10,0.011224343709065951
4130617254899676131,2021-10,0.016724386535364125
175003104385133396,2021-09,0.0017698788288828334
175003104385133396,2021-10,0.047758869511777546
175003104385133396,2021-10,0.0016422921272520015
7076661330300123587,2021-09,0.0019317569738646785
4342146186255136598,2021-09,0.001957739213433454
4342146186255136598,2021-09,0.0017367711981819732
4342146186255136598,2021-10,0.0025374766791185412
4342146186255136598,2021-10,0.0025374766791185412
4342146186255136598,2021-10,0.0032672201262695854
4342146186255136598,2021-10,0.003992493818519019
4342146186255136598,2021-10,0.003992493818519019
4342146186255136598,2021-10,0.0017291903783337639
2012477868296377155,2021-09,0.0032864396752686344
2012477868296377155,2021-10,0.0032864396752686344
2012477868296377155,2021-10,0.00522831554458685
2012477868296377155,2021-10,0.004052278782078348
2092588065958607289,2021-09,0.0033512646243633996
2092588065958607289,2021-09,0.003044054957671739
2092588065958607289,2021-10,0.0030735702539229056
2092588065958607289,2021-10,0.0030735702539229056
2092588065958607289,2021-10,0.0036649638931153202
2092588065958607289,2021-10,0.003049697412361067
7810985951121711480,2021-09,0.006912077366242625
7810985951121711480,2021-10,0.00948183005705732
7810985951121711480,2021-10,0.005099517074153729
7810985951121711480,2021-10,0.005773050857475683
3591324331706630867,2021-09,0.016007875676008816
3591324331706630867,2021-09,0.031107180577464807
3591324331706630867,2021-10,0.06133437852056762
3591324331706630867,2021-10,0.06133437852056762
3591324331706630867,2021-10,0.037070739521581346
3591324331706630867,2021-10,0.06133437852056762
5687511145009775604,2021-09,0.02686162266918928
5687511145009775604,2021-10,0.030894399590606275
5687511145009775604,2021-10,0.02808411277096845
1637960623843047520,2021-09,0.0695453839870244
1637960623843047520,2021-10,0.13557792412968708
1637960623843047520,2021-10,0.054923710013344645
4008627434689715639,2021-09,0.16911422455771913
4008627434689715639,2021-09,0.16911422455771913
4008627434689715639,2021-10,0.13068547964554283
4008627434689715639,2021-10,0.13068547964554283
4008627434689715639,2021-10,0.13068547964554283
4008627434689715639,2021-10,0.13068547964554283
4008627434689715639,2021-10,0.15097526154551646
924957821424248698,2021-09,0.001277961363129966
1945147145527703963,2021-09,0.0007145160660372189
2903869860445366876,2021-09,0.0035437462913439927
2903869860445366876,2021-09,0.006400660168815021
2903869860445366876,2021-10,0.0037794494931833976
2903869860445366876,2021-10,0.003756676775337578
4532469127306079736,2021-09,0.010675728655924975
4532469127306079736,2021-09,0.011390035601368542
4532469127306079736,2021-10,0.014343550676440846
8748106677402909629,2021-09,0.011057595513905595
6367769402148499693,2021-09,0.005810987152397239
6367769402148499693,2021-09,0.005810987152397239
6367769402148499693,2021-10,0.007040886342493148
6367769402148499693,2021-10,0.006844267215972021
7692335720341018458,2021-09,0.005066935483550438
7692335720341018458,2021-09,0.006820454622573919
7692335720341018458,2021-10,0.00843702042329958
5753677550753111444,2021-09,0.0019232012522796434
5753677550753111444,2021-09,0.000683219761711054
5753677550753111444,2021-10,0.000683219761711054
4095739077267179172,2021-09,0.07179272863691641
4095739077267179172,2021-10,0.0772894479152108
4095739077267179172,2021-10,0.05414280463468112
1741049493106216406,2021-09,0.03969749445074792
6633838062940819075,2021-09,0.0031874760014595402
6633838062940819075,2021-09,0.0031874760014595402
6633838062940819075,2021-10,0.0033710873233861326
6633838062940819075,2021-10,0.0033710873233861326
6633838062940819075,2021-10,0.002653487592969681
6633838062940819075,2021-10,0.0033710873233861326
6633838062940819075,2021-10,0.0033710873233861326
6633838062940819075,2021-10,0.002653487592969681
7444686668183702737,2021-09,0.003027102577590738
7444686668183702737,2021-09,0.002015922410514792
7444686668183702737,2021-10,0.0018089197560295144
39547025441582855,2021-09,0.004351097896273755
39547025441582855,2021-09,0.002359127105828109
39547025441582855,2021-10,0.004034036463737075
39547025441582855,2021-10,0.0027548553569058136
1078687383992817574,2021-09,0.18281931598560666
1078687383992817574,2021-09,0.17850310290654203
1078687383992817574,2021-10,0.24904653179483133
1078687383992817574,2021-10,0.24904653179483133
1078687383992817574,2021-10,0.256325093279408
1078687383992817574,2021-10,0.12986628018895735
1078687383992817574,2021-10,0.12986628018895735
1078687383992817574,2021-10,0.12986628018895735
1078687383992817574,2021-10,0.24904653179483133
3822753345985951756,2021-09,0.004922428816096406
3822753345985951756,2021-10,0.005636353326771104
3822753345985951756,2021-10,0.005515904207396979
3822753345985951756,2021-10,0.00608907385461168
6950439982480713649,2021-09,0.08978208773560584
7246466789138290692,2021-09,0.0035863938687893883
5757271354816214865,2021-09,0.7325109968968376
5757271354816214865,2021-09,0.7325109968968376
5757271354816214865,2021-09,0.7325109968968376
8045116560666679751,2021-09,0.03072952786842937
8045116560666679751,2021-09,0.023803066588084062
4489904752023469353,2021-09,0.06890477111073434
4489904752023469353,2021-09,0.21706687945070025
4489904752023469353,2021-10,0.07244221660433339
5440313607363845188,2021-09,0.0014639853543924881
5440313607363845188,2021-10,0.001645932304936358
5440313607363845188,2021-10,0.002464152748827548
8596605705893456305,2021-09,0.3020450579233894
8596605705893456305,2021-09,0.29732216080181845
8596605705893456305,2021-09,0.24970944537773854
8596605705893456305,2021-09,0.3000700635141312
8596605705893456305,2021-09,0.3020450579233894
8596605705893456305,2021-10,0.2835695425267688
8596605705893456305,2021-10,0.7258665234578372
8596605705893456305,2021-10,0.2835695425267688
4795152981525833467,2021-09,0.005461162575304732
4795152981525833467,2021-09,0.002513732959864905
4795152981525833467,2021-10,0.003521587100155255
4795152981525833467,2021-10,0.003515185852185372
4795152981525833467,2021-10,0.006365008243848778
4795152981525833467,2021-10,0.006214270283599312
7468724002190465812,2021-09,0.006139788900385175
3915426102465954493,2021-09,0.0015581508538862858
3915426102465954493,2021-10,0.0018960709021160458
7398738404146260251,2021-09,0.008289396622117773
7398738404146260251,2021-09,0.027652288841291204
7398738404146260251,2021-10,0.03267275255943923
7398738404146260251,2021-10,0.027652288841291204
5897410907783139228,2021-09,0.0024660336729774015
5897410907783139228,2021-09,0.004182068907885388
5897410907783139228,2021-09,0.004182068907885388
5897410907783139228,2021-10,0.005761729305200841
5897410907783139228,2021-10,0.0025069832886727653
7457803471605010846,2021-09,0.008470368130758984
7457803471605010846,2021-10,0.01041586954443978
7457803471605010846,2021-10,0.01018931846562228
7457803471605010846,2021-10,0.008470368130758984
3045840317107313913,2021-09,0.007048154935670391
3045840317107313913,2021-10,0.07162688393188216
3045840317107313913,2021-10,0.015338933268710027
3045840317107313913,2021-10,0.024992285819724347
3045840317107313913,2021-10,0.015338933268710027
3045840317107313913,2021-10,0.0990906282877018
3045840317107313913,2021-10,0.029220587452391908
6722781660631652440,2021-09,0.005865220279570433
531805620371082364,2021-09,0.022175435523856285
531805620371082364,2021-09,0.01064603504301667
531805620371082364,2021-10,0.010179876954396908
531805620371082364,2021-10,0.0075516412420820606
531805620371082364,2021-10,0.010179876954396908
2619109825960703851,2021-09,0.04873066457456958
2619109825960703851,2021-09,0.0166050374892932
2619109825960703851,2021-10,0.0166050374892932
2382123267535341265,2021-09,0.006441402211625135
2382123267535341265,2021-09,0.006441402211625135
2382123267535341265,2021-10,0.007133373590023896
4043546053926060305,2021-09,0.2698669372549296
4043546053926060305,2021-10,0.522326115766748
4043546053926060305,2021-10,0.5124377549304182
5786895437851445408,2021-09,0.015078534544209536
5786895437851445408,2021-09,0.049378224538236114
5786895437851445408,2021-09,0.05404036964433587
5786895437851445408,2021-10,0.05057894252856552
5786895437851445408,2021-10,0.04412998826728491
5786895437851445408,2021-10,0.05057894252856552
4365965554261111250,2021-09,0.16927869288929864
4365965554261111250,2021-09,0.1586829465051785
4365965554261111250,2021-10,0.12918988108858487
5577659616907513811,2021-09,0.6781720846831711
5577659616907513811,2021-09,0.6781720846831711
5577659616907513811,2021-09,0.6920560644678754
5577659616907513811,2021-09,0.6781720846831711
5577659616907513811,2021-10,0.6469750775532687
5577659616907513811,2021-10,0.4818061328114018
5577659616907513811,2021-10,0.4818061328114018
4635578010631860111,2021-09,0.0029150200899842093
4635578010631860111,2021-10,0.002617534873394799
4635578010631860111,2021-10,0.0050635935867027505
7289435138601868544,2021-09,0.0061484794168902325
7289435138601868544,2021-09,0.005817763445725887
7289435138601868544,2021-10,0.0061484794168902325
7289435138601868544,2021-10,0.0045817367400335
7289435138601868544,2021-10,0.005817763445725887
7289435138601868544,2021-10,0.005817763445725887
7289435138601868544,2021-10,0.005898892185001142
5794903898038236832,2021-09,0.014525922458757758
5794903898038236832,2021-10,0.012662830900425895
5794903898038236832,2021-10,0.012662830900425895
5794903898038236832,2021-10,0.0188543063503789
3829967475074118757,2021-09,0.5167516411326646
3829967475074118757,2021-09,0.8175678918930029
3829967475074118757,2021-09,0.5167516411326646
3829967475074118757,2021-10,0.3650532667538404
3829967475074118757,2021-10,0.3650532667538404
3829967475074118757,2021-10,0.3650532667538404
3829967475074118757,2021-10,0.38036259821419804
710593997981520423,2021-09,0.00902034547665188
710593997981520423,2021-10,0.00596929663541073
710593997981520423,2021-10,0.006107004159901686
2371917341091102894,2021-09,0.01720852426317712
2371917341091102894,2021-09,0.01447348204278319
2645324649046215594,2021-09,0.0046732897620284175
2645324649046215594,2021-09,0.005095152130436895
2645324649046215594,2021-10,0.0046732897620284175
8729164666041467296,2021-09,0.004992920381008672
8729164666041467296,2021-09,0.004992920381008672
8729164666041467296,2021-10,0.004992920381008672
8729164666041467296,2021-10,0.004394484647080682
8729164666041467296,2021-10,0.0033893209084154075
1616952665234409442,2021-09,0.04263894543594411
1616952665234409442,2021-09,0.04512302485264372
1616952665234409442,2021-10,0.08202357753697259
1616952665234409442,2021-10,0.061772803042257254
1616952665234409442,2021-10,0.08202357753697259
1616952665234409442,2021-10,0.2818416567671945
1616952665234409442,2021-10,0.30098177333549514
1616952665234409442,2021-10,0.30098177333549514
1616952665234409442,2021-10,0.043842124979528954
1616952665234409442,2021-10,0.043842124979528954
1616952665234409442,2021-10,0.043842124979528954
1616952665234409442,2021-10,0.043842124979528954
1616952665234409442,2021-10,0.04918477795479536
1616952665234409442,2021-10,0.04918477795479536
1616952665234409442,2021-10,0.043842124979528954
1616952665234409442,2021-10,0.04231864302427268
1616952665234409442,2021-10,0.04672581223822006
1616952665234409442,2021-10,0.04672581223822006
1616952665234409442,2021-10,0.043842124979528954
6198047969028248384,2021-09,0.002738753672272495
6198047969028248384,2021-09,0.001990115056515685
8994944800097997361,2021-09,0.007924380295242839
8994944800097997361,2021-09,0.007924380295242839
8994944800097997361,2021-10,0.007670599520144904
8994944800097997361,2021-10,0.007670599520144904
2772135008486239291,2021-09,0.007753327433710396
2772135008486239291,2021-10,0.006696245800908003
2772135008486239291,2021-10,0.010181921354962025
2772135008486239291,2021-10,0.008951059650730396
4785355632922927313,2021-09,0.1652117138133004
4785355632922927313,2021-09,0.1312418525191669
4785355632922927313,2021-10,0.16421460341531113
1104269683367198574,2021-09,0.007106300134195239
1104269683367198574,2021-10,0.0054776146145695545
1104269683367198574,2021-10,0.051212641919868546
1104269683367198574,2021-10,0.0029805275932756827
8859064595603380512,2021-09,0.003210427492423692
9156666134024889730,2021-09,0.0028283574803433073
9156666134024889730,2021-09,0.0028283574803433073
9156666134024889730,2021-10,0.0020906463506933878
8049805689946244047,2021-09,0.0061508155057670025
8049805689946244047,2021-09,0.005966240540161429
8049805689946244047,2021-09,0.005835900664779421
8049805689946244047,2021-10,0.005578117443205436
8049805689946244047,2021-10,0.006414478985869185
8049805689946244047,2021-10,0.005879204137895096
4414438591613884911,2021-09,0.009036190353280559
4414438591613884911,2021-09,0.007413286721081423
4414438591613884911,2021-10,0.007413286721081423
4414438591613884911,2021-10,0.006533527941710417
4414438591613884911,2021-10,0.006533527941710417
8385636129786687263,2021-09,0.005209757964515841
8385636129786687263,2021-10,0.005697814936525896
8385636129786687263,2021-10,0.00434812582954245
8385636129786687263,2021-10,0.0037460243473733243
4717717003637613480,2021-09,0.004949093682156799
4717717003637613480,2021-09,0.007771515148635048
4717717003637613480,2021-10,0.004206343251957507
4717717003637613480,2021-10,0.004206343251957507
4874157215501489741,2021-09,0.006391492818997582
4874157215501489741,2021-09,0.007434996235461994
4874157215501489741,2021-09,0.007434996235461994
4874157215501489741,2021-10,0.00787493910218798
4874157215501489741,2021-10,0.00787493910218798
4874157215501489741,2021-10,0.00787493910218798
3357976326879346012,2021-09,0.04214483794536642
3357976326879346012,2021-09,0.04214483794536642
3357976326879346012,2021-10,0.055685030791714614
3357976326879346012,2021-10,0.055685030791714614
6217788509719675691,2021-09,0.002829176413789871
6217788509719675691,2021-09,0.002829176413789871
6217788509719675691,2021-10,0.0032918482402424483
621182491555347581,2021-09,0.012234102309955301
621182491555347581,2021-09,0.5598231396719698
621182491555347581,2021-10,0.013895884516907615
621182491555347581,2021-10,0.013895884516907615
621182491555347581,2021-10,0.014543221208465728
621182491555347581,2021-10,0.015434091222223207
5465001651966355821,2021-09,0.06208502597596053
5465001651966355821,2021-09,0.045703367084026836
5465001651966355821,2021-10,0.0819391079228536
5465001651966355821,2021-10,0.1323667337797778
5465001651966355821,2021-10,0.05797712049445075
3025708129948185495,2021-09,0.001933914211538643
3025708129948185495,2021-10,0.0025000950937971883
3812760626052898456,2021-09,0.001164670210551819
3812760626052898456,2021-10,0.0011244628831598238
3812760626052898456,2021-10,0.0011244628831598238
8463871205935856285,2021-09,0.011800664622258497
8463871205935856285,2021-10,0.01607488530410886
682352428813668634,2021-09,0.0028673337208129186
682352428813668634,2021-09,0.0028673337208129186
682352428813668634,2021-09,0.003029400730364087
682352428813668634,2021-10,0.0028673337208129186
682352428813668634,2021-10,0.0028673337208129186
682352428813668634,2021-10,0.0028673337208129186
3838562409581494430,2021-09,0.004830389823257611
5856610998569876318,2021-09,0.006849332538405153
5856610998569876318,2021-09,0.006849332538405153
2308217045093677129,2021-09,0.006963280911962387
3036967290595689189,2021-09,0.00314475995041056
3036967290595689189,2021-10,0.003546893975958717
7722287846688771887,2021-09,0.011204557869264426
7722287846688771887,2021-10,0.009105993243026527
7722287846688771887,2021-10,0.40062390710641904
4717593620120611957,2021-09,0.005795617453359609
4717593620120611957,2021-10,0.005795617453359609
9052787288251876909,2021-09,0.001676156408022207
9052787288251876909,2021-10,0.0013392792902755157
9052787288251876909,2021-10,0.001308209687268981
3386019519917828299,2021-09,0.00555401376390535
3386019519917828299,2021-10,0.006782858180994282
510795635145114083,2021-09,0.053037335487870485
510795635145114083,2021-09,0.053903611985101706
510795635145114083,2021-10,0.014973339599160045
510795635145114083,2021-10,0.014461078196850352
510795635145114083,2021-10,0.01235806480984253
5974858472822751652,2021-09,0.007457487963376362
5974858472822751652,2021-10,0.00797716925697017
5974858472822751652,2021-10,0.01445902032206876
5974858472822751652,2021-10,0.011423303074509835
5974858472822751652,2021-10,0.013387467095862422
5958664040344043635,2021-09,0.0036911387975928148
5958664040344043635,2021-10,0.0038428910421873077
3391123212703223634,2021-09,0.006824488477703478
6528158819463595826,2021-09,0.0015316908014296536
8548612698724688238,2021-09,0.023927638810728864
8548612698724688238,2021-10,0.0220546955630887
5522764880180045081,2021-09,0.007648035976222049
5522764880180045081,2021-10,0.008052087993024546
5522764880180045081,2021-10,0.0047294814361542314
5522764880180045081,2021-10,0.07312795132368276
5522764880180045081,2021-10,0.008052087993024546
5522764880180045081,2021-10,0.004649590900661201
8004409125524742779,2021-09,0.0007324244828500582
8004409125524742779,2021-09,0.0025430552512432855
8004409125524742779,2021-10,0.002696765018870385
8004409125524742779,2021-10,0.0014378960182969437
8343941262792249232,2021-09,0.016717928476072903
8343941262792249232,2021-09,0.016717928476072903
8343941262792249232,2021-09,0.027714568601496143
8343941262792249232,2021-10,0.01563615261220574
7031913170099381454,2021-09,0.13525904117788465
7031913170099381454,2021-10,0.13525904117788465
6030285068945261052,2021-09,0.001492475042784078
6030285068945261052,2021-09,0.0013329187013070938
6030285068945261052,2021-10,0.0015609193799138955
665505091521986356,2021-09,0.003453837006132034
665505091521986356,2021-10,0.001948276640917599
665505091521986356,2021-10,0.0020088008170848887
665505091521986356,2021-10,0.001948276640917599
6828316696355015040,2021-09,0.005179045758287279
4202876623878743806,2021-09,0.023472078269610452
4202876623878743806,2021-10,0.06657889974493528
4202876623878743806,2021-10,0.009296121562392698
4202876623878743806,2021-10,0.012857843125463819
4202876623878743806,2021-10,0.01891692256295552
6352592240901579272,2021-09,0.002615571970664707
2819054834565698513,2021-09,0.006021675826436273
2819054834565698513,2021-10,0.004437543072290778
2819054834565698513,2021-10,0.004437543072290778
988707525807573448,2021-09,0.0023895799943982835
988707525807573448,2021-10,0.0024120898098320305
988707525807573448,2021-10,0.0021612910639380208
988707525807573448,2021-10,0.0021612910639380208
4512887927067894301,2021-09,0.03005563698966807
3204108603682323936,2021-09,0.0018033501570972267
3204108603682323936,2021-09,0.0018033501570972267
3204108603682323936,2021-10,0.0017968601262074331
3204108603682323936,2021-10,0.0017032512765703049
2493305884832539159,2021-09,0.0798381676435861
7920896580423665241,2021-09,0.003900645858385724
7920896580423665241,2021-09,0.002993570762752081
7920896580423665241,2021-10,0.018780177222138334
7920896580423665241,2021-10,0.002318682951650518
5078307295214858596,2021-09,0.03624101476636653
5078307295214858596,2021-10,0.029650787827373796
5078307295214858596,2021-10,0.029650787827373796
5078307295214858596,2021-10,0.029650787827373796
295375823203017296,2021-09,0.0019858401187637805
295375823203017296,2021-10,0.0019289361403209378
295375823203017296,2021-10,0.0015178580380320209
6968106554514688300,2021-09,0.23404758069899312
6968106554514688300,2021-10,0.08787215402450382
6968106554514688300,2021-10,0.006058127352461854
6968106554514688300,2021-10,0.006058127352461854
51762959302415533,2021-09,0.1160868717431773
1611146298923153842,2021-09,0.014310214822641778
1611146298923153842,2021-09,0.016529697386648612
1611146298923153842,2021-10,0.014365933523679842
1611146298923153842,2021-10,0.014310214822641778
8185063234515056194,2021-09,0.002811586037103799
8185063234515056194,2021-09,0.002811586037103799
8185063234515056194,2021-10,0.003259080310543006
8185063234515056194,2021-10,0.003259080310543006
1414132620714431952,2021-09,0.37198179325083863
465309249432033993,2021-09,0.019750455311207983
465309249432033993,2021-09,0.00841500513676967
465309249432033993,2021-10,0.019202201956105634
2423599281313969582,2021-09,0.012713195054030556
2762573180349093009,2021-09,0.007618103897044651
7637066986811047950,2021-09,0.009108587096727148
7637066986811047950,2021-10,0.08453133792820842
7637066986811047950,2021-10,0.08453133792820842
7637066986811047950,2021-10,0.026395288103442383
7637066986811047950,2021-10,0.08156424722156731
4444330375740387073,2021-09,0.0038208420567630917
4444330375740387073,2021-10,0.003779499807115196
4444330375740387073,2021-10,0.003779499807115196
2763141362035716801,2021-09,0.008880211872086749
2763141362035716801,2021-09,0.007006522759674195
4569866309119931805,2021-09,0.18108980017782042
4569866309119931805,2021-10,0.06698352754994616
4569866309119931805,2021-10,0.008528272612741144
4569866309119931805,2021-10,0.00789930995046637
1507697130807703164,2021-09,0.0009311699442302345
665854826624598350,2021-09,0.009225072092426642
665854826624598350,2021-10,0.00563312107551104
665854826624598350,2021-10,0.00563312107551104
7692330898726665144,2021-09,0.003370468488018878
7692330898726665144,2021-09,0.005155852657741613
7692330898726665144,2021-10,0.004093656382289039
7692330898726665144,2021-10,0.005629382398671149
7692330898726665144,2021-10,0.0037657391695164926
1717812527056208209,2021-09,0.40351454552655397
1717812527056208209,2021-10,0.21461412751091544
2535803443850893368,2021-09,0.5567697282421946
2535803443850893368,2021-10,0.05530729933191379
2535803443850893368,2021-10,0.05530729933191379
2535803443850893368,2021-10,0.05530729933191379
6681781879793693802,2021-09,0.0027078237262930056
6681781879793693802,2021-10,0.0024619356589326573
4210463673385510745,2021-09,0.12387772873244043
4210463673385510745,2021-10,0.02667972081660589
4210463673385510745,2021-10,0.02667972081660589
1951407691087813358,2021-09,0.0011536911185256954
1951407691087813358,2021-09,0.0011857345813598198
1951407691087813358,2021-10,0.018063188395437718
7451017400765373278,2021-09,0.0017321976311422474
7451017400765373278,2021-10,0.0020740994883386684
6795467882769787169,2021-09,0.0031488101540622484
6795467882769787169,2021-10,0.004645757384335866
6795467882769787169,2021-10,0.004645757384335866
2347028805684088098,2021-09,0.0005946221543900279
2347028805684088098,2021-09,0.0007302973719847077
2347028805684088098,2021-10,0.0006156547018734236
2347028805684088098,2021-10,0.0005946221543900279
2900002014851776114,2021-09,0.28828460490548313
2900002014851776114,2021-10,0.22751848192272672
2900002014851776114,2021-10,0.22751848192272672
2900002014851776114,2021-10,0.3414072987089053
1698828605814171242,2021-09,0.0037118428700764444
1698828605814171242,2021-10,0.003766869404730622
1698828605814171242,2021-10,0.0037118428700764444
1698828605814171242,2021-10,0.003661341182916191
5893903674205161232,2021-09,0.0028812918569811287
4862285428951244424,2021-09,0.000692827118452798
4862285428951244424,2021-09,0.0006706280166186778
4862285428951244424,2021-09,0.0007120547412544404
4862285428951244424,2021-10,0.0007764158498548857
4862285428951244424,2021-10,0.0008165191017410951
4862285428951244424,2021-10,0.0007764158498548857
4862285428951244424,2021-10,0.0007443808231823096
5606267905834401873,2021-09,0.009379597983442543
5606267905834401873,2021-09,0.008855095754637101
5606267905834401873,2021-10,0.008074936813385336
4982042089827666585,2021-09,0.04224422074418018
8854680481766219396,2021-09,0.2005350743080153
8854680481766219396,2021-10,0.20164455620292576
8854680481766219396,2021-10,0.1993352138240868
6204723742351094322,2021-09,0.006827855238664597
6204723742351094322,2021-10,0.0047582544901120525
6204723742351094322,2021-10,0.0047582544901120525
3713742318997880410,2021-09,0.0032374784904180883
3713742318997880410,2021-10,0.004412627489909242
3713742318997880410,2021-10,0.003067433364115297
1106971614386004604,2021-09,0.011226366690431665
1368430815953333691,2021-09,0.10733177959305344
1368430815953333691,2021-10,0.10493892356554929
1368430815953333691,2021-10,0.10493892356554929
662944582644865942,2021-09,0.01925128703767756
662944582644865942,2021-10,0.03199317393150525
940214356651040716,2021-09,0.0935567424338573
3192341047315717823,2021-09,0.026890336201824617
5198904647759787695,2021-09,0.00991440859463937
5198904647759787695,2021-09,0.00991440859463937
1420529738304793615,2021-09,0.0678981821116821
1420529738304793615,2021-10,0.0678981821116821
1420529738304793615,2021-10,0.09087856923594963
4898797487317475277,2021-09,0.03271525216912031
7200509200540839533,2021-09,0.006921113102475686
7200509200540839533,2021-10,0.004009399190221961
7200509200540839533,2021-10,0.011151171853814158
7200509200540839533,2021-10,0.0034706031980949637
7492389223353246125,2021-09,0.03407388008277505
287529573188507001,2021-09,0.0014529768297114295
7395696797140470088,2021-09,0.001454202901481097
7395696797140470088,2021-10,0.003258223056370161
6532139198609901627,2021-09,0.001076036035183022
6532139198609901627,2021-10,0.0008476716906433486
8255085612985072878,2021-09,0.002338300919444837
8255085612985072878,2021-10,0.0020617644731797218
8255085612985072878,2021-10,0.004736086814933291
4675067298171588603,2021-09,0.07641111566169007
4675067298171588603,2021-10,0.1860065597629496
4675067298171588603,2021-10,0.16504615207692847
4675067298171588603,2021-10,0.0591804778380623
1210783884008131648,2021-09,0.0037810832310864813
7968118679747232249,2021-09,0.06568750915226557
7968118679747232249,2021-10,0.3369792512602564
7968118679747232249,2021-10,0.05690423114827949
3472934456083131714,2021-09,0.009331791448300658
3156852928909455203,2021-09,0.004190095110138088
3156852928909455203,2021-10,0.0044347555030591216
3156852928909455203,2021-10,0.0044347555030591216
3156852928909455203,2021-10,0.004190095110138088
6486277549325701534,2021-09,0.004509210240029609
6486277549325701534,2021-09,0.004509210240029609
6486277549325701534,2021-10,0.004736593611013752
6486277549325701534,2021-10,0.006075561397051488
6486277549325701534,2021-10,0.006075561397051488
1003144834589372198,2021-09,0.0017689418033942559
1003144834589372198,2021-09,0.0015987908311857928
1003144834589372198,2021-10,0.002317939491420941
1003144834589372198,2021-10,0.0024630373402999084
1003144834589372198,2021-10,0.002317939491420941
1003144834589372198,2021-10,0.004898159492935843
1003144834589372198,2021-10,0.0024630373402999084
410843023337872279,2021-09,0.001767362554963146
410843023337872279,2021-10,0.014668668104210867
410843023337872279,2021-10,0.0018330700856055687
410843023337872279,2021-10,0.002319922868572198
1430896989654626045,2021-09,0.001984524689686204
4986060939759481610,2021-09,0.07514380458512426
6394935036014530592,2021-09,0.0040415270777625235
6394935036014530592,2021-10,0.005092428393914586
6394935036014530592,2021-10,0.00587321004302122
6394935036014530592,2021-10,0.006757262061289226
6394935036014530592,2021-10,0.0048703786238011824
6394935036014530592,2021-10,0.009875147020686169
7848910047105468475,2021-09,0.44330240808426236
5795100045494475994,2021-09,0.0287616240933121
7818340804682162328,2021-09,0.009231820334625924
7818340804682162328,2021-10,0.11676320986252149
5271966906483787417,2021-09,0.004044902753602374
5383359512938607117,2021-09,0.010800127840464411
2106875407768047316,2021-09,0.001342736255461819
2106875407768047316,2021-10,0.05620539127749515
2106875407768047316,2021-10,0.0018298113513365956
798425422240919854,2021-09,0.002231750710023235
798425422240919854,2021-10,0.0023266007071565354
798425422240919854,2021-10,0.0023266007071565354
3685376304786338340,2021-09,0.005387012505311151
3965955331400146488,2021-09,0.05580665089147038
7442192566700924647,2021-09,0.0008941670242140254
7442192566700924647,2021-10,0.000912330262458699
7442192566700924647,2021-10,0.000912330262458699
7442192566700924647,2021-10,0.000977791729612005
7442192566700924647,2021-10,0.000912330262458699
7442192566700924647,2021-10,0.0007381697911260924
7442192566700924647,2021-10,0.0009997389860214897
2988042199057874759,2021-09,0.009546898157178822
2988042199057874759,2021-09,0.009546898157178822
2988042199057874759,2021-10,0.009546898157178822
2988042199057874759,2021-10,0.00927848191208085
521351744568531135,2021-09,0.004684435059173989
521351744568531135,2021-10,0.016014034965818644
6462952350255736003,2021-09,0.0030492440229397235
6462952350255736003,2021-10,0.0037849028653316446
8245393384938410770,2021-09,0.0020956910008528913
8245393384938410770,2021-10,0.002276335224533104
8245393384938410770,2021-10,0.002276335224533104
8245393384938410770,2021-10,0.0030040502842865464
8245393384938410770,2021-10,0.003694791658683161
7889351655716537527,2021-10,0.009726354228611312
3218226066162129945,2021-10,0.01734950073515485
3218226066162129945,2021-10,0.3791856115338887
3750579377644235511,2021-10,0.08635012920625548
1617695035450525647,2021-10,0.0005326686212813927
1617695035450525647,2021-10,0.000828716928271836
1617695035450525647,2021-10,0.0005326686212813927
1617695035450525647,2021-10,0.0005326686212813927
5448628641564935127,2021-10,0.01702189724151472
5448628641564935127,2021-10,0.018960002176614088
4935929591787890253,2021-10,0.004271242292467068
4935929591787890253,2021-10,0.018853698786992727
6337915293429442229,2021-10,0.011555494825491903
15070048310374146,2021-10,0.053331746286230865
15070048310374146,2021-10,0.053331746286230865
2088532321693492263,2021-10,0.0360054250612271
5477900120643078645,2021-10,0.014022541988381404
5477900120643078645,2021-10,0.014022541988381404
2209806355660046187,2021-10,0.004145423376193595
2209806355660046187,2021-10,0.003546695332400429
5791518044186095039,2021-10,0.003272539161041566
1661240395903230676,2021-10,0.10269121060264555
1661240395903230676,2021-10,0.10763641527667471
843896882208504179,2021-10,0.5787647971834736
3682570285558758138,2021-10,0.00940637794735448
1667173444642500307,2021-10,0.04281592000512244
1998941557906036376,2021-10,0.00851734735202349
1998941557906036376,2021-10,0.007937143964438405
1998941557906036376,2021-10,0.008156057572980432
2290083177086946553,2021-10,0.01774823616290186
2290083177086946553,2021-10,0.0213119285470328
2290083177086946553,2021-10,0.01840030166267761
3632378524835692731,2021-10,0.0015532288946755676
3632378524835692731,2021-10,0.013865536827291493
6330043096034525408,2021-10,0.07895093408649881
6330043096034525408,2021-10,0.06628251488999831
6330043096034525408,2021-10,0.06628251488999831
6330043096034525408,2021-10,0.6852597339663495
6330043096034525408,2021-10,0.07895093408649881
6330043096034525408,2021-10,0.3524411694908249
6330043096034525408,2021-10,0.06628251488999831
6330043096034525408,2021-10,0.07195814337116331
1235244772550233980,2021-10,0.001778944381491992
7176848230239877915,2021-10,0.0013669842486081466
7176848230239877915,2021-10,0.0013669842486081466
7176848230239877915,2021-10,0.0012526999315203386
4183921942053157552,2021-10,0.015354067073650047
4183921942053157552,2021-10,0.016845170303703902
4183921942053157552,2021-10,0.016845170303703902
4110562609148185966,2021-10,0.12769344820707063
8733525963966339207,2021-10,0.24183925962616862
5029701292539093910,2021-10,0.01880442577408403
5029701292539093910,2021-10,0.01847047892694828
2025898153078562640,2021-10,0.01705256518866598
1115703227712697214,2021-10,0.004835470846051203
1115703227712697214,2021-10,0.007579827386000787
1115703227712697214,2021-10,0.007431064801174948
1115703227712697214,2021-10,0.005114955394709549
3724562776372632620,2021-10,0.007964350523647449
4537982850248578883,2021-10,0.003989789322969412
8843432852270832388,2021-10,0.007978848343307511
8843432852270832388,2021-10,0.0537971264466415
8464809590757561185,2021-10,0.0042723547553453495
8464809590757561185,2021-10,0.004506521371426246
3421433989501830226,2021-10,0.041151222343535146
6810366761249506182,2021-10,0.007648975205460073
851897122328714307,2021-10,0.00450424901863736
6784879562354696650,2021-10,0.015690075935341528
6784879562354696650,2021-10,0.0125635638675882
93982185886107798,2021-10,0.020696059294455
93982185886107798,2021-10,0.02715504015220264
121658372387044248,2021-10,0.00796735380401051
121658372387044248,2021-10,0.006830697630507631
121658372387044248,2021-10,0.01629056299377121
5931905128207886847,2021-10,0.03913282910385011
1953058402621337677,2021-10,0.008462268908729488
1953058402621337677,2021-10,0.0021884023450606145
1953058402621337677,2021-10,0.0032242471399795535
8090492548102964782,2021-10,0.05930879350149411
5735794880899687600,2021-10,0.007216274092011322
5735794880899687600,2021-10,0.00653823908604484
5735794880899687600,2021-10,0.006329475346348483
7828430488099134389,2021-10,0.028849034415570903
7828430488099134389,2021-10,0.03091026300974303
7485107528960607346,2021-10,0.034434731373627306
7485107528960607346,2021-10,0.034595930589149844
7485107528960607346,2021-10,0.17068749743818346
7485107528960607346,2021-10,0.06891398884065217
3156580765759568020,2021-10,0.06707463765053044
6643358471662528195,2021-10,0.0005371122350039268
5489089370448387505,2021-10,0.8750708935966676
7719877724419004325,2021-10,0.006573398993379353
4858887739802767402,2021-10,0.0021602658570347593
1069093308328204542,2021-10,0.004689395054278831
1069093308328204542,2021-10,0.0050245843014500285
8292458529987016717,2021-10,0.007684545717813641
3423512048884192208,2021-10,0.014449094058088956
3423512048884192208,2021-10,0.0318348873982903
8918635099296971351,2021-10,0.0166938227063096
4187591029730357479,2021-10,0.007632836548198014
4187591029730357479,2021-10,0.007632836548198014
1129657311668961746,2021-10,0.020138640834437473
6122719618012473549,2021-10,0.5710009245365772
7236776406341522879,2021-10,0.005014976614024438
6547707428090179960,2021-10,0.009457001832027486
6547707428090179960,2021-10,0.009457001832027486
6547707428090179960,2021-10,0.009521621574287686
8248484932270772248,2021-10,0.1531265148882454
8248484932270772248,2021-10,0.05110239607167113
5752688018135006198,2021-10,0.07573817089142745
5752688018135006198,2021-10,0.00833293057876265
2191990606593345695,2021-10,0.015920803129357862
2191990606593345695,2021-10,0.03348088052245405
2191990606593345695,2021-10,0.01971201982024241
4641659186059167709,2021-10,0.15547391790022044
8400764778654490278,2021-10,0.14245689545282533
8400764778654490278,2021-10,0.02078331193431437
2759416556905651870,2021-10,0.5552084902726979
7206599058451025691,2021-10,0.00416444098306893
1036256411320325774,2021-10,0.012489812166015222
1036256411320325774,2021-10,0.005886872524304588
5162621729453966204,2021-10,0.0495776151919055
5162621729453966204,2021-10,0.055608086960621445
3660744270380078352,2021-10,0.5098299841479564
3660744270380078352,2021-10,0.021776408061576505
1273229638516517354,2021-10,0.014012715884046805
1467843186411742274,2021-10,0.0197669513464194
1467843186411742274,2021-10,0.03213171178956729
3571198145319411787,2021-10,0.005137536324405182
2310272650667756227,2021-10,0.4353020429425266
3161361581909316305,2021-10,0.2157213910099561
3161361581909316305,2021-10,0.004016782464682595
5855956854975734380,2021-10,0.038744736756096514
5855956854975734380,2021-10,0.010865787690140663
4556737702757145073,2021-10,0.01766676826247073
5799279645678609726,2021-10,0.033378706595072714
5732713959930509093,2021-10,0.039240146624448476
1002362614649347438,2021-10,0.017629771070809725
1002362614649347438,2021-10,0.01716209305836628
8163895533020293251,2021-10,0.4266267890403646
8163895533020293251,2021-10,0.5236094857109245
8163895533020293251,2021-10,0.42035263723520755
2768068015169423097,2021-10,0.02806277899838747
2768068015169423097,2021-10,0.026830053988934285
3195023578711095555,2021-10,0.026391254574021493
5369576709077493659,2021-10,0.015769135805765052
5369576709077493659,2021-10,0.02310207181180254
1997130697107291654,2021-10,0.020753801687205666
7665801401860589626,2021-10,0.0030361350632593597
1028630885537616736,2021-10,0.006247945173776908
1028630885537616736,2021-10,0.022304589625857442
1269153452773908541,2021-10,0.004441730929614312
6100972975033180377,2021-10,0.0032742930942468197
8080988579391900405,2021-10,0.0029758466839376685
8080988579391900405,2021-10,0.0029758466839376685
8080988579391900405,2021-10,0.0022124604585123
7719481195372677540,2021-10,0.003376753696401424
2032592272238235730,2021-10,0.00882223407768498
2032592272238235730,2021-10,0.009526760140004835
89342157110910412,2021-10,0.006683519747517612
6012031176108922616,2021-10,0.0061285848548972045
6012031176108922616,2021-10,0.009564097089155982
6012031176108922616,2021-10,0.009564097089155982
7501763663852779083,2021-10,0.021733401808263882
503021894071666233,2021-10,0.04371782732727384
503021894071666233,2021-10,0.04142322460154098
503021894071666233,2021-10,0.040689459313349725
3118683330911759410,2021-10,0.1161085612154813
3118683330911759410,2021-10,0.1161085612154813
7779268298304613772,2021-10,0.0048314627544323455
7779268298304613772,2021-10,0.003393966379360468
7779268298304613772,2021-10,0.006126268981329751
7779268298304613772,2021-10,0.006993161946092489
7779268298304613772,2021-10,0.005668701214449903
5303720405946805990,2021-10,0.0015023195518908948
6521201759558790083,2021-10,0.00447844384500974
6521201759558790083,2021-10,0.003785258966148201
717981637594591016,2021-10,0.0008389360772376147
2973474340148068982,2021-10,0.28299764765027285
8684964138237894839,2021-10,0.009324034513050337
7041489327620930099,2021-10,0.006555106159965492
3447213159487287154,2021-10,0.003312743455495815
3447213159487287154,2021-10,0.003312743455495815
5225029212547588718,2021-10,0.030311825179531196
1735718258017802778,2021-10,0.008799011991739254
1735718258017802778,2021-10,0.005637001892848846
2550506309527280168,2021-10,0.004327387158140128
2550506309527280168,2021-10,0.004327387158140128
5376084855227654309,2021-10,0.09096708444944589
5376084855227654309,2021-10,0.09096708444944589
165658847908185334,2021-10,0.012954931700063352
4527499691197377217,2021-10,0.006190111203836685
8535586342375301953,2021-10,0.003630967929165353
3970572142453508637,2021-10,0.12222201991446963
5200455618694210402,2021-10,0.004956874308153062
7595945751692012281,2021-10,0.04388714671614595
3283662016127058429,2021-10,0.007983964248005716
3248432590399829766,2021-10,0.001234118156351113
9108733472015251498,2021-10,0.0012770554966421873
9108733472015251498,2021-10,0.0014637903104622121
7710364735942975505,2021-10,0.005032509195233008
6143250120040658989,2021-10,0.12425050990944835
8967780934636007142,2021-10,0.0057080664367349584
3027683745465216663,2021-10,0.014482171571978812
5758033363847724111,2021-10,0.0004903196061279855
5758033363847724111,2021-10,0.0005303585913737591
5758033363847724111,2021-10,0.0004901765766340251
5758033363847724111,2021-10,0.0005718222280079061
6985631100944640910,2021-10,0.04704098868392688
8536980239903840341,2021-10,0.002049562059576965
7330131219998265639,2021-10,0.002011409740587068
7628167057144760589,2021-10,0.0025061180490387074
8559143756893267192,2021-10,0.13992486793364234
5055200744384119654,2021-10,0.006352309799859345
3970610368027129821,2021-10,0.0010854637699052518
66220087398241662,2021-10,0.007250347563837082
66220087398241662,2021-10,0.007250347563837082
2598475569074240783,2021-10,0.007106605428379804
4562495119288161876,2021-10,0.014563395254275031
6338963608593807081,2021-10,0.007697636455029136
644457054514416604,2021-10,0.2729093917207014
644457054514416604,2021-10,0.22022319442048136
4566920105008626302,2021-10,0.0021735707142856364
4566920105008626302,2021-10,0.0021735707142856364
8570963260597299378,2021-10,0.0036264521070338744
8313765100460016738,2021-10,0.3062438441181738
8313765100460016738,2021-10,0.3299200323483027
8012945665375811304,2021-10,0.076454390601849
8012016968380185372,2021-10,0.016007369235126176
3361278050140871809,2021-10,0.22142263629895173
5122095358293179297,2021-10,0.003029975220852442
670573866376512619,2021-10,0.024911110889536122
670573866376512619,2021-10,0.027775112460464692
4831939798545673038,2021-10,0.0055299105638811135
1219954496802643881,2021-10,0.07410449776440949
8680213253228719510,2021-10,0.008303444676505864
8680213253228719510,2021-10,0.012174681942721664
2785178201607654410,2021-10,0.033863541620149706
4997308257850209705,2021-10,0.04368386442636741
5986344948775572227,2021-10,0.16545490956108166
4723919748432185874,2021-10,0.002275175349043177
4723919748432185874,2021-10,0.0025905232988469875
4723919748432185874,2021-10,0.002280940768958627
6080407793834027692,2021-10,0.003841505740630855
922040072471333951,2021-10,0.36387713155918133
6598561842700412652,2021-10,0.6804598228339069
1874387298050692165,2021-10,0.0055646161120796326
8991419601067014006,2021-10,0.003228704113831313
1748142500108801439,2021-10,0.016230218181100698
1311488706225587300,2021-10,0.1369949243031927
3275327267689584006,2021-10,0.2733747086054275
3275327267689584006,2021-10,0.2840823978364358
2208316821038817776,2021-10,0.1598732291918486
1963239178085807816,2021-10,0.02227220776949102
2467590416042313927,2021-10,0.0020614659940480606
345033315379741874,2021-10,0.002765765553992035
4237135112070444140,2021-10,0.05369615566856902
8222831719332844924,2021-10,0.0027284710428386785
8278233100278581012,2021-10,0.0441849270951843
8480109508191086169,2021-10,0.0040387355928751005
8480109508191086169,2021-10,0.004349155462280728
3536704882799524586,2021-10,0.009985225113528938
8398000036517692656,2021-10,0.039774729042605136
2003221759676247813,2021-10,0.0008461242893882112
2322847438374159400,2021-10,0.0023796201164097506
866011924076225884,2021-10,0.0030297708198613804
4570863207041489270,2021-10,0.0997656810140414
2439954154030259398,2021-10,0.024597718265240938
2439954154030259398,2021-10,0.024597718265240938
4104959289203999917,2021-10,0.002061940428721103
5499433941404698208,2021-10,0.005991446744264977
271068078606473697,2021-10,0.001576754887786868
8706851346184249504,2021-10,0.001998783215783639
1423952977138155129,2021-10,0.004325976157425427
3906045000005838812,2021-10,0.3151755020896937
4225765667813563302,2021-10,0.034146028317793176
8737605759444448951,2021-10,0.007068971873618057
8915958534285799867,2021-10,0.2823077691828045
8013668117699219722,2021-10,0.028128221165032007
3979129042322937623,2021-10,0.07293852114415822
4900073965147412482,2021-10,0.0010824574881682367
2179772649873197365,2021-10,0.17300387001739098
6053752047545474051,2021-10,0.007432825044970396
6053752047545474051,2021-10,0.00602305636902129
6053752047545474051,2021-10,0.006226010828974641
6053752047545474051,2021-10,0.007682916253366577
6053752047545474051,2021-10,0.004903676769107452
6053752047545474051,2021-10,0.00602305636902129
6053752047545474051,2021-11,0.0040929503487952545
6053752047545474051,2021-11,0.0040929503487952545
6053752047545474051,2021-11,0.0040929503487952545
6053752047545474051,2021-11,0.004231144308669912
6053752047545474051,2021-11,0.0040929503487952545
6053752047545474051,2021-11,0.0046547652415068145
6053752047545474051,2021-11,0.1092672191188371
6053752047545474051,2021-11,0.005223698639273504
2772135008486239291,2021-10,0.006986636065186677
2772135008486239291,2021-10,0.006986636065186677
7031913170099381454,2021-10,0.13525904117788465
7031913170099381454,2021-11,0.13525904117788465
5373371196946859811,2021-10,0.06016138229744081
5373371196946859811,2021-10,0.06016138229744081
5373371196946859811,2021-11,0.020423492101064793
5373371196946859811,2021-11,0.02086213994723005
5373371196946859811,2021-11,0.020423492101064793
2201150681962815877,2021-10,0.004881001068257076
2201150681962815877,2021-10,0.005873551343509439
2201150681962815877,2021-10,0.004881001068257076
2201150681962815877,2021-11,0.22237418451115612
2201150681962815877,2021-11,0.006235136447667525
2201150681962815877,2021-11,0.006235136447667525
4717717003637613480,2021-10,0.004436907917210516
4717717003637613480,2021-11,0.0043691129864066175
4717717003637613480,2021-11,0.004949093682156799
7692330898726665144,2021-10,0.0053396911062425735
7692330898726665144,2021-10,0.004189445974659729
7692330898726665144,2021-10,0.004959221703781947
7692330898726665144,2021-10,0.00533735076463173
7692330898726665144,2021-11,0.0032865134172139227
7692330898726665144,2021-11,0.003361063653320319
7692330898726665144,2021-11,0.004623234978326834
7692330898726665144,2021-11,0.004625263647837335
4327694790333781288,2021-10,0.0004603154420587165
4327694790333781288,2021-10,0.0014294021012348896
4327694790333781288,2021-10,0.0005488420691622405
4327694790333781288,2021-11,0.0004598261667989248
4327694790333781288,2021-11,0.0005416992176339635
7930644815080409701,2021-10,0.011230099171126825
5029701292539093910,2021-10,0.012230548421238465
5029701292539093910,2021-11,0.018056551533429093
5029701292539093910,2021-11,0.012230548421238465
5029701292539093910,2021-11,0.012230548421238465
6784879562354696650,2021-10,0.015690075935341528
6784879562354696650,2021-10,0.015690075935341528
6784879562354696650,2021-11,0.01589396148459339
6784879562354696650,2021-11,0.015690075935341528
1958660709350677213,2021-10,0.06359347223116649
1958660709350677213,2021-10,0.07447886225352855
1958660709350677213,2021-11,0.09593138748413912
7613717984547031729,2021-10,0.002326508647602908
7613717984547031729,2021-10,0.0026608062472222005
7613717984547031729,2021-10,0.0026608062472222005
7613717984547031729,2021-10,0.002326508647602908
7613717984547031729,2021-11,0.002326508647602908
7613717984547031729,2021-11,0.0026608062472222005
7613717984547031729,2021-11,0.0015504700092001476
7613717984547031729,2021-11,0.012435340856816832
7613717984547031729,2021-11,0.0015600844886023376
7613717984547031729,2021-11,0.002326508647602908
5897410907783139228,2021-10,0.005905075560527477
5897410907783139228,2021-10,0.006391691598910483
5897410907783139228,2021-10,0.0043573278446886726
5897410907783139228,2021-11,0.0025275946547917115
5897410907783139228,2021-11,0.15659481015551985
5897410907783139228,2021-11,0.004286284168551088
5897410907783139228,2021-11,0.004797673200349925
6715993871935527857,2021-10,0.5295830519475101
5176940320835464459,2021-10,0.0017283449467011428
5176940320835464459,2021-10,0.0016787570593512575
5176940320835464459,2021-10,0.0016787570593512575
5176940320835464459,2021-10,0.0016787570593512575
5176940320835464459,2021-10,0.0016787570593512575
5176940320835464459,2021-10,0.0017283449467011428
5176940320835464459,2021-10,0.0033366653599088227
5176940320835464459,2021-10,0.0017773620825916748
5176940320835464459,2021-10,0.002008831041370439
5176940320835464459,2021-10,0.0016827150626940817
5176940320835464459,2021-10,0.0016787570593512575
5176940320835464459,2021-11,0.002436247105487814
5176940320835464459,2021-11,0.003490642013426344
5176940320835464459,2021-11,0.003935546749250321
5176940320835464459,2021-11,0.002683025406509364
5176940320835464459,2021-11,0.003490642013426344
5176940320835464459,2021-11,0.003490642013426344
5176940320835464459,2021-11,0.003490642013426344
5176940320835464459,2021-11,0.01529629671954448
5176940320835464459,2021-11,0.003490642013426344
5176940320835464459,2021-11,0.004883890806642779
5176940320835464459,2021-11,0.002508153862823555
5176940320835464459,2021-11,0.003490642013426344
2128970218770090704,2021-10,0.0032100072521241106
2128970218770090704,2021-10,0.002984208557311487
2128970218770090704,2021-10,0.003176948618669062
1156053485989336481,2021-10,0.019481607163709138
1156053485989336481,2021-10,0.019481607163709138
1156053485989336481,2021-10,0.019481607163709138
1156053485989336481,2021-10,0.019481607163709138
1156053485989336481,2021-10,0.019481607163709138
1156053485989336481,2021-10,0.021586542279626097
1156053485989336481,2021-10,0.019481607163709138
1156053485989336481,2021-10,0.021586542279626097
1156053485989336481,2021-10,0.019481607163709138
1156053485989336481,2021-10,0.019481607163709138
1156053485989336481,2021-10,0.019481607163709138
1156053485989336481,2021-10,0.019481607163709138
1156053485989336481,2021-10,0.019481607163709138
1156053485989336481,2021-10,0.019481607163709138
1156053485989336481,2021-10,0.05088071285067543
1156053485989336481,2021-10,0.019481607163709138
1156053485989336481,2021-10,0.021586542279626097
1156053485989336481,2021-10,0.019481607163709138
1156053485989336481,2021-10,0.019481607163709138
1156053485989336481,2021-10,0.019481607163709138
1156053485989336481,2021-10,0.021586542279626097
1156053485989336481,2021-10,0.021586542279626097
1156053485989336481,2021-11,0.03368042336187435
1156053485989336481,2021-11,0.03368042336187435
1156053485989336481,2021-11,0.03726120245972879
1156053485989336481,2021-11,0.03368042336187435
1156053485989336481,2021-11,0.03368042336187435
1156053485989336481,2021-11,0.03368042336187435
1156053485989336481,2021-11,0.03368042336187435
1156053485989336481,2021-11,0.03368042336187435
1156053485989336481,2021-11,0.03368042336187435
1156053485989336481,2021-11,0.03368042336187435
1156053485989336481,2021-11,0.03368042336187435
1156053485989336481,2021-11,0.03368042336187435
1156053485989336481,2021-11,0.03368042336187435
1156053485989336481,2021-11,0.03726120245972879
1156053485989336481,2021-11,0.30773045742940125
1156053485989336481,2021-11,0.03368042336187435
1156053485989336481,2021-11,0.03368042336187435
1156053485989336481,2021-11,0.03368042336187435
1156053485989336481,2021-11,0.03368042336187435
1156053485989336481,2021-11,0.03368042336187435
1156053485989336481,2021-11,0.03368042336187435
1156053485989336481,2021-11,0.03368042336187435
1156053485989336481,2021-11,0.03368042336187435
1156053485989336481,2021-11,0.03368042336187435
1156053485989336481,2021-11,0.03368042336187435
3118152790263512426,2021-10,0.005384970422821967
3118152790263512426,2021-10,0.018172287467714255
3118152790263512426,2021-10,0.013544742193098544
3118152790263512426,2021-10,0.005105392174575794
3118152790263512426,2021-11,0.00681652012307931
3118152790263512426,2021-11,0.018524514650999295
3118152790263512426,2021-11,0.018524514650999295
3118152790263512426,2021-11,0.018524514650999295
2333404192508932057,2021-10,0.010893720980598076
2333404192508932057,2021-10,0.010761985243608526
2333404192508932057,2021-10,0.010893720980598076
2333404192508932057,2021-11,0.00839096746952184
5761480994209806499,2021-10,0.002144488460989945
5761480994209806499,2021-10,0.0019838113470319503
5761480994209806499,2021-10,0.0019838113470319503
5761480994209806499,2021-10,0.002142805799889198
5761480994209806499,2021-10,0.002653018410049363
5761480994209806499,2021-10,0.0024346985106951523
5761480994209806499,2021-10,0.0019838113470319503
5761480994209806499,2021-10,0.0019838113470319503
5761480994209806499,2021-10,0.002142805799889198
5761480994209806499,2021-10,0.002144488460989945
5761480994209806499,2021-10,0.0024957235525798374
5761480994209806499,2021-10,0.0028406340657656246
5761480994209806499,2021-10,0.0028677416354059423
5761480994209806499,2021-10,0.002653018410049363
5761480994209806499,2021-10,0.004907694856044011
5761480994209806499,2021-11,0.0022393914987685424
5761480994209806499,2021-11,0.002770363652523546
5761480994209806499,2021-11,0.0022393914987685424
5761480994209806499,2021-11,0.0022393914987685424
5761480994209806499,2021-11,0.00207161847871481
5761480994209806499,2021-11,0.0022393914987685424
5761480994209806499,2021-11,0.0022376345395039663
5761480994209806499,2021-11,0.00207161847871481
5761480994209806499,2021-11,0.00207161847871481
5761480994209806499,2021-11,0.002351990398855278
5761480994209806499,2021-11,0.002542411895876545
5761480994209806499,2021-11,0.002501056847042417
5761480994209806499,2021-11,0.0022393914987685424
5761480994209806499,2021-11,0.00207161847871481
5761480994209806499,2021-11,0.002542411895876545
5761480994209806499,2021-11,0.0022393914987685424
5761480994209806499,2021-11,0.0022376345395039663
984915269987074754,2021-10,0.0014483438567797367
984915269987074754,2021-10,0.0016342968735163913
984915269987074754,2021-10,0.0015804486033294382
984915269987074754,2021-10,0.0014483438567797367
984915269987074754,2021-11,0.010559261485927103
8698916565946744099,2021-10,0.10437488478212072
8015571584405428572,2021-10,0.007624647382484633
8015571584405428572,2021-11,0.008777553651765097
8529899700094903171,2021-10,0.007263041637797527
8529899700094903171,2021-10,0.00660360206665338
8529899700094903171,2021-10,0.007263041637797527
8529899700094903171,2021-10,0.007263041637797527
8529899700094903171,2021-10,0.008267707570002067
8529899700094903171,2021-10,0.007263041637797527
8529899700094903171,2021-10,0.007263041637797527
8529899700094903171,2021-10,0.007263041637797527
8529899700094903171,2021-10,0.007263041637797527
8529899700094903171,2021-11,0.007263041637797527
8529899700094903171,2021-11,0.007263041637797527
8529899700094903171,2021-11,0.007263041637797527
8529899700094903171,2021-11,0.007263041637797527
8529899700094903171,2021-11,0.00660360206665338
8529899700094903171,2021-11,0.007263041637797527
8529899700094903171,2021-11,0.00660360206665338
8529899700094903171,2021-11,0.007263041637797527
8529899700094903171,2021-11,0.007263041637797527
8529899700094903171,2021-11,0.007263041637797527
8529899700094903171,2021-11,0.007263041637797527
2119292203323657032,2021-10,0.0026878344222356215
2119292203323657032,2021-10,0.0021358888006308575
5462970244186515758,2021-10,0.0008979478186500391
5462970244186515758,2021-10,0.0008356023087284356
5462970244186515758,2021-10,0.0009566156338521952
5462970244186515758,2021-10,0.0009712096655334411
5462970244186515758,2021-10,0.0009566156338521952
5462970244186515758,2021-10,0.0008017901433518185
5462970244186515758,2021-10,0.0009597695717715055
5462970244186515758,2021-11,0.005071737819193717
5462970244186515758,2021-11,0.014221101762870314
5462970244186515758,2021-11,0.0008946120999412163
5462970244186515758,2021-11,0.005071737819193717
5462970244186515758,2021-11,0.00093900036675576
6964108750473070287,2021-10,0.004791071507434173
6964108750473070287,2021-10,0.004791071507434173
6964108750473070287,2021-10,0.004791071507434173
6964108750473070287,2021-10,0.004791071507434173
6964108750473070287,2021-10,0.004791071507434173
6964108750473070287,2021-10,0.004791071507434173
6964108750473070287,2021-10,0.004791071507434173
6964108750473070287,2021-10,0.004791071507434173
6964108750473070287,2021-10,0.004791071507434173
6964108750473070287,2021-10,0.004223295940955405
6964108750473070287,2021-10,0.0039438095590442115
6964108750473070287,2021-10,0.0039438095590442115
6964108750473070287,2021-11,0.004369903180495979
6964108750473070287,2021-11,0.004369903180495979
6964108750473070287,2021-11,0.003851845837262968
6964108750473070287,2021-11,0.004369903180495979
6964108750473070287,2021-11,0.004369903180495979
6964108750473070287,2021-11,0.0035968522342591687
6964108750473070287,2021-11,0.0035968522342591687
6964108750473070287,2021-11,0.004369903180495979
6964108750473070287,2021-11,0.0035968522342591687
6964108750473070287,2021-11,0.004369903180495979
6964108750473070287,2021-11,0.004369903180495979
6964108750473070287,2021-11,0.004369903180495979
6964108750473070287,2021-11,0.004369903180495979
6964108750473070287,2021-11,0.004369903180495979
6964108750473070287,2021-11,0.004369903180495979
6964108750473070287,2021-11,0.004369903180495979
6964108750473070287,2021-11,0.004369903180495979
6964108750473070287,2021-11,0.004369903180495979
6964108750473070287,2021-11,0.004369903180495979
6828316696355015040,2021-10,0.004771087769648314
7206599058451025691,2021-10,0.00416444098306893
682352428813668634,2021-10,0.0028673337208129186
682352428813668634,2021-10,0.0028673337208129186
682352428813668634,2021-10,0.003029400730364087
682352428813668634,2021-10,0.0034985530892573695
682352428813668634,2021-10,0.0034985530892573695
682352428813668634,2021-11,0.0028673337208129186
682352428813668634,2021-11,0.0028673337208129186
682352428813668634,2021-11,0.0028673337208129186
682352428813668634,2021-11,0.0028673337208129186
682352428813668634,2021-11,0.0028673337208129186
682352428813668634,2021-11,0.0034985530892573695
682352428813668634,2021-11,0.003029400730364087
3829967475074118757,2021-10,0.38036259821419804
3829967475074118757,2021-10,0.3650532667538404
3829967475074118757,2021-10,0.3650532667538404
3829967475074118757,2021-11,0.3650532667538404
2726314736140152277,2021-10,0.7347183467772506
2726314736140152277,2021-10,0.7347183467772506
459290606780222306,2021-10,0.0012536566985850346
459290606780222306,2021-10,0.001261565723894812
459290606780222306,2021-10,0.0011265632526661832
459290606780222306,2021-10,0.0012898797902931233
459290606780222306,2021-10,0.0013559444289608159
459290606780222306,2021-10,0.0012184938894953562
459290606780222306,2021-11,0.0012184938894953562
459290606780222306,2021-11,0.001261565723894812
459290606780222306,2021-11,0.0011265632526661832
459290606780222306,2021-11,0.0012480423978847872
459290606780222306,2021-11,0.001261565723894812
7141263195360679278,2021-10,0.03396774584597322
7141263195360679278,2021-10,0.029000089077384307
7141263195360679278,2021-10,0.03396774584597322
7141263195360679278,2021-10,0.031622807472518354
7141263195360679278,2021-10,0.036526371350945795
7141263195360679278,2021-10,0.03396774584597322
7141263195360679278,2021-11,0.03567470034055503
7141263195360679278,2021-11,0.03567470034055503
7141263195360679278,2021-11,0.03567470034055503
7141263195360679278,2021-11,0.04117984921161412
7910340581026492945,2021-10,0.004240051108221549
7910340581026492945,2021-10,0.002280564316110055
7910340581026492945,2021-10,0.0030941971533152627
7910340581026492945,2021-10,0.0034131923439284615
7910340581026492945,2021-10,0.002532129828068118
7910340581026492945,2021-11,0.004741423314201277
7910340581026492945,2021-11,0.0031694390868135386
3690886209682028027,2021-10,0.016982833344331417
3690886209682028027,2021-10,0.016982833344331417
3690886209682028027,2021-11,0.013371887843708331
1579681122696922043,2021-10,0.011986365096349249
5057726374207815794,2021-10,0.016062368439262224
1661240395903230676,2021-10,0.11104235369517551
1661240395903230676,2021-11,0.1078216541207018
1661240395903230676,2021-11,0.10450288934200802
1661240395903230676,2021-11,0.1078216541207018
1661240395903230676,2021-11,0.10450288934200802
1661240395903230676,2021-11,0.1078216541207018
8079157452200263869,2021-10,0.43996562188423866
1253437108265925705,2021-10,0.0011933639105774698
1253437108265925705,2021-10,0.000740641026775807
1253437108265925705,2021-10,0.0010410890081968569
1253437108265925705,2021-10,0.0015739364360797153
1253437108265925705,2021-11,0.0012000255948732507
1253437108265925705,2021-11,0.0007767717350076301
4874157215501489741,2021-10,0.00874718246237354
4874157215501489741,2021-10,0.012744424818555394
4874157215501489741,2021-10,0.01223758167575415
4874157215501489741,2021-10,0.007796218314015756
4874157215501489741,2021-10,0.007796218314015756
4874157215501489741,2021-11,0.007796218314015756
4874157215501489741,2021-11,0.007796218314015756
3511416927745338332,2021-10,0.002389245371244936
3511416927745338332,2021-10,0.002767996162790852
3511416927745338332,2021-11,0.002385116003289681
2773493808492482979,2021-10,0.003478832342312421
2773493808492482979,2021-10,0.002641971557860964
7451017400765373278,2021-10,0.0017179416609665141
7451017400765373278,2021-10,0.0020100463177395414
7451017400765373278,2021-10,0.0021125184092251406
7451017400765373278,2021-11,0.002383301004434219
7451017400765373278,2021-11,0.0017518473309109793
7451017400765373278,2021-11,0.001629866117862009
3979129042322937623,2021-10,0.07293852114415822
3979129042322937623,2021-10,0.08334974363539258
3979129042322937623,2021-10,0.09488900128052549
170089315547146305,2021-10,0.09261423114207375
170089315547146305,2021-10,0.06703901122151416
170089315547146305,2021-10,0.06414026997476897
170089315547146305,2021-11,0.09832278370069807
170089315547146305,2021-11,0.06414026997476897
170089315547146305,2021-11,0.07129502040684785
7325545718770538459,2021-10,0.0011561854721358071
7325545718770538459,2021-10,0.0011561854721358071
7325545718770538459,2021-10,0.0011561854721358071
7325545718770538459,2021-10,0.0033723715440243545
7325545718770538459,2021-10,0.0033723715440243545
7325545718770538459,2021-11,0.003102888314089843
7325545718770538459,2021-11,0.003458552093589343
7325545718770538459,2021-11,0.003102888314089843
7325545718770538459,2021-11,0.003102888314089843
7325545718770538459,2021-11,0.003102888314089843
7325545718770538459,2021-11,0.003458552093589343
7325545718770538459,2021-11,0.003102888314089843
4972567100282306577,2021-10,0.005419085604059046
4972567100282306577,2021-10,0.005545665982808407
4972567100282306577,2021-10,0.005419085604059046
4972567100282306577,2021-10,0.005419085604059046
4972567100282306577,2021-11,0.005218335422913741
4972567100282306577,2021-11,0.00537989800120572
175003104385133396,2021-10,0.0016066087488595935
175003104385133396,2021-11,0.001413430261930821
7398738404146260251,2021-10,0.004520807846983657
7398738404146260251,2021-11,0.02856226231477235
2658946240987854807,2021-10,0.002254607305884229
2658946240987854807,2021-11,0.0019092077677909567
2658946240987854807,2021-11,0.0019092077677909567
2658946240987854807,2021-11,0.0019092077677909567
2658946240987854807,2021-11,0.0021715246192956423
326257359176916767,2021-10,0.0012241578387559035
8785648114090695180,2021-10,0.005984107510133822
8785648114090695180,2021-11,0.005970440911007973
8785648114090695180,2021-11,0.005139091451036366
8784237149961904,2021-10,0.0038315613989584386
8784237149961904,2021-10,0.0028278456261192865
8784237149961904,2021-10,0.0038315613989584386
8784237149961904,2021-10,0.003842443719886615
8784237149961904,2021-11,0.004103265265143972
8784237149961904,2021-11,0.002813736387496804
8784237149961904,2021-11,0.0038124633726607416
8784237149961904,2021-11,0.0030964266121270147
6759864637454708017,2021-10,0.013775558176804927
6759864637454708017,2021-10,0.013775558176804927
6759864637454708017,2021-10,0.013775558176804927
6759864637454708017,2021-10,0.013633680307074826
6759864637454708017,2021-10,0.013775558176804927
6759864637454708017,2021-11,0.0148296363266555
6759864637454708017,2021-11,0.0148296363266555
5694881483989656694,2021-10,0.01501078937220475
5694881483989656694,2021-10,0.007403257612258538
5694881483989656694,2021-11,0.01135379972054499
5694881483989656694,2021-11,0.007994272699683853
209314261782935157,2021-10,0.529526062708419
2759416556905651870,2021-10,0.5552084902726979
2759416556905651870,2021-11,0.577112003969973
2022367282554149730,2021-10,0.0017295064629846862
2022367282554149730,2021-10,0.0016514775603653305
2022367282554149730,2021-10,0.0017523035842458997
2022367282554149730,2021-10,0.0018964057189876005
2022367282554149730,2021-10,0.0017523035842458997
2022367282554149730,2021-11,0.0018712700721210623
2022367282554149730,2021-11,0.0018712700721210623
2022367282554149730,2021-11,0.0017470910847253087
2022367282554149730,2021-11,0.0018712700721210623
2022367282554149730,2021-11,0.0018712700721210623
2022367282554149730,2021-11,0.0018712700721210623
8173830874846355280,2021-10,0.001314766726797492
8173830874846355280,2021-10,0.0013599660296161123
8173830874846355280,2021-10,0.001314766726797492
8173830874846355280,2021-10,0.001314766726797492
8173830874846355280,2021-10,0.001512453263802924
8173830874846355280,2021-10,0.001314766726797492
8173830874846355280,2021-10,0.001314766726797492
8173830874846355280,2021-10,0.001314766726797492
8173830874846355280,2021-10,0.001512453263802924
8173830874846355280,2021-10,0.001314766726797492
8173830874846355280,2021-11,0.001396099969320995
8173830874846355280,2021-11,0.0016059959962308242
8173830874846355280,2021-11,0.001396099969320995
8173830874846355280,2021-11,0.013084325502119194
8173830874846355280,2021-11,0.0015405584637666267
8173830874846355280,2021-11,0.0015405584637666267
8173830874846355280,2021-11,0.001772134496566175
8173830874846355280,2021-11,0.001396099969320995
8173830874846355280,2021-11,0.001396099969320995
8173830874846355280,2021-11,0.0016059959962308242
8173830874846355280,2021-11,0.001396099969320995
8173830874846355280,2021-11,0.0015405584637666267
8173830874846355280,2021-11,0.0015405584637666267
8173830874846355280,2021-11,0.001396099969320995
8173830874846355280,2021-11,0.001396099969320995
8173830874846355280,2021-11,0.001396099969320995
3382624494518753363,2021-10,0.3019877672899454
3382624494518753363,2021-10,0.3019364109704618
3382624494518753363,2021-11,0.29928373558920757
3382624494518753363,2021-11,0.2624280699868155
3382624494518753363,2021-11,0.285658344315266
2123312420728961012,2021-10,0.043699907766214956
2123312420728961012,2021-10,0.04914952844361015
2123312420728961012,2021-10,0.043699907766214956
5082813456193598086,2021-10,0.004417111300446085
5082813456193598086,2021-10,0.003532970481684025
5082813456193598086,2021-10,0.003532970481684025
3279078057358159966,2021-10,0.025722999092739944
4334472256949955221,2021-10,0.0015002169316079195
4334472256949955221,2021-10,0.0015108170820866337
4334472256949955221,2021-10,0.0015522399815057013
4334472256949955221,2021-10,0.0015002169316079195
4334472256949955221,2021-11,0.015819352993639398
4334472256949955221,2021-11,0.0016146424575401834
4347826483121154490,2021-10,0.002104692719015881
4347826483121154490,2021-10,0.023310598997930414
4347826483121154490,2021-10,0.011131847953278304
4347826483121154490,2021-10,0.00438935589748191
4347826483121154490,2021-11,0.0023993777881048464
4347826483121154490,2021-11,0.0016929749722612894
4347826483121154490,2021-11,0.0016929749722612894
4347826483121154490,2021-11,0.0016929749722612894
4347826483121154490,2021-11,0.0023993777881048464
819552547620904652,2021-10,0.18423559482049748
819552547620904652,2021-10,0.19235484385578008
819552547620904652,2021-10,0.18423559482049748
819552547620904652,2021-10,0.19235484385578008
819552547620904652,2021-11,0.19084761100417294
8596605705893456305,2021-10,0.2835695425267688
8596605705893456305,2021-10,0.3203505006223673
8596605705893456305,2021-10,0.3989074301758592
8596605705893456305,2021-11,0.3371829978084703
8596605705893456305,2021-11,0.23670211689378945
8919892162361650175,2021-10,0.06023094834208218
8919892162361650175,2021-10,0.060290215514493775
8919892162361650175,2021-10,0.060290215514493775
8919892162361650175,2021-11,0.06189738361064814
8919892162361650175,2021-11,0.06189738361064814
2033394215069562776,2021-10,0.01000262234895879
2033394215069562776,2021-10,0.01760263209099188
2033394215069562776,2021-11,0.015013647245490779
2033394215069562776,2021-11,0.015013647245490779
2033394215069562776,2021-11,0.012044332648332785
1069093308328204542,2021-10,0.004689395054278831
1069093308328204542,2021-10,0.0050245843014500285
3941676647656952109,2021-10,0.4291528481624871
3941676647656952109,2021-10,0.4291528481624871
3941676647656952109,2021-11,0.37511760042372133
3941676647656952109,2021-11,0.37511760042372133
3941676647656952109,2021-11,0.32215110476132364
2451708306555441014,2021-10,0.004632403328616659
2451708306555441014,2021-11,0.004542207574168311
3812760626052898456,2021-10,0.0008846751643629452
3812760626052898456,2021-11,0.002201876192319671
1366416810235233769,2021-10,0.005160776494382554
1366416810235233769,2021-10,0.08141166222130262
1366416810235233769,2021-10,0.004474279145132179
1366416810235233769,2021-11,0.06442501144625268
1366416810235233769,2021-11,0.01659867024113905
2302464746243069589,2021-10,0.007453189568433682
2302464746243069589,2021-10,0.005040050439714096
2302464746243069589,2021-11,0.0032689620933448265
4850722092974676955,2021-10,0.003825845332399555
6367769402148499693,2021-10,0.006844267215972021
6367769402148499693,2021-10,0.006844267215972021
6367769402148499693,2021-11,0.005810987152397239
4935929591787890253,2021-10,0.0032762853484622927
4935929591787890253,2021-10,0.0042176619934088805
4935929591787890253,2021-11,0.004283922391384615
4935929591787890253,2021-11,0.004283922391384615
314309872114206760,2021-10,0.15613360836879944
5369576709077493659,2021-10,0.020901650095464457
5369576709077493659,2021-10,0.09562454580593661
5369576709077493659,2021-11,0.16132394194300803
5369576709077493659,2021-11,0.06672182305356633
5369576709077493659,2021-11,0.05065574209993885
5810778736737569699,2021-10,0.012727879192971124
5810778736737569699,2021-10,0.012727879192971124
5810778736737569699,2021-11,0.012173119799449664
5810778736737569699,2021-11,0.0143602966180779
1088521227159442264,2021-10,0.017591133431077374
1088521227159442264,2021-10,0.0165891298647109
1088521227159442264,2021-10,0.017591133431077374
1088521227159442264,2021-10,0.022339688929293708
1088521227159442264,2021-11,0.01639005475209062
1088521227159442264,2021-11,0.02741265361058331
1088521227159442264,2021-11,0.13850078452412334
1088521227159442264,2021-11,0.01639005475209062
6518776090651183119,2021-10,0.8037122154115669
1551531256789550891,2021-10,0.0010788540827659863
1551531256789550891,2021-10,0.0019212878415925455
1551531256789550891,2021-11,0.0008144105966547923
2083323809219952960,2021-10,0.003594931482547686
2083323809219952960,2021-10,0.0025301072701108818
2083323809219952960,2021-10,0.002966361155145751
2083323809219952960,2021-10,0.002966361155145751
2083323809219952960,2021-11,0.002329345566061054
2083323809219952960,2021-11,0.002329345566061054
2083323809219952960,2021-11,0.002657781716320984
2083323809219952960,2021-11,0.002329345566061054
1292049196559782171,2021-10,0.0016802550318397217
1292049196559782171,2021-10,0.0016802550318397217
1292049196559782171,2021-10,0.00149667125737752
1292049196559782171,2021-10,0.0016802550318397217
1292049196559782171,2021-10,0.0026846804990895627
1292049196559782171,2021-10,0.0017448245212533945
1292049196559782171,2021-11,0.0016262394867479469
1292049196559782171,2021-11,0.0016262394867479469
1292049196559782171,2021-11,0.0014485488588176787
1292049196559782171,2021-11,0.0016262394867479469
1292049196559782171,2021-11,0.0016262394867479469
3591324331706630867,2021-10,0.037070739521581346
3591324331706630867,2021-10,0.045525957675662754
3591324331706630867,2021-11,0.019382475902437378
2382123267535341265,2021-10,0.008319974357523508
8609938720215175911,2021-10,0.00794918038017599
8609938720215175911,2021-10,0.00749446003882634
8609938720215175911,2021-10,0.007699742488886088
8609938720215175911,2021-10,0.01895926321498396
8609938720215175911,2021-11,0.007791280646764344
8609938720215175911,2021-11,0.009816871650530792
8609938720215175911,2021-11,0.007372876065889416
8609938720215175911,2021-11,0.06601575916238654
8609938720215175911,2021-11,0.00794918038017599
2808145376905474927,2021-10,0.010927871887463967
2808145376905474927,2021-11,0.014040219713629391
2808145376905474927,2021-11,0.014040219713629391
7750874287225529604,2021-10,0.011696196815604897
7750874287225529604,2021-10,0.024665080423806978
7750874287225529604,2021-10,0.013515470359771669
7750874287225529604,2021-11,0.010795628861275067
7750874287225529604,2021-11,0.011823108523279965
6969348581033924947,2021-10,0.0029144939304315436
6969348581033924947,2021-10,0.0029144939304315436
6969348581033924947,2021-10,0.0029144939304315436
6969348581033924947,2021-10,0.0037024317427851268
6969348581033924947,2021-10,0.003320257814267674
6969348581033924947,2021-11,0.0034029431505271054
6969348581033924947,2021-11,0.0026785700353717697
6969348581033924947,2021-11,0.0026785700353717697
6969348581033924947,2021-11,0.002401826798609786
6969348581033924947,2021-11,0.0026785700353717697
5931905128207886847,2021-10,0.03913282910385011
8252215766413781202,2021-10,0.0027636294147600415
2645324649046215594,2021-10,0.005321336146901025
2645324649046215594,2021-10,0.004908394987813123
2645324649046215594,2021-10,0.0048808383354325535
2645324649046215594,2021-10,0.006566854770307899
2645324649046215594,2021-11,0.005300339863970981
2645324649046215594,2021-11,0.005300339863970981
2645324649046215594,2021-11,0.005584773295993186
2645324649046215594,2021-11,0.005300339863970981
2645324649046215594,2021-11,0.005584773295993186
6916556752218696485,2021-10,0.0050045606998306855
6916556752218696485,2021-10,0.004965984336313854
6916556752218696485,2021-10,0.004965984336313854
6916556752218696485,2021-10,0.004965984336313854
6916556752218696485,2021-10,0.006919752287200539
6916556752218696485,2021-10,0.0050045606998306855
6916556752218696485,2021-10,0.005248196754905964
6916556752218696485,2021-10,0.005207752215167377
6916556752218696485,2021-10,0.004690499713020438
6916556752218696485,2021-10,0.0050045606998306855
6916556752218696485,2021-11,0.27730186307365623
6916556752218696485,2021-11,0.004965984336313854
6916556752218696485,2021-11,0.0050045606998306855
6916556752218696485,2021-11,0.0050045606998306855
6916556752218696485,2021-11,0.004654332883349618
6916556752218696485,2021-11,0.006486287029855523
6916556752218696485,2021-11,0.004690499713020438
6916556752218696485,2021-11,0.005190663971849032
4210463673385510745,2021-10,0.030568679850183245
4210463673385510745,2021-10,0.04218520622679877
4210463673385510745,2021-11,0.9241787690685112
4210463673385510745,2021-11,0.02409612608653833
4210463673385510745,2021-11,0.026763314718967795
4679462479444735708,2021-10,0.019595659085874934
4679462479444735708,2021-10,0.3365783519332116
4679462479444735708,2021-10,0.019276883395693074
4679462479444735708,2021-11,0.014859353833502944
4679462479444735708,2021-11,0.020975716118469434
4237135112070444140,2021-10,0.0515202958772949
4237135112070444140,2021-10,0.0515202958772949
4237135112070444140,2021-11,0.04850076036043518
7177785309735471560,2021-10,0.001074578519475956
7177785309735471560,2021-10,0.001082174476895235
7177785309735471560,2021-10,0.000980027062864617
7177785309735471560,2021-10,0.0011001055617089145
7177785309735471560,2021-11,0.0009464724083429697
7177785309735471560,2021-11,0.000966581961088086
7177785309735471560,2021-11,0.0009464724083429697
1097345589386012260,2021-10,0.0017390883075242651
1097345589386012260,2021-10,0.0017390883075242651
1097345589386012260,2021-11,0.0018486533582320113
1097345589386012260,2021-11,0.001904827610078636
8385636129786687263,2021-10,0.0035070874412743832
8385636129786687263,2021-10,0.0035070874412743832
8385636129786687263,2021-11,0.003896455228086743
873223039957991123,2021-10,0.008974064546650423
8313765100460016738,2021-10,0.3062438441181738
8313765100460016738,2021-10,0.373593322138047
8313765100460016738,2021-10,0.7432291216305901
8313765100460016738,2021-10,0.3299200323483027
8313765100460016738,2021-11,0.34052895705855707
8163895533020293251,2021-10,0.20881664199533406
8163895533020293251,2021-10,0.5535916193811448
8163895533020293251,2021-11,0.4998266548422001
8163895533020293251,2021-11,0.39725551228072625
7930925883736021864,2021-10,0.006058110607509406
7930925883736021864,2021-10,0.005913995923838018
7930925883736021864,2021-10,0.006058110607509406
7930925883736021864,2021-10,0.005913995923838018
7930925883736021864,2021-10,0.005648555065762799
7930925883736021864,2021-10,0.006058110607509406
7930925883736021864,2021-10,0.006058110607509406
7930925883736021864,2021-10,0.008122653391836016
7930925883736021864,2021-10,0.005913995923838018
7930925883736021864,2021-11,0.02784672111792677
7930925883736021864,2021-11,0.007500007977477543
7930925883736021864,2021-11,0.005064349889112699
7930925883736021864,2021-11,0.007500007977477543
7930925883736021864,2021-11,0.005064349889112699
7930925883736021864,2021-11,0.005198441163140697
7930925883736021864,2021-11,0.012028568298892182
7930925883736021864,2021-11,0.007500007977477543
7930925883736021864,2021-11,0.005198441163140697
5577659616907513811,2021-10,0.4685230876241496
5577659616907513811,2021-11,0.1248667891691611
5577659616907513811,2021-11,0.2628076381286403
2771214050521171719,2021-10,0.0015965581158929893
2771214050521171719,2021-11,0.0015965581158929893
2771214050521171719,2021-11,0.0015965581158929893
2771214050521171719,2021-11,0.0013583446186651341
824632039241482307,2021-10,0.0054799509000300695
4071158585850879204,2021-10,0.04614144886363845
4071158585850879204,2021-10,0.015677256536311544
4071158585850879204,2021-11,0.016852761786346163
4071158585850879204,2021-11,0.01503005921578099
4071158585850879204,2021-11,0.01584447031179544
4071158585850879204,2021-11,0.015007142039479572
6486277549325701534,2021-10,0.005481733168595761
6486277549325701534,2021-11,0.004682175935466035
4995217181024687397,2021-10,0.005562488229235854
4995217181024687397,2021-10,0.005276658237358336
4995217181024687397,2021-11,0.005432668374884832
4995217181024687397,2021-11,0.005432668374884832
2870813069335519467,2021-10,0.013263147078475724
340285351737204923,2021-10,0.01862010388372813
340285351737204923,2021-10,0.019417477423124604
340285351737204923,2021-10,0.019417477423124604
8287608084245946173,2021-10,0.0032104852944597317
8287608084245946173,2021-10,0.0021162843187212538
8287608084245946173,2021-10,0.0034390625008145115
8287608084245946173,2021-10,0.004543281303860178
8287608084245946173,2021-11,0.003228641922953195
8287608084245946173,2021-11,0.0018464651744620534
8287608084245946173,2021-11,0.003228641922953195
8287608084245946173,2021-11,0.003228641922953195
1977574645216036803,2021-10,0.2343097613068783
1977574645216036803,2021-11,0.3428378540625636
1977574645216036803,2021-11,0.2728271243744566
4571290108043699959,2021-10,0.00435377037791339
4571290108043699959,2021-10,0.0027264669830581417
4571290108043699959,2021-11,0.00330513888712523
4571290108043699959,2021-11,0.11904060636958938
4571290108043699959,2021-11,0.003292723487706902
4571290108043699959,2021-11,0.003605703541214746
4571290108043699959,2021-11,0.003292723487706902
3095686599956852697,2021-10,0.002513322972745308
3095686599956852697,2021-10,0.005149089074093128
3095686599956852697,2021-11,0.001507989424237163
3095686599956852697,2021-11,0.0014289046532868768
4593070249039532001,2021-10,0.0009757902359799737
4593070249039532001,2021-11,0.0016714340930300334
4593070249039532001,2021-11,0.001890780732303014
4045739494965095560,2021-10,0.0022538105952457036
4045739494965095560,2021-10,0.0022538105952457036
4045739494965095560,2021-10,0.0024758060699748255
4045739494965095560,2021-10,0.0023784422203377373
4045739494965095560,2021-10,0.0023701744307860276
4045739494965095560,2021-11,0.002550846393942781
4045739494965095560,2021-11,0.0023221380215692304
4045739494965095560,2021-11,0.002550846393942781
4045739494965095560,2021-11,0.002550846393942781
4045739494965095560,2021-11,0.0023221380215692304
4045739494965095560,2021-11,0.002550846393942781
4045739494965095560,2021-11,0.002550846393942781
7085295800541340563,2021-10,0.004340370271743116
7085295800541340563,2021-10,0.022022550284242028
7085295800541340563,2021-10,0.009912237595290274
7085295800541340563,2021-10,0.004774888524990036
7085295800541340563,2021-10,0.013840823686638167
7085295800541340563,2021-10,0.007121989182689705
7085295800541340563,2021-11,0.019114670311416847
7085295800541340563,2021-11,0.006249691076652263
7085295800541340563,2021-11,0.0055072538027686364
6238903426443761049,2021-10,0.009010051059961078
6238903426443761049,2021-10,0.009010051059961078
6238903426443761049,2021-10,0.010765998642893742
6238903426443761049,2021-10,0.009010051059961078
6238903426443761049,2021-10,0.010765998642893742
6238903426443761049,2021-10,0.009010051059961078
6238903426443761049,2021-10,0.015524493165748847
6238903426443761049,2021-11,0.01167421336189107
6238903426443761049,2021-11,0.012050921308464356
6238903426443761049,2021-11,0.018002101988757548
8826489829259520138,2021-10,0.0028059783180069344
8826489829259520138,2021-11,0.0012080422313300073
8826489829259520138,2021-11,0.01101422388483881
8826489829259520138,2021-11,0.0012351512403555845
5166128847048245697,2021-10,0.007202714098835219
5166128847048245697,2021-10,0.0027923435480079724
5166128847048245697,2021-10,0.007006198546156095
5166128847048245697,2021-11,0.0028230824569250128
5166128847048245697,2021-11,0.0028230824569250128
4465150716052427320,2021-10,0.013537188782966083
4465150716052427320,2021-11,0.012769271499826467
4465150716052427320,2021-11,0.004467632582684021
4465150716052427320,2021-11,0.012769271499826467
7595945751692012281,2021-10,0.004396290688587991
7595945751692012281,2021-10,0.006115427463877701
2493305884832539159,2021-10,0.0798381676435861
2493305884832539159,2021-10,0.0904556931999755
324916756972236008,2021-10,0.007956433930149165
324916756972236008,2021-10,0.007626044859630453
324916756972236008,2021-10,0.007626044859630453
324916756972236008,2021-10,0.00907559799352586
324916756972236008,2021-10,0.007626044859630453
324916756972236008,2021-11,0.00633934888689998
324916756972236008,2021-11,0.007182384054639029
8994944800097997361,2021-10,0.008688545437361812
8994944800097997361,2021-11,0.01259255099127338
8994944800097997361,2021-11,0.012191107703430482
8706851346184249504,2021-10,0.001896857428815168
8706851346184249504,2021-10,0.001896857428815168
8706851346184249504,2021-11,0.001723788421937106
8706851346184249504,2021-11,0.0017716381001321223
3713742318997880410,2021-10,0.003119467269333265
3713742318997880410,2021-10,0.0035758542858027095
1708019696828098378,2021-10,0.46491564054630635
1708019696828098378,2021-10,0.46491564054630635
1708019696828098378,2021-11,0.3291202113086536
3022528659032597047,2021-10,0.01696319751192222
3022528659032597047,2021-10,0.018022980942639724
3022528659032597047,2021-11,0.01617065435286231
3022528659032597047,2021-11,0.011727530322937118
7708030042671632236,2021-10,0.007432191674393595
7708030042671632236,2021-10,0.004384620624054916
7708030042671632236,2021-10,0.004803773256090888
5440313607363845188,2021-10,0.0034591566697817055
5440313607363845188,2021-11,0.002182039581311987
5383359512938607117,2021-10,0.008288217534978552
3263212305228307743,2021-10,0.0029110861386268173
3263212305228307743,2021-11,0.0013538387359949286
3263212305228307743,2021-11,0.0009120191767173997
2598475569074240783,2021-10,0.006044890973757149
2598475569074240783,2021-10,0.009162440420953318
2598475569074240783,2021-11,0.007421216641468692
1617695035450525647,2021-10,0.0005563805472105158
1617695035450525647,2021-10,0.0005563805472105158
1617695035450525647,2021-10,0.000536241373568685
1617695035450525647,2021-10,0.0008394871748962598
1617695035450525647,2021-10,0.0008394871748962598
1617695035450525647,2021-10,0.000676680717068914
1617695035450525647,2021-11,0.0005443972823680818
3634047863995720708,2021-10,0.005672059934300512
3634047863995720708,2021-10,0.004668694869857764
1951407691087813358,2021-10,0.0011536911185256954
1951407691087813358,2021-11,0.0011857345813598198
1951407691087813358,2021-11,0.0011536911185256954
6817075905797098547,2021-10,0.006545077716350498
6817075905797098547,2021-10,0.006545077716350498
6817075905797098547,2021-10,0.005805709546361358
6817075905797098547,2021-11,0.008920044515885758
644457054514416604,2021-10,0.3110776346057741
472772897496154354,2021-10,0.05206472651211798
472772897496154354,2021-11,0.007065803300391838
2550506309527280168,2021-10,0.004828325972293873
6681781879793693802,2021-10,0.0024101275997984195
6681781879793693802,2021-11,0.0024101275997984195
4008627434689715639,2021-10,0.1356171940917784
4008627434689715639,2021-11,0.30490642684626007
5753677550753111444,2021-10,0.000683219761711054
5753677550753111444,2021-10,0.0020369536410857207
5753677550753111444,2021-10,0.0007366253349591864
5753677550753111444,2021-10,0.0007236836251619061
5753677550753111444,2021-11,0.0006488570282198847
6198047969028248384,2021-10,0.002874833814180249
6198047969028248384,2021-10,0.0019600950674993163
6198047969028248384,2021-11,0.0026830565091587434
924957821424248698,2021-10,0.0018516984564561376
924957821424248698,2021-10,0.0017189380116273928
924957821424248698,2021-10,0.0015080954469337009
924957821424248698,2021-11,0.0015748797463353596
924957821424248698,2021-11,0.0015748797463353596
1003144834589372198,2021-10,0.001697336167267824
1003144834589372198,2021-10,0.0018036558623803543
1003144834589372198,2021-10,0.001697336167267824
1003144834589372198,2021-10,0.0017614271270503272
1003144834589372198,2021-10,0.0016575925460559913
1003144834589372198,2021-10,0.0016575925460559913
1003144834589372198,2021-11,0.0018779550788833766
1003144834589372198,2021-11,0.001697336167267824
1003144834589372198,2021-11,0.001697336167267824
1003144834589372198,2021-11,0.0018339899827765416
1003144834589372198,2021-11,0.001697336167267824
1003144834589372198,2021-11,0.001697336167267824
1003144834589372198,2021-11,0.001697336167267824
1003144834589372198,2021-11,0.0017369577174346906
6858769421191999702,2021-10,0.004620500825487386
6858769421191999702,2021-11,0.0028972006964809774
7707459425750676368,2021-10,0.6001529316797911
1467843186411742274,2021-10,0.024251635615024345
1467843186411742274,2021-11,0.023232274266784134
1467843186411742274,2021-11,0.02053080789255654
2006188298374001315,2021-10,0.007041307617672341
2006188298374001315,2021-11,0.006376726515604333
8512214463586144353,2021-10,0.009752751250261432
8512214463586144353,2021-10,0.02300606581300143
8512214463586144353,2021-11,0.010462131584589527
8512214463586144353,2021-11,0.010462131584589527
1477629972594346481,2021-10,0.01616601330028701
1477629972594346481,2021-11,0.01092471961561753
1477629972594346481,2021-11,0.014632058793454954
3660744270380078352,2021-10,0.05669636672724048
3660744270380078352,2021-10,0.02959469673788602
3660744270380078352,2021-11,0.027905421163838044
3660744270380078352,2021-11,0.027905421163838044
3660744270380078352,2021-11,0.051514324010736454
3660744270380078352,2021-11,0.07042167060053887
417157680860985231,2021-10,0.001045833872570949
417157680860985231,2021-10,0.12202444719474236
417157680860985231,2021-10,0.000665412740632524
417157680860985231,2021-10,0.001045833872570949
417157680860985231,2021-10,0.0010393402526761202
417157680860985231,2021-10,0.0006509390131305911
417157680860985231,2021-11,0.0006008314831052617
417157680860985231,2021-11,0.0006103055030863056
417157680860985231,2021-11,0.0006008314831052617
417157680860985231,2021-11,0.0006103055030863056
524026009392362402,2021-10,0.505867944658108
8348574220426911086,2021-10,0.006965071701249399
8348574220426911086,2021-10,0.008438564854933304
8348574220426911086,2021-10,0.00909043212662725
8348574220426911086,2021-10,0.015654587271557434
8348574220426911086,2021-11,0.006965071701249399
187117706370645370,2021-10,0.032191196140704655
187117706370645370,2021-10,0.028064968936040234
187117706370645370,2021-10,0.0180730058741793
187117706370645370,2021-11,0.03079655296289433
187117706370645370,2021-11,0.03079655296289433
187117706370645370,2021-11,0.014786468505200248
187117706370645370,2021-11,0.03262587154579355
8255085612985072878,2021-10,0.004976096748594659
8255085612985072878,2021-11,0.005590105061740048
8255085612985072878,2021-11,0.005590105061740048
8343941262792249232,2021-10,0.01563615261220574
8343941262792249232,2021-10,0.01563615261220574
8343941262792249232,2021-10,0.01563615261220574
8343941262792249232,2021-10,0.01563615261220574
8343941262792249232,2021-11,0.015228721561126608
3977861004707764824,2021-10,0.02408060251965133
3977861004707764824,2021-10,0.01745309214584691
3977861004707764824,2021-10,0.016379077366313295
3977861004707764824,2021-10,0.016379077366313295
3977861004707764824,2021-10,0.015704476650166076
3977861004707764824,2021-10,0.015704476650166076
3977861004707764824,2021-10,0.01634003756392197
3977861004707764824,2021-10,0.018201417317720552
3977861004707764824,2021-10,0.016379077366313295
3977861004707764824,2021-11,0.015470429994117598
3977861004707764824,2021-11,0.017193440765516717
3977861004707764824,2021-11,0.017930836197956195
3977861004707764824,2021-11,0.016135141819785197
3977861004707764824,2021-11,0.016135141819785197
3977861004707764824,2021-11,0.015470429994117598
3977861004707764824,2021-11,0.016135141819785197
7458891296671174680,2021-10,0.12321541187921282
7458891296671174680,2021-10,0.12321541187921282
2371917341091102894,2021-10,0.01923576066732671
2371917341091102894,2021-10,0.01936419679678482
2371917341091102894,2021-10,0.007564541511177628
465309249432033993,2021-10,0.012776378556413141
465309249432033993,2021-10,0.0076065107335927485
465309249432033993,2021-10,0.0076065107335927485
465309249432033993,2021-11,0.01743844687030365
465309249432033993,2021-11,0.01743844687030365
465309249432033993,2021-11,0.01743844687030365
465309249432033993,2021-11,0.01743844687030365
1717812527056208209,2021-10,0.5383424124814346
1717812527056208209,2021-11,0.2418811827300914
3629889536335411116,2021-10,0.012167983064758895
2408009918678280470,2021-10,0.006814701670089852
2408009918678280470,2021-10,0.006814701670089852
2408009918678280470,2021-10,0.006814701670089852
2408009918678280470,2021-10,0.007035234038769503
2408009918678280470,2021-10,0.006814701670089852
2408009918678280470,2021-10,0.008467024800649273
2408009918678280470,2021-11,0.007502265994110441
2408009918678280470,2021-11,0.008005956639359973
2408009918678280470,2021-11,0.008005956639359973
2408009918678280470,2021-11,0.008005956639359973
5883155883105348987,2021-10,0.04052960539425408
5883155883105348987,2021-10,0.02676544835275539
5883155883105348987,2021-10,0.027398045511618067
5883155883105348987,2021-10,0.03855023102285374
5883155883105348987,2021-10,0.06048401685638394
5883155883105348987,2021-10,0.027398045511618067
5883155883105348987,2021-10,0.027398045511618067
5883155883105348987,2021-10,0.027622647018297915
5883155883105348987,2021-11,0.04804149763512847
5883155883105348987,2021-11,0.04146131368513062
5883155883105348987,2021-11,0.042784854241721314
5883155883105348987,2021-11,0.059343240234008776
5883155883105348987,2021-11,0.025744706665685048
5883155883105348987,2021-11,0.06048401685638394
5883155883105348987,2021-11,0.03014578016530948
5883155883105348987,2021-11,0.027623286973402737
5883155883105348987,2021-11,0.08494304386571173
2619109825960703851,2021-10,0.0166050374892932
2619109825960703851,2021-10,0.0166050374892932
2619109825960703851,2021-11,0.0166050374892932
2619109825960703851,2021-11,0.0166050374892932
2619109825960703851,2021-11,0.0166050374892932
2619109825960703851,2021-11,0.0166050374892932
8729164666041467296,2021-10,0.01523095982802944
3472934456083131714,2021-10,0.19362603619620394
3472934456083131714,2021-10,0.006178458481207299
3472934456083131714,2021-11,0.01185018248820805
6546850858912852316,2021-10,0.24996381668767156
6546850858912852316,2021-10,0.3308273376022168
2397171153213063761,2021-10,0.005643262803143817
2397171153213063761,2021-10,0.004861648870553102
2397171153213063761,2021-10,0.004861648870553102
2397171153213063761,2021-11,0.004118762403351651
2397171153213063761,2021-11,0.003806274816725352
2397171153213063761,2021-11,0.003660014135461728
2397171153213063761,2021-11,0.003660014135461728
2397171153213063761,2021-11,0.00396054175001335
2397171153213063761,2021-11,0.003660014135461728
1044568737046072781,2021-10,0.014655071276916273
1044568737046072781,2021-10,0.018767890078776762
1044568737046072781,2021-10,0.01829899913406942
1044568737046072781,2021-11,0.014697988223247313
1044568737046072781,2021-11,0.017043617684387623
5306165689101138983,2021-10,0.0031050163103035822
8733525963966339207,2021-10,0.2268765883811161
8733525963966339207,2021-10,0.23163093276257357
8733525963966339207,2021-10,0.2268765883811161
8733525963966339207,2021-11,0.9186069076193274
3137879241768961145,2021-10,0.001725944293540584
3137879241768961145,2021-10,0.001725944293540584
3137879241768961145,2021-10,0.0020665286324176896
3137879241768961145,2021-11,0.000981917212824346
3137879241768961145,2021-11,0.0008751891662835008
6122719618012473549,2021-10,0.004274965575537849
6122719618012473549,2021-11,0.0053073682519704755
6122719618012473549,2021-11,0.005157931276832724
8901696535927078963,2021-10,0.00393771008083323
8901696535927078963,2021-10,0.003749954924574668
8901696535927078963,2021-10,0.00393771008083323
8901696535927078963,2021-11,0.06364520723535373
8901696535927078963,2021-11,0.0036056701218262982
8901696535927078963,2021-11,0.003786228588951326
8724731934863284019,2021-10,0.01129216684462845
8724731934863284019,2021-10,0.012373410947072993
8724731934863284019,2021-10,0.01129216684462845
8724731934863284019,2021-11,0.01129216684462845
8724731934863284019,2021-11,0.07633667810231637
8724731934863284019,2021-11,0.012373410947072993
8724731934863284019,2021-11,0.012373410947072993
4335865859049992260,2021-10,0.015696331640627156
4335865859049992260,2021-10,0.006267837172615993
4335865859049992260,2021-10,0.0054368799592737415
4335865859049992260,2021-10,0.006647404428756305
4335865859049992260,2021-11,0.006267837172615993
4335865859049992260,2021-11,0.006267837172615993
4335865859049992260,2021-11,0.0066336479220540255
5999145415800242177,2021-10,0.017594753291535464
5999145415800242177,2021-10,0.02675835611093458
5999145415800242177,2021-11,0.01314928083647302
5999145415800242177,2021-11,0.015279665757525372
5999145415800242177,2021-11,0.023864878616431908
8213533889694327948,2021-10,0.001524423576169389
8213533889694327948,2021-10,0.0013866858642577894
8213533889694327948,2021-10,0.0016690621706825421
8213533889694327948,2021-10,0.0013866858642577894
8213533889694327948,2021-11,0.0015781406981304623
8213533889694327948,2021-11,0.001486289643234441
8213533889694327948,2021-11,0.0015781406981304623
8213533889694327948,2021-11,0.001486289643234441
8213533889694327948,2021-11,0.0017889123252615511
6721448955097663572,2021-10,0.009103126874723314
6721448955097663572,2021-10,0.008552857518086756
6721448955097663572,2021-10,0.009103126874723314
6721448955097663572,2021-10,0.00873615907249491
6721448955097663572,2021-10,0.009103126874723314
6721448955097663572,2021-11,0.009646865859255558
5263285038415073073,2021-10,0.18870399226499104
5263285038415073073,2021-10,0.23427184355966307
3036967290595689189,2021-10,0.003546893975958717
1192891347324061812,2021-10,0.002371421498634951
1192891347324061812,2021-10,0.002173345724303687
1192891347324061812,2021-10,0.002371421498634951
1192891347324061812,2021-10,0.002371421498634951
1192891347324061812,2021-10,0.002371421498634951
1192891347324061812,2021-10,0.002371421498634951
1192891347324061812,2021-11,0.002493357429240482
1192891347324061812,2021-11,0.002493357429240482
1192891347324061812,2021-11,0.002720519117322483
1192891347324061812,2021-11,0.0027177729741404725
1192891347324061812,2021-11,0.002720519117322483
1192891347324061812,2021-11,0.002493357429240482
1192891347324061812,2021-11,0.002720519117322483
5048392903148444335,2021-10,0.01335857351408359
5048392903148444335,2021-11,0.0129417408592378
1276604410881911401,2021-10,0.008728005855386448
1276604410881911401,2021-10,0.008728005855386448
1276604410881911401,2021-10,0.09960008561116955
1276604410881911401,2021-10,0.014222002119129789
1276604410881911401,2021-10,0.008728005855386448
1276604410881911401,2021-11,0.009712277018316019
1276604410881911401,2021-11,0.015303187338113967
1276604410881911401,2021-11,0.006536899056202348
1329553496073467331,2021-10,0.003999782478237881
8779038337925278543,2021-10,0.004254102846941738
761746217261797478,2021-10,0.0011759549976727843
761746217261797478,2021-10,0.0012359002239418994
761746217261797478,2021-11,0.001176879324313351
761746217261797478,2021-11,0.001176879324313351
2983174282784691273,2021-10,0.002801238064342283
2983174282784691273,2021-10,0.002801238064342283
2983174282784691273,2021-10,0.002764832310348883
2983174282784691273,2021-11,0.10488179723438996
5122095358293179297,2021-10,0.003029975220852442
5122095358293179297,2021-10,0.0025186482053538278
5122095358293179297,2021-11,0.0030347141738776996
5122095358293179297,2021-11,0.039054603777352065
5122095358293179297,2021-11,0.0033861881600998206
3480297543931395935,2021-10,0.11164758468726314
3480297543931395935,2021-10,0.11610550337475992
5058298901476893676,2021-10,0.008152384449221114
5058298901476893676,2021-11,0.004684964085666398
5058298901476893676,2021-11,0.004784575352908417
8464809590757561185,2021-10,0.0037915791961325705
8464809590757561185,2021-10,0.003818202426063061
8464809590757561185,2021-10,0.0037915791961325705
8464809590757561185,2021-10,0.0037915791961325705
8464809590757561185,2021-11,0.0037915791961325705
8464809590757561185,2021-11,0.2084512470724505
8464809590757561185,2021-11,0.0029893939089876763
8464809590757561185,2021-11,0.0037915791961325705
6941381638534728190,2021-10,0.0011326157565660993
6941381638534728190,2021-11,0.04037620594934805
6941381638534728190,2021-11,0.0012089494138757082
6941381638534728190,2021-11,0.0012089494138757082
6941381638534728190,2021-11,0.0012089494138757082
3355881107559250653,2021-10,0.003059664222840145
3355881107559250653,2021-10,0.0028736173402922342
3355881107559250653,2021-10,0.0027771060811709915
3355881107559250653,2021-10,0.0029634337467451858
3355881107559250653,2021-10,0.003059664222840145
3355881107559250653,2021-10,0.003108012405075135
3355881107559250653,2021-11,0.0037839795844837563
3355881107559250653,2021-11,0.23658482331025152
3355881107559250653,2021-11,0.0036570056837392432
3355881107559250653,2021-11,0.0039021384861372566
6118873739225005756,2021-10,0.0014002440910067416
6118873739225005756,2021-10,0.001367762117969646
8067924767167570288,2021-10,0.006842143958526776
8067924767167570288,2021-10,0.006842143958526776
6826420906256954294,2021-10,0.019155684718536976
8536980239903840341,2021-10,0.0029542505693919913
8536980239903840341,2021-10,0.003507970709165234
8536980239903840341,2021-10,0.003507970709165234
8536980239903840341,2021-11,0.001992887945417011
8536980239903840341,2021-11,0.0023701358633796206
1192810733461560329,2021-10,0.0003007823374777724
1192810733461560329,2021-10,0.000735912729614716
1192810733461560329,2021-10,0.00032484085788350817
1192810733461560329,2021-10,0.00032484085788350817
1192810733461560329,2021-10,0.000735912729614716
1192810733461560329,2021-11,0.00038680051107317697
1192810733461560329,2021-11,0.00038680051107317697
1192810733461560329,2021-11,0.0003639373343149761
1192810733461560329,2021-11,0.00038680051107317697
4489904752023469353,2021-10,0.07265895006173428
4489904752023469353,2021-10,0.07265895006173428
4489904752023469353,2021-11,0.24182863620865383
4489904752023469353,2021-11,0.06520868815190976
5880041582322293710,2021-10,0.002968142184217426
5880041582322293710,2021-10,0.002365024069748412
5880041582322293710,2021-10,0.002365024069748412
5880041582322293710,2021-10,0.002365024069748412
5880041582322293710,2021-10,0.002778431787356255
5880041582322293710,2021-10,0.0032061109503663397
5108407319813072955,2021-10,0.002421656960188495
5108407319813072955,2021-10,0.0029910114073689554
5108407319813072955,2021-10,0.003100438258744577
5108407319813072955,2021-10,0.002664597331888435
5108407319813072955,2021-11,0.003156070027526057
5108407319813072955,2021-11,0.002811693628195584
4740535838297269949,2021-10,0.0019614234260465395
4740535838297269949,2021-11,0.002820823818320622
4740535838297269949,2021-11,0.001870238710600757
2467590416042313927,2021-10,0.001973523789794033
2467590416042313927,2021-11,0.001856571747092692
8909740532547211288,2021-10,0.002620842691815327
8909740532547211288,2021-10,0.0030479240385689545
8909740532547211288,2021-10,0.0026509078918282377
8909740532547211288,2021-11,0.002549345797847744
8909740532547211288,2021-11,0.002549345797847744
7963861799566207637,2021-10,0.0005965972078299123
7963861799566207637,2021-10,0.0006512860158972336
7963861799566207637,2021-10,0.0006512860158972336
7963861799566207637,2021-11,0.0006308878573081761
274692171162531764,2021-10,0.020867793173850197
274692171162531764,2021-10,0.02327818373479202
5499433941404698208,2021-10,0.005991446744264977
5499433941404698208,2021-10,0.012710702175026588
5499433941404698208,2021-11,0.007084615158912153
660382477567765256,2021-10,0.0055673147682115615
660382477567765256,2021-10,0.004865350308382588
660382477567765256,2021-11,0.007434800499161082
660382477567765256,2021-11,0.00750036558100275
5993765508162121762,2021-10,0.030536571463327968
5993765508162121762,2021-10,0.030536571463327968
5993765508162121762,2021-11,0.05500673716248382
5993765508162121762,2021-11,0.05163257476078312
5993765508162121762,2021-11,0.05282663314035053
1536087798470875922,2021-10,0.09326592348694063
1536087798470875922,2021-10,0.09326592348694063
1536087798470875922,2021-11,0.09187092248143823
8564920972266217847,2021-10,0.0034294258072091435
8564920972266217847,2021-11,0.005604920845091724
8564920972266217847,2021-11,0.004687766821476111
6330043096034525408,2021-10,0.406361709933611
6330043096034525408,2021-10,0.06165912401443369
6330043096034525408,2021-10,0.6975652467386846
6330043096034525408,2021-10,0.05674615013335606
6330043096034525408,2021-10,0.0677241074531771
6330043096034525408,2021-11,0.08411138927593222
2432667449154431819,2021-10,0.4951584120884261
521351744568531135,2021-10,0.01685550984645025
521351744568531135,2021-11,0.011097036680076304
521351744568531135,2021-11,0.005116991195481416
4414438591613884911,2021-10,0.006533527941710417
4414438591613884911,2021-11,0.006788950764863483
4414438591613884911,2021-11,0.007245988739855576
4414438591613884911,2021-11,0.006385956022156905
8961924617442201922,2021-10,0.0020961971944464244
8961924617442201922,2021-10,0.0018213350047448665
8961924617442201922,2021-11,0.003570200756907782
8961924617442201922,2021-11,0.050555681325606644
8961924617442201922,2021-11,0.001643722409750473
8961924617442201922,2021-11,0.0017361204885240843
717981637594591016,2021-10,0.06581266811766802
717981637594591016,2021-10,0.0007828974597343033
717981637594591016,2021-10,0.0007828974597343033
717981637594591016,2021-10,0.0007504082483980797
5225029212547588718,2021-10,0.023291926086117385
5225029212547588718,2021-10,0.0254862563128539
5225029212547588718,2021-10,0.03342390777597185
5225029212547588718,2021-11,0.0254862563128539
1310335287370721834,2021-10,0.2167559948296978
2455576782104041698,2021-10,0.010982526312936813
2455576782104041698,2021-10,0.011456098734330532
2455576782104041698,2021-11,0.1169638942985906
5078307295214858596,2021-10,0.027042957725649276
5078307295214858596,2021-10,0.027182270273892608
5078307295214858596,2021-10,0.027182270273892608
5078307295214858596,2021-10,0.027182270273892608
7710364735942975505,2021-10,0.004561868171402804
7710364735942975505,2021-10,0.008133257911928897
7710364735942975505,2021-11,0.04666252384095659
7710364735942975505,2021-11,0.005099597640740915
7710364735942975505,2021-11,0.005099597640740915
6532139198609901627,2021-10,0.0009421401071987273
6532139198609901627,2021-11,0.0021270310279547892
2677901391425651891,2021-10,0.014696222825265549
2677901391425651891,2021-10,0.014696222825265549
2677901391425651891,2021-11,0.015986994073208048
6457349126437565385,2021-10,0.15873170513525853
6457349126437565385,2021-10,0.1829379327223444
7686361238195690925,2021-10,0.0029262252418089155
7686361238195690925,2021-11,0.002857789196750544
8080988579391900405,2021-10,0.0029758466839376685
8080988579391900405,2021-10,0.0029758466839376685
8080988579391900405,2021-10,0.0022124604585123
8080988579391900405,2021-10,0.0029758466839376685
5303720405946805990,2021-10,0.003399064850052408
5303720405946805990,2021-11,0.0016619058355310233
5303720405946805990,2021-11,0.0009401307083769912
4187591029730357479,2021-10,0.007632836548198014
8874257794774679816,2021-10,0.007239104800569391
8874257794774679816,2021-10,0.007239104800569391
8874257794774679816,2021-10,0.007239104800569391
8874257794774679816,2021-10,0.007239104800569391
8874257794774679816,2021-11,0.006831648996028674
8874257794774679816,2021-11,0.006645189649883308
8874257794774679816,2021-11,0.0024908147098300507
8874257794774679816,2021-11,0.006831648996028674
9184785003280841216,2021-10,0.006102605895321082
9184785003280841216,2021-10,0.006752089546789096
9184785003280841216,2021-11,0.006102605895321082
9184785003280841216,2021-11,0.006798776012171931
7403979270048469991,2021-10,0.003839736536663264
2819054834565698513,2021-10,0.005308842963281647
2819054834565698513,2021-10,0.0042761138078196755
2819054834565698513,2021-11,0.004437543072290778
2819054834565698513,2021-11,0.005308842963281647
5611787644735474299,2021-10,0.0033993464205523327
5611787644735474299,2021-10,0.002035389341215185
5611787644735474299,2021-10,0.002035389341215185
5611787644735474299,2021-10,0.0033993464205523327
5611787644735474299,2021-10,0.00318230741545264
5611787644735474299,2021-10,0.002126132400741985
5611787644735474299,2021-10,0.02125570788627644
5611787644735474299,2021-10,0.0032544399742109793
5611787644735474299,2021-11,0.0033993464205523327
5611787644735474299,2021-11,0.0032544399742109793
5611787644735474299,2021-11,0.01354621707558111
5611787644735474299,2021-11,0.002126132400741985
5611787644735474299,2021-11,0.00318230741545264
8090492548102964782,2021-10,0.06265610383236372
662944582644865942,2021-10,0.014851803529755896
662944582644865942,2021-10,0.017237155499453923
662944582644865942,2021-10,0.014851803529755896
662944582644865942,2021-10,0.026132424597910806
662944582644865942,2021-11,0.014851803529755896
662944582644865942,2021-11,0.01922489988809994
662944582644865942,2021-11,0.014851803529755896
662944582644865942,2021-11,0.017211768872810194
662944582644865942,2021-11,0.017211768872810194
257162352336759783,2021-10,0.002387194459719808
257162352336759783,2021-10,0.002107104627149712
257162352336759783,2021-10,0.002107104627149712
257162352336759783,2021-11,0.002107104627149712
257162352336759783,2021-11,0.002387194459719808
257162352336759783,2021-11,0.002262105252598803
9205015186723569289,2021-10,0.028768160086738225
9205015186723569289,2021-11,0.012748548360138477
4661684997487171886,2021-10,0.005981451425838971
4661684997487171886,2021-10,0.0033688242568559847
4661684997487171886,2021-10,0.0053666884820877045
4661684997487171886,2021-11,0.004279461401356027
4661684997487171886,2021-11,0.0043530200841928705
4661684997487171886,2021-11,0.004493075280509933
4661684997487171886,2021-11,0.004493075280509933
4661684997487171886,2021-11,0.004279461401356027
4661684997487171886,2021-11,0.004412140127392895
4365965554261111250,2021-10,0.13813964035167334
4365965554261111250,2021-10,0.17363307737290593
6885171468891031140,2021-10,0.006136127776811841
5067621068959932809,2021-10,0.07145945697792465
5067621068959932809,2021-10,0.04659102575975072
5067621068959932809,2021-10,0.04659102575975072
5067621068959932809,2021-10,0.07108496064383217
5067621068959932809,2021-10,0.04659102575975072
5067621068959932809,2021-10,0.07145945697792465
5067621068959932809,2021-11,0.06055643887545101
8505870778358741102,2021-10,0.011151599105201302
8505870778358741102,2021-10,0.011151599105201302
8505870778358741102,2021-10,0.008806017281409017
8505870778358741102,2021-11,0.010122326390564864
8505870778358741102,2021-11,0.010851159039000356
8505870778358741102,2021-11,0.010851159039000356
5042877476420217533,2021-10,0.004038656712083514
5042877476420217533,2021-10,0.004452692577842739
5042877476420217533,2021-10,0.006677001220711933
5042877476420217533,2021-11,0.004170297163844418
5042877476420217533,2021-11,0.0051876685947245295
1454789421854453615,2021-10,0.006663120429516344
1454789421854453615,2021-10,0.006663120429516344
1454789421854453615,2021-10,0.011485812121785932
1454789421854453615,2021-10,0.011485812121785932
1454789421854453615,2021-11,0.006623226054999081
1454789421854453615,2021-11,0.011485812121785932
1454789421854453615,2021-11,0.05661785504370181
1454789421854453615,2021-11,0.011225786146648832
1454789421854453615,2021-11,0.011485812121785932
3807130563335796378,2021-10,0.036471408492322006
4424973922927242822,2021-10,0.031360996297115286
4424973922927242822,2021-10,0.031360996297115286
4424973922927242822,2021-10,0.031360996297115286
1234611356650812259,2021-10,0.060690007300179996
6545052034269841737,2021-10,0.003178722494316927
6545052034269841737,2021-10,0.0036600480982588147
6545052034269841737,2021-10,0.003178722494316927
312543480920432545,2021-10,0.0008724170478874389
312543480920432545,2021-10,0.0009049991518279981
312543480920432545,2021-10,0.0009113974839621739
312543480920432545,2021-11,0.0010342023632044562
312543480920432545,2021-11,0.1214980992733433
312543480920432545,2021-11,0.0009049991518279981
312543480920432545,2021-11,0.0008477464019931174
312543480920432545,2021-11,0.0008724170478874389
312543480920432545,2021-11,0.0008724170478874389
3204108603682323936,2021-10,0.0018785480004308683
3204108603682323936,2021-10,0.0020785574710555543
3204108603682323936,2021-10,0.0019774135949351306
3204108603682323936,2021-11,0.0024074598475009976
3204108603682323936,2021-11,0.0024074598475009976
6927178425683104769,2021-10,0.002287782363874024
6927178425683104769,2021-10,0.00212215624040408
6927178425683104769,2021-10,0.003708521924637814
6927178425683104769,2021-10,0.0038317240476117434
4862285428951244424,2021-10,0.000744703584948636
4862285428951244424,2021-10,0.0007831701260883771
4862285428951244424,2021-11,0.0006730022027169987
4850936440093751199,2021-10,0.004943461170140123
4850936440093751199,2021-10,0.004593817560959515
4850936440093751199,2021-10,0.004593817560959515
4850936440093751199,2021-10,0.004943461170140123
4850936440093751199,2021-10,0.005154272350658254
4850936440093751199,2021-10,0.004699943770336453
4850936440093751199,2021-11,0.005205881878617837
4850936440093751199,2021-11,0.004837767883597219
8716163053080758848,2021-10,0.0014809752696504864
8716163053080758848,2021-10,0.0014809752696504864
8716163053080758848,2021-10,0.0017256786677145547
8716163053080758848,2021-10,0.001504306667036025
8716163053080758848,2021-11,0.0014398804528100943
8716163053080758848,2021-11,0.001462565387601029
8716163053080758848,2021-11,0.0016896579322222378
8716163053080758848,2021-11,0.00147289989429948
7289435138601868544,2021-10,0.005720979229025661
7462607259426026440,2021-10,0.03911569169116475
7462607259426026440,2021-10,0.056611095048193796
7462607259426026440,2021-10,0.03911569169116475
7462607259426026440,2021-10,0.023501684782234574
7535160686416710323,2021-10,0.0017770276435539918
7535160686416710323,2021-10,0.002642755737984635
3156580765759568020,2021-10,0.051320821845109936
3156580765759568020,2021-11,0.06707463765053044
3156580765759568020,2021-11,0.051320821845109936
8609211777002937758,2021-10,0.0035416428651028685
8609211777002937758,2021-10,0.0024097688741958083
8609211777002937758,2021-11,0.002414466294739432
3285246914299291124,2021-10,0.0014817051985617665
3285246914299291124,2021-10,0.0014817051985617665
3285246914299291124,2021-10,0.0014817051985617665
3285246914299291124,2021-10,0.0014817051985617665
3285246914299291124,2021-11,0.0014817051985617665
3285246914299291124,2021-11,0.0014817051985617665
3285246914299291124,2021-11,0.0014817051985617665
837142477962609471,2021-10,0.006169404804964001
837142477962609471,2021-10,0.007501496472585313
837142477962609471,2021-11,0.006051156775172597
837142477962609471,2021-11,0.00684572889760872
837142477962609471,2021-11,0.006051156775172597
1667173444642500307,2021-10,0.0345597325700272
6394935036014530592,2021-10,0.004974808463371849
6394935036014530592,2021-10,0.005999012799918472
6394935036014530592,2021-10,0.005280629963897991
6394935036014530592,2021-10,0.009845760920711353
6394935036014530592,2021-11,0.006534799960967638
6394935036014530592,2021-11,0.004149104750527316
6394935036014530592,2021-11,0.10053699164501609
6394935036014530592,2021-11,0.0053016246588615725
6394935036014530592,2021-11,0.003514855027307784
6368582840625614207,2021-10,0.001916858253596744
6368582840625614207,2021-10,0.001851455177864726
7920896580423665241,2021-10,0.002941418106503141
7920896580423665241,2021-10,0.020252393386227543
7920896580423665241,2021-10,0.0066370038450775755
7920896580423665241,2021-10,0.006451459059441225
7920896580423665241,2021-11,0.007042774526656534
7920896580423665241,2021-11,0.007042774526656534
8041261093764417881,2021-10,0.0018669292685799062
8041261093764417881,2021-10,0.0014661438259523291
8041261093764417881,2021-10,0.0018669292685799062
1182975716201409626,2021-10,0.0025128793987214677
1182975716201409626,2021-10,0.0028241685679489567
1182975716201409626,2021-10,0.0028241685679489567
1182975716201409626,2021-10,0.71718827715578
1182975716201409626,2021-10,0.0028241685679489567
1182975716201409626,2021-11,0.002652531333427766
1182975716201409626,2021-11,0.002652531333427766
4717593620120611957,2021-10,0.005797459950450481
4795152981525833467,2021-10,0.003303570600312258
4795152981525833467,2021-10,0.003844100846939705
4795152981525833467,2021-11,0.005963538530716127
4795152981525833467,2021-11,0.005963538530716127
4795152981525833467,2021-11,0.004305303967797634
4795152981525833467,2021-11,0.004305303967797634
6448580780254847411,2021-10,0.0015041929893826627
6448580780254847411,2021-10,0.001861532439084893
6448580780254847411,2021-11,0.0019086057623407529
4724876423989598202,2021-10,0.0060980824064535855
4724876423989598202,2021-10,0.006276841085692116
4724876423989598202,2021-10,0.0060980824064535855
4724876423989598202,2021-10,0.0020955307353773735
4724876423989598202,2021-11,0.0060980824064535855
4724876423989598202,2021-11,0.0021572136084549317
4724876423989598202,2021-11,0.0037393374718077566
4724876423989598202,2021-11,0.0021572136084549317
1637960623843047520,2021-10,0.07431027587181206
8045116560666679751,2021-10,0.028057346695365373
4018182555897034052,2021-10,0.0012404221897406114
4018182555897034052,2021-10,0.0013735907382219402
4018182555897034052,2021-10,0.0012513147014954814
4018182555897034052,2021-10,0.0014223287521241035
4018182555897034052,2021-10,0.0013298873907916593
4018182555897034052,2021-10,0.0012404221897406114
3970572142453508637,2021-10,0.0778821239940164
3970572142453508637,2021-11,0.0634986098344241
7590999900861381526,2021-10,0.007099938161863469
7590999900861381526,2021-10,0.0069722671248773575
7590999900861381526,2021-11,0.007383974276215541
6985631100944640910,2021-10,0.05159375453191275
6985631100944640910,2021-10,0.050011949958862975
4541506527938763361,2021-10,0.008496779908400616
4541506527938763361,2021-11,0.006524999852150909
5758033363847724111,2021-10,0.0004901765766340251
5758033363847724111,2021-11,0.00046161492841049627
5758033363847724111,2021-11,0.0004994567842470468
5758033363847724111,2021-11,0.0004994567842470468
5758033363847724111,2021-11,0.0005385058075072581
7770458886439606839,2021-10,0.07394920224529275
7770458886439606839,2021-10,0.09686405303184951
7770458886439606839,2021-11,0.10612047218285083
7770458886439606839,2021-11,0.06253768419375108
7770458886439606839,2021-11,0.06923284440290416
7770458886439606839,2021-11,0.10612047218285083
7770458886439606839,2021-11,0.0927200324874443
7770458886439606839,2021-11,0.0839584260862354
4604807967654337091,2021-10,0.0017547409475741124
8570963260597299378,2021-10,0.0011557420117231652
8570963260597299378,2021-10,0.003424385133030948
8570963260597299378,2021-10,0.0029638403762643245
8570963260597299378,2021-11,0.018862675263806004
968199235777440720,2021-10,0.0018884404111915475
968199235777440720,2021-10,0.0025285655311967073
968199235777440720,2021-11,0.002640701272695013
968199235777440720,2021-11,0.001717544472078218
5511113649464808344,2021-10,0.06867596612051492
5511113649464808344,2021-11,0.06621090574252195
3248432590399829766,2021-10,0.002722661389450783
3248432590399829766,2021-11,0.002495521108614472
3248432590399829766,2021-11,0.015795998096186117
3248432590399829766,2021-11,0.001346365259625818
3248432590399829766,2021-11,0.002495521108614472
6582676833651678345,2021-10,0.0005503442935378235
6582676833651678345,2021-10,0.0006346158352849263
6582676833651678345,2021-10,0.0006088992205501572
6582676833651678345,2021-10,0.0012115799272628502
6582676833651678345,2021-10,0.0005503442935378235
6582676833651678345,2021-11,0.0005818129424977948
6582676833651678345,2021-11,0.0005990003840941905
6582676833651678345,2021-11,0.0006242991865973183
6582676833651678345,2021-11,0.0005990003840941905
6582676833651678345,2021-11,0.0005573910339852602
6582676833651678345,2021-11,0.0005699074697980102
5487870288449327165,2021-10,0.23439317486004177
5487870288449327165,2021-11,0.21025699456566657
7269781193318890653,2021-10,0.0025216075438983018
7269781193318890653,2021-11,0.002288185908532032
2634859679238614382,2021-10,0.00275636645117539
2634859679238614382,2021-10,0.005279304365954901
2634859679238614382,2021-10,0.0017871074046505431
2634859679238614382,2021-10,0.0034122863432281486
2634859679238614382,2021-11,0.0018947701810561415
2634859679238614382,2021-11,0.0018947701810561415
3543162424793477785,2021-10,0.015576926196098424
3543162424793477785,2021-11,0.01654384671406513
3543162424793477785,2021-11,0.08838479489205334
3543162424793477785,2021-11,0.015559925253490236
3543162424793477785,2021-11,0.015206029561883175
3543162424793477785,2021-11,0.015206029561883175
940214356651040716,2021-10,0.17933592299171217
940214356651040716,2021-11,0.0939701536043707
940214356651040716,2021-11,0.0939701536043707
7848910047105468475,2021-10,0.42754572418333386
2763141362035716801,2021-10,0.0032509522178109347
2763141362035716801,2021-10,0.004124495615193751
2763141362035716801,2021-10,0.0032509522178109347
2763141362035716801,2021-11,0.004584185332071656
5574997762710520717,2021-10,0.006211889140179859
5574997762710520717,2021-11,0.018077196093740405
5574997762710520717,2021-11,0.013213999074140939
2508429106201166689,2021-10,0.0012835428896721414
2508429106201166689,2021-10,0.0012835428896721414
2508429106201166689,2021-11,0.0011749319753556432
1953058402621337677,2021-10,0.0023628389292098414
9052787288251876909,2021-10,0.0021640429973786507
9052787288251876909,2021-11,0.0018943477283388285
287529573188507001,2021-10,0.001563804870783638
5044097686733078536,2021-10,0.09902969924317538
7751080728852739823,2021-10,0.002111858955488687
7751080728852739823,2021-10,0.0026068547755653004
7751080728852739823,2021-11,0.0021522878488285054
7751080728852739823,2021-11,0.001839285478333476
7485107528960607346,2021-10,0.046120702757427676
7485107528960607346,2021-11,0.01949267762532293
7485107528960607346,2021-11,0.028976413384010136
8536031856585966123,2021-10,0.020211286357626517
8536031856585966123,2021-10,0.028791041241900805
8536031856585966123,2021-10,0.029800207481799512
8536031856585966123,2021-10,0.028791041241900805
8536031856585966123,2021-10,0.020211286357626517
8536031856585966123,2021-11,0.017000750629305315
8536031856585966123,2021-11,0.017000750629305315
8536031856585966123,2021-11,0.025105513724180163
3605652314611460806,2021-10,0.015394091352063887
234898976850399181,2021-10,0.012239613896541091
234898976850399181,2021-11,0.013040140826445747
234898976850399181,2021-11,0.013299889464553535
7231408738455755015,2021-10,0.7328496696426556
7231408738455755015,2021-10,0.735511224425239
7231408738455755015,2021-10,0.7328496696426556
7231408738455755015,2021-11,0.7996744443095952
7231408738455755015,2021-11,0.7834961133046842
3668905663669864663,2021-10,0.0025349528055486218
3668905663669864663,2021-11,0.1756084727853724
6164364689409425900,2021-10,0.001327149496697348
6164364689409425900,2021-11,0.0010742764146229715
5606267905834401873,2021-10,0.009222862424421855
5606267905834401873,2021-10,0.009222862424421855
5606267905834401873,2021-11,0.008217939046357555
5606267905834401873,2021-11,0.008620553350200498
5606267905834401873,2021-11,0.008217939046357555
7970976988071755401,2021-10,0.08224755424905258
7970976988071755401,2021-10,0.04918885361100567
7970976988071755401,2021-11,0.14935141764101562
7268895973869107930,2021-10,0.014575148377117566
7268895973869107930,2021-10,0.01170015017734994
7268895973869107930,2021-10,0.011228298146152199
7268895973869107930,2021-10,0.010893027013996805
7268895973869107930,2021-10,0.015916639191116237
7268895973869107930,2021-11,0.01580150674276789
7268895973869107930,2021-11,0.01559313051487212
7268895973869107930,2021-11,0.019405940848267477
3997247264680905799,2021-10,0.0035789515043265986
3997247264680905799,2021-10,0.00348516637874012
3997247264680905799,2021-10,0.0034102441401840035
3997247264680905799,2021-10,0.00407358350016773
3997247264680905799,2021-10,0.004163018266991768
3997247264680905799,2021-10,0.0028817596806385948
3997247264680905799,2021-11,0.0037504892838178937
8123515208041701633,2021-10,0.01733861533489439
8123515208041701633,2021-10,0.02706759575827849
8123515208041701633,2021-11,0.01644276675647369
8123515208041701633,2021-11,0.01644276675647369
8123515208041701633,2021-11,0.016677013179169607
6547872039250784411,2021-10,0.49025037913058983
3931892303497206092,2021-10,0.008368414261933266
3931892303497206092,2021-10,0.008368414261933266
3931892303497206092,2021-11,0.19874865753095422
3931892303497206092,2021-11,0.014143733002330195
6271697692808086495,2021-10,0.00592273620484208
6271697692808086495,2021-10,0.006059376160122985
6271697692808086495,2021-10,0.006059376160122985
6271697692808086495,2021-11,0.005931972584708382
1616952665234409442,2021-10,0.042047824825683526
1616952665234409442,2021-10,0.04058404702825479
1616952665234409442,2021-11,0.09725000501561554
1616952665234409442,2021-11,0.045871181388273716
8548612698724688238,2021-10,0.021478314804780435
6633838062940819075,2021-10,0.006404471157828195
6633838062940819075,2021-10,0.0033710873233861326
6633838062940819075,2021-11,0.0026754865217465036
6633838062940819075,2021-11,0.0031874760014595402
6633838062940819075,2021-11,0.0032586633654658748
3093415403379897112,2021-10,0.004872760113670177
3093415403379897112,2021-10,0.005433498863206914
3093415403379897112,2021-11,0.005436486650910676
3093415403379897112,2021-11,0.004872760113670177
4785355632922927313,2021-10,0.1307849660887792
4785355632922927313,2021-10,0.09954910040865099
4785355632922927313,2021-10,0.846577107792958
4785355632922927313,2021-10,0.3364764945457738
4785355632922927313,2021-11,0.1652117138133004
4785355632922927313,2021-11,0.1652117138133004
8748106677402909629,2021-10,0.018791987636881755
1036256411320325774,2021-10,0.006036754926507831
1036256411320325774,2021-10,0.005489843723820066
1036256411320325774,2021-10,0.016575830260888363
1036256411320325774,2021-11,0.006150358599499438
1036256411320325774,2021-11,0.006150358599499438
1036256411320325774,2021-11,0.004447179899277113
1036256411320325774,2021-11,0.004383194884178965
1036256411320325774,2021-11,0.0060728596889422235
8889055492416898333,2021-10,0.03997035739418302
8889055492416898333,2021-10,0.10083130639717032
8889055492416898333,2021-11,0.03387211588915977
8889055492416898333,2021-11,0.010945485843483954
8889055492416898333,2021-11,0.025299054154811026
5795100045494475994,2021-10,0.03230174113810054
5795100045494475994,2021-10,0.02574433498820466
5795100045494475994,2021-11,0.02574433498820466
5795100045494475994,2021-11,0.03230174113810054
5726178124659661019,2021-10,0.000984663486134324
5726178124659661019,2021-10,0.0014003661111752499
5726178124659661019,2021-10,0.0009620784488103799
5726178124659661019,2021-10,0.0009620784488103799
5726178124659661019,2021-11,0.00109311629589533
5726178124659661019,2021-11,0.0011187740353223216
5726178124659661019,2021-11,0.00109311629589533
5726178124659661019,2021-11,0.0011187740353223216
1235244772550233980,2021-10,0.0016856942398419648
1235244772550233980,2021-10,0.0016856942398419648
1235244772550233980,2021-10,0.0016184865715653406
1235244772550233980,2021-11,0.0013802760594343354
1235244772550233980,2021-11,0.0015381870936663406
7664272163315705419,2021-10,0.006031171949908596
7664272163315705419,2021-10,0.0053145550092533215
7664272163315705419,2021-11,0.008361841248175749
7664272163315705419,2021-11,0.008361841248175749
7664272163315705419,2021-11,0.005880164179879831
7664272163315705419,2021-11,0.008361841248175749
7120090169052575663,2021-10,0.00244628969544775
864510931144626280,2021-10,0.003687497955802287
864510931144626280,2021-11,0.001792816908865071
2535803443850893368,2021-10,0.045743511541101636
2535803443850893368,2021-11,0.050284707717599075
4995679129936981612,2021-10,0.26637598507310195
4995679129936981612,2021-10,0.26637598507310195
4995679129936981612,2021-11,0.17515266817509353
7182085930008391174,2021-10,0.013538891950944123
1002362614649347438,2021-10,0.01716209305836628
1002362614649347438,2021-11,0.013718263959676569
1002362614649347438,2021-11,0.032212768316485695
1002362614649347438,2021-11,0.017629771070809725
5162636608292907782,2021-10,0.028109865217379817
5162636608292907782,2021-10,0.028934094077764032
7347715771145302549,2021-10,0.0024862697495780803
7347715771145302549,2021-10,0.0029091378041271854
7347715771145302549,2021-11,0.003388196397608609
7347715771145302549,2021-11,0.0025862184848260143
7347715771145302549,2021-11,0.0020666597967759224
6795467882769787169,2021-10,0.004607090209400179
6795467882769787169,2021-10,0.004603484195630604
6795467882769787169,2021-10,0.004603484195630604
6795467882769787169,2021-10,0.004603484195630604
6795467882769787169,2021-11,0.0035088107448045473
6795467882769787169,2021-11,0.01809532110646141
6795467882769787169,2021-11,0.0035088107448045473
6795467882769787169,2021-11,0.006822587836516309
621182491555347581,2021-10,0.015002660536361135
621182491555347581,2021-10,0.015434091222223207
621182491555347581,2021-10,0.013426464853465112
621182491555347581,2021-11,0.017142465942346165
6217788509719675691,2021-10,0.002829176413789871
6217788509719675691,2021-10,0.0062187890031333674
6217788509719675691,2021-11,0.0062187890031333674
6217788509719675691,2021-11,0.006574149613979261
4858887739802767402,2021-10,0.002093005057504366
4858887739802767402,2021-11,0.0021423492495146
3750579377644235511,2021-10,0.0881776742650604
3750579377644235511,2021-10,0.08739068983609374
2532435113844289043,2021-10,0.00204336833399638
2532435113844289043,2021-10,0.002081878518128464
2532435113844289043,2021-10,0.00180889045009805
2532435113844289043,2021-11,0.002009542231929208
2532435113844289043,2021-11,0.00204336833399638
2929243640075785940,2021-10,0.005508793541819513
2929243640075785940,2021-10,0.005108637958506656
2929243640075785940,2021-10,0.005128365189149004
2929243640075785940,2021-10,0.005266822223566473
2929243640075785940,2021-11,0.005606997125622649
4785077903451149834,2021-10,0.35594525628519247
3632378524835692731,2021-10,0.002287169095042525
1119752495905732753,2021-10,0.03552781919912943
7347753999527316260,2021-10,0.4263405931032471
7347753999527316260,2021-11,0.4923232756035358
1998941557906036376,2021-10,0.00851734735202349
1998941557906036376,2021-11,0.009026551815768127
1998941557906036376,2021-11,0.007920451105007918
7395696797140470088,2021-10,0.0020584926511637448
7395696797140470088,2021-11,0.0014564063831071952
7395696797140470088,2021-11,0.0014564063831071952
4537982850248578883,2021-10,0.01102403292466925
4537982850248578883,2021-11,0.004018044599749369
51762959302415533,2021-10,0.1160868717431773
89342157110910412,2021-10,0.005246766203019133
4762256864594914240,2021-10,0.010404014045920985
4762256864594914240,2021-10,0.004193424411426937
4762256864594914240,2021-11,0.004056674270666093
4762256864594914240,2021-11,0.004470964139286883
5888474320320735000,2021-10,0.8554850303072137
2346482557594782345,2021-10,0.02303178749238063
2346482557594782345,2021-10,0.026003430018698852
2346482557594782345,2021-10,0.022395589462495535
3408536439470975134,2021-10,0.0003462096733712323
3408536439470975134,2021-10,0.0003386044743114263
3408536439470975134,2021-10,0.00030501995769284903
3408536439470975134,2021-10,0.00033966805477401573
3408536439470975134,2021-10,0.0002806846456668866
3408536439470975134,2021-11,0.00029431622378744466
3408536439470975134,2021-11,0.00029431622378744466
3408536439470975134,2021-11,0.0002769181350561347
3408536439470975134,2021-11,0.00029431622378744466
5752688018135006198,2021-10,0.007726331038604486
5752688018135006198,2021-11,0.008561659148729164
5752688018135006198,2021-11,0.007726331038604486
9127318190908282126,2021-10,0.005365236507787435
5271966906483787417,2021-10,0.005669164682168399
1088268935649917461,2021-10,0.0061769099213142
622073912578471754,2021-10,0.1168624481136052
622073912578471754,2021-10,0.1168624481136052
3724562776372632620,2021-10,0.008707829797030511
3724562776372632620,2021-11,0.007468113371714792
2780030912070252968,2021-10,0.061942397764967995
8107542605807471599,2021-10,0.8791678901626275
7468724002190465812,2021-10,0.0038263656968794686
7468724002190465812,2021-11,0.0035848140685111134
2290083177086946553,2021-10,0.015413270461316417
2290083177086946553,2021-10,0.0213119285470328
2290083177086946553,2021-11,0.015721714986516262
2290083177086946553,2021-11,0.015721714986516262
2290083177086946553,2021-11,0.018102548027057862
3447213159487287154,2021-10,0.0035322024983622195
3447213159487287154,2021-11,0.0034323568654115997
1115703227712697214,2021-10,0.008892671621725584
1115703227712697214,2021-10,0.009070426745891464
1115703227712697214,2021-11,0.009351271097567835
1115703227712697214,2021-11,0.007989631747586132
2214132103234633622,2021-10,0.022773418314559733
2214132103234633622,2021-10,0.010947955492964533
2214132103234633622,2021-10,0.005869756324771301
2214132103234633622,2021-10,0.008631444561466455
2214132103234633622,2021-10,0.01309641020532384
2214132103234633622,2021-11,0.006733447143758967
2214132103234633622,2021-11,0.0066548324903735355
2214132103234633622,2021-11,0.00524190198199632
2214132103234633622,2021-11,0.00524190198199632
4043546053926060305,2021-10,0.5177621558886604
5522764880180045081,2021-10,0.008052087993024546
5522764880180045081,2021-10,0.008052087993024546
5522764880180045081,2021-10,0.008052087993024546
5522764880180045081,2021-10,0.008189960115734248
5432443358006556295,2021-10,0.007075961537569351
5432443358006556295,2021-10,0.005735909668319987
5432443358006556295,2021-11,0.006172953334272882
5432443358006556295,2021-11,0.005858740285871517
5432443358006556295,2021-11,0.006238947756624807
7818340804682162328,2021-10,0.011970502794241436
7818340804682162328,2021-10,0.011970502794241436
7818340804682162328,2021-11,0.11676320986252149
6731795019313479942,2021-10,0.0018841853392087301
1118514612547157551,2021-10,0.05996251022376464
9206030810342980458,2021-10,0.0042063526078762225
9206030810342980458,2021-10,0.004674374908811819
9206030810342980458,2021-11,0.0038022019979280664
9206030810342980458,2021-11,0.006277230929486028
9206030810342980458,2021-11,0.00369520376354875
2951563549197799278,2021-10,0.003133071678479325
2951563549197799278,2021-11,0.003454359069849964
5301988619224057921,2021-10,0.4876804348053984
5301988619224057921,2021-10,0.4770080320751351
5301988619224057921,2021-11,0.3743255623688726
5301988619224057921,2021-11,0.3512212995667895
5301988619224057921,2021-11,0.3643695358884283
4235078665660987689,2021-10,0.009262575797311193
4235078665660987689,2021-10,0.009520448706387758
4235078665660987689,2021-10,0.009520448706387758
4235078665660987689,2021-11,0.009732274244707859
6276792736652545216,2021-10,0.00536470600652461
6276792736652545216,2021-11,0.006372829301513008
1308019675417057675,2021-10,0.010634273429091538
1308019675417057675,2021-10,0.010634273429091538
1308019675417057675,2021-10,0.010634273429091538
1308019675417057675,2021-11,0.012007358515837181
1308019675417057675,2021-11,0.012007358515837181
6662531979151878793,2021-10,0.007117276841795874
6662531979151878793,2021-11,0.015773179882244703
6662531979151878793,2021-11,0.015773179882244703
5304536516981778801,2021-10,0.0023883937879702216
5304536516981778801,2021-11,0.0023883937879702216
5304536516981778801,2021-11,0.0023160749616863274
5304536516981778801,2021-11,0.0023883937879702216
8083157716178259762,2021-10,0.004062196234218224
8083157716178259762,2021-10,0.004255747461337585
8083157716178259762,2021-10,0.005220393012937269
8083157716178259762,2021-11,0.003448122780654701
5198904647759787695,2021-10,0.011486164965418539
1285245417998627607,2021-10,0.9029274371472643
5547032541615425352,2021-10,0.008459313951558184
5547032541615425352,2021-11,0.008182327702468479
4052557282157719526,2021-10,0.003298180302583344
3027683745465216663,2021-10,0.014528215527567884
3027683745465216663,2021-11,0.014528215527567884
3027683745465216663,2021-11,0.014175524064629392
6915663759082844184,2021-10,0.0761346051688314
7637066986811047950,2021-10,0.09344724833824408
7637066986811047950,2021-10,0.067711008784865
6615694774618628402,2021-10,0.029123342162344
6615694774618628402,2021-11,0.0111302860104253
6098833389547425063,2021-10,0.013469008111616231
6098833389547425063,2021-11,0.009296603639246469
3136129226228632675,2021-10,0.06939973004907748
4395946187332973749,2021-10,0.005884761707283067
4395946187332973749,2021-11,0.002091602274059085
6349142675790687765,2021-10,0.4506631623229341
1997130697107291654,2021-10,0.022108521275809003
1997130697107291654,2021-11,0.020506817091899294
3281617395243454427,2021-10,0.022437207106670697
3281617395243454427,2021-10,0.023919441280736867
3281617395243454427,2021-10,0.022437207106670697
3281617395243454427,2021-11,0.02258998178905327
3281617395243454427,2021-11,0.024082059851328115
3281617395243454427,2021-11,0.02398734817547375
1874361799315286610,2021-10,0.0024751280927549414
1874361799315286610,2021-11,0.00199238131276337
7471183491728700531,2021-10,0.13064617873447112
6987942592445950913,2021-10,0.002863698221452098
6987942592445950913,2021-11,0.0026740155998192083
6987942592445950913,2021-11,0.027518247719413115
6987942592445950913,2021-11,0.0026740155998192083
6987942592445950913,2021-11,0.0026740155998192083
4495596792165551705,2021-10,0.007832260834718567
7571271990906543121,2021-10,0.016260959430130978
2092588065958607289,2021-10,0.003265008602533959
2092588065958607289,2021-10,0.002942645141171231
2092588065958607289,2021-10,0.0034896801355781505
2092588065958607289,2021-11,0.0032466942811049423
2092588065958607289,2021-11,0.0032466942811049423
2092588065958607289,2021-11,0.0032466942811049423
2092588065958607289,2021-11,0.006349329860812303
6204723742351094322,2021-10,0.006253636265759836
6204723742351094322,2021-11,0.03780335488987917
6020593949794792044,2021-10,0.008356387959996789
6020593949794792044,2021-10,0.008356387959996789
6020593949794792044,2021-10,0.008356387959996789
6020593949794792044,2021-10,0.008121336404007005
511305041047444825,2021-10,0.011850864910108798
511305041047444825,2021-11,0.015775175068450612
835441927760881602,2021-10,0.21291317648288233
835441927760881602,2021-10,0.21291317648288233
835441927760881602,2021-10,0.22395672357966495
835441927760881602,2021-11,0.21179005085633726
2407532237672094312,2021-10,0.02270774422778949
2407532237672094312,2021-11,0.011726644341886588
2407532237672094312,2021-11,0.016632053392462594
2735662700719640627,2021-10,0.025265889547353437
2735662700719640627,2021-11,0.020323379001452174
2735662700719640627,2021-11,0.018016290583692043
8409181491723988567,2021-10,0.010534575028378151
4090195792518021727,2021-10,0.0049348357549425185
4090195792518021727,2021-11,0.00521763512415452
410843023337872279,2021-10,0.001718121842699005
410843023337872279,2021-11,0.001718121842699005
8926565682509268383,2021-10,0.009567453295209872
8926565682509268383,2021-10,0.03267294079189243
8926565682509268383,2021-10,0.00564816746859356
8926565682509268383,2021-10,0.00612349907250544
8926565682509268383,2021-11,0.007415731493023702
8926565682509268383,2021-11,0.006948914437852192
8926565682509268383,2021-11,0.007415731493023702
8926565682509268383,2021-11,0.007415731493023702
8926565682509268383,2021-11,0.007415731493023702
8926565682509268383,2021-11,0.006003495295319752
8926565682509268383,2021-11,0.007415731493023702
963687627963462983,2021-10,0.0009030447847166942
963687627963462983,2021-10,0.0009030447847166942
963687627963462983,2021-11,0.0008388061052058306
963687627963462983,2021-11,0.0009866285998201651
1078687383992817574,2021-10,0.2647362597235696
8376902089871279815,2021-10,0.001735505877468165
8376902089871279815,2021-10,0.0022054075075437574
3682570285558758138,2021-10,0.008711925841704743
3682570285558758138,2021-11,0.007819505023201502
5799279645678609726,2021-10,0.0692681850443967
5799279645678609726,2021-11,0.09540548953880026
8503092146854371576,2021-10,0.006893290697294866
8503092146854371576,2021-11,0.06453259156067313
8503092146854371576,2021-11,0.002177409319569737
8503092146854371576,2021-11,0.0014179326261104922
2012477868296377155,2021-10,0.003942524377489083
7215093571368368138,2021-10,0.3808254659555626
7215093571368368138,2021-10,0.35645252264541183
7215093571368368138,2021-11,0.4165569149031703
7215093571368368138,2021-11,0.4165569149031703
1678680306005074426,2021-10,0.009239519494430195
1678680306005074426,2021-10,0.009239519494430195
1678680306005074426,2021-11,0.010479078510462382
1678680306005074426,2021-11,0.016576772901392308
2943087245123311166,2021-10,0.023278089441153397
2943087245123311166,2021-11,0.04798911963141168
2943087245123311166,2021-11,0.016024659791026515
2943087245123311166,2021-11,0.026918152741660453
2943087245123311166,2021-11,0.010256946085413792
4165983075385227812,2021-10,0.0038316846439146366
4165983075385227812,2021-10,0.0036223921005799236
4165983075385227812,2021-11,0.004057476255329973
5786895437851445408,2021-10,0.043726615647103
5786895437851445408,2021-11,0.04426812147189994
5786895437851445408,2021-11,0.04220697037604615
503021894071666233,2021-10,0.0381538774701067
503021894071666233,2021-11,0.0381538774701067
6056959220685085102,2021-10,0.005495223927084013
5993832136957065909,2021-10,0.005463773345642788
4641659186059167709,2021-10,0.02632718085250016
4641659186059167709,2021-11,0.012453147218725676
4898797487317475277,2021-10,0.034365311805337244
1052398277967427422,2021-10,0.00795462079226355
1052398277967427422,2021-11,0.004400123501432975
1052398277967427422,2021-11,0.004400123501432975
5528372913947954503,2021-10,0.019735209236256792
903093877129717133,2021-10,0.0012565450956935405
903093877129717133,2021-10,0.0012565450956935405
903093877129717133,2021-11,0.0012565450956935405
7529137091657891207,2021-10,0.03918417171703453
3156852928909455203,2021-10,0.004808577575719697
3156852928909455203,2021-10,0.004808577575719697
3156852928909455203,2021-11,0.004808577575719697
510795635145114083,2021-10,0.011436654745861346
510795635145114083,2021-11,0.011436654745861346
510795635145114083,2021-11,0.011368506693618014
510795635145114083,2021-11,0.014095572158186884
510795635145114083,2021-11,0.011436654745861346
6337915293429442229,2021-10,0.008702237616913237
7908414709866823255,2021-10,0.011453044364790829
7908414709866823255,2021-10,0.011453044364790829
7908414709866823255,2021-11,0.005671567275619571
7908414709866823255,2021-11,0.006251425282375129
7908414709866823255,2021-11,0.006251425282375129
7908414709866823255,2021-11,0.005671567275619571
2347028805684088098,2021-10,0.0006997653345540501
2347028805684088098,2021-11,0.003505199431390499
2347028805684088098,2021-11,0.0005915891370971771
5893903674205161232,2021-10,0.002473621523277851
5893903674205161232,2021-11,0.0038060250892404507
4061297388883391410,2021-10,0.0015364630184636777
4061297388883391410,2021-11,0.0019334722823467322
4061297388883391410,2021-11,0.0015364630184636777
7949169060790541229,2021-10,0.0033852281035046646
6521201759558790083,2021-10,0.0033599213564300765
2209806355660046187,2021-10,0.003373798174462987
2209806355660046187,2021-11,0.0031542312512513435
5358243820364010940,2021-10,0.0028541007522154297
1683619849073499603,2021-10,0.012037909710071312
1683619849073499603,2021-11,0.006276207256731997
1683619849073499603,2021-11,0.0916504863786685
1683619849073499603,2021-11,0.00723716806317239
1683619849073499603,2021-11,0.00723716806317239
6462952350255736003,2021-10,0.003827231699772139
4675067298171588603,2021-10,0.044610100682756164
2250817603281429928,2021-10,0.0026461932766993147
3357976326879346012,2021-10,0.055685030791714614
3357976326879346012,2021-10,0.055685030791714614
5409960473983330744,2021-10,0.018835533298537894
5409960473983330744,2021-10,0.02712226119646644
5409960473983330744,2021-11,0.021309475856422032
1788369195969129749,2021-10,0.005850072360873523
5856610998569876318,2021-10,0.004854033763346534
5856610998569876318,2021-11,0.009479532923402551
3960251564708868781,2021-10,0.0035691412758224357
3960251564708868781,2021-10,0.003571601396778373
3960251564708868781,2021-11,0.007955896956290667
3960251564708868781,2021-11,0.007950441025841685
8895160610329228780,2021-10,0.015388942222741397
2439954154030259398,2021-10,0.01563454155083531
2439954154030259398,2021-11,0.01825136957017854
2439954154030259398,2021-11,0.01825136957017854
6091519986999196884,2021-10,0.014098356995717357
7478791630746523220,2021-10,0.17319222747106702
7478791630746523220,2021-10,0.16643732993845806
7478791630746523220,2021-11,0.1651004651062285
8013668117699219722,2021-10,0.021377343335113257
8013668117699219722,2021-11,0.024815251623966954
8013668117699219722,2021-11,0.01046564032384399
1210783884008131648,2021-10,0.006021744287959271
1210783884008131648,2021-11,0.006334768858462391
1210783884008131648,2021-11,0.006334768858462391
2308217045093677129,2021-10,0.006338916827452537
2308217045093677129,2021-11,0.008240544971919655
69766362497027920,2021-10,0.0357180315755943
6754039979151386401,2021-10,0.002226510192889824
5860276371789140450,2021-10,0.04983428376006818
5860276371789140450,2021-11,0.06943498906545321
5860276371789140450,2021-11,0.05600142828706059
1778014915038250584,2021-10,0.10868552095622565
5481711897502154955,2021-10,0.013589591177456223
5481711897502154955,2021-11,0.019949265658409352
5481711897502154955,2021-11,0.01168726775551564
6061850657256270336,2021-10,0.004090238409646605
6061850657256270336,2021-11,0.01197374389489313
6061850657256270336,2021-11,0.01197374389489313
8350724667410677464,2021-10,0.015059176298812963
8350724667410677464,2021-11,0.01030586656281755
3387580208304842365,2021-10,0.006481659933103564
3386019519917828299,2021-10,0.006115651418007061
3386019519917828299,2021-10,0.006262385302237789
3045840317107313913,2021-10,0.025070895088853868
3045840317107313913,2021-11,0.005403234445190929
8680213253228719510,2021-10,0.010096112002243258
7754936094607992857,2021-10,0.007597018522373928
7754936094607992857,2021-11,0.007597018522373928
7754936094607992857,2021-11,0.007597018522373928
2768068015169423097,2021-10,0.02587878928079488
8292458529987016717,2021-10,0.00796319770354435
8292458529987016717,2021-11,0.006822421248971234
1543875954928694094,2021-10,0.0016026020856049269
1543875954928694094,2021-11,0.0016280715796022722
652740132671309295,2021-10,0.039113430038670315
652740132671309295,2021-11,0.039113430038670315
652740132671309295,2021-11,0.039113430038670315
5958664040344043635,2021-10,0.0031946264129065365
3382609338395832683,2021-10,0.03223446799100834
2106875407768047316,2021-10,0.0017436948076727475
2106875407768047316,2021-11,0.05620539127749515
2106875407768047316,2021-11,0.0020677314851026258
1334091158016312155,2021-10,0.011447951265170283
2554972344348383830,2021-10,0.002192953485311708
2554972344348383830,2021-11,0.0018328657908855412
2554972344348383830,2021-11,0.0021506070025385355
5558533999208199371,2021-10,0.30214531835764763
4524147234488547993,2021-10,0.010905552610890486
4524147234488547993,2021-11,0.008492702763270403
4524147234488547993,2021-11,0.009610072597038487
4569866309119931805,2021-10,0.006124214870195084
4569866309119931805,2021-11,0.00789930995046637
3161361581909316305,2021-10,0.004413392607435344
3161361581909316305,2021-11,0.004709042841422928
4095739077267179172,2021-10,0.04208541327408178
4095739077267179172,2021-10,0.054856633753253795
4095739077267179172,2021-11,0.038022971869677444
4095739077267179172,2021-11,0.04688974448607198
8245393384938410770,2021-10,0.004279171296502875
8245393384938410770,2021-11,0.007976703836899322
8245393384938410770,2021-11,0.004983631963066493
8245393384938410770,2021-11,0.007976703836899322
8245393384938410770,2021-11,0.004983631963066493
8245393384938410770,2021-11,0.004983631963066493
1299146298565441811,2021-10,0.04979631907884598
1299146298565441811,2021-11,0.02336542291555825
1033361676287635885,2021-10,0.022025478193591
7260748352873493818,2021-10,0.009878165355903653
7260748352873493818,2021-11,0.009252462738171366
2687720147676132707,2021-10,0.00561006465824087
2687720147676132707,2021-11,0.007505690417330636
2687720147676132707,2021-11,0.006530946679787007
7779268298304613772,2021-10,0.005752888511734146
7779268298304613772,2021-11,0.0031606060447412704
7779268298304613772,2021-11,0.005478507467633259
7779268298304613772,2021-11,0.0026580734079764677
7779268298304613772,2021-11,0.003066765217338618
8185063234515056194,2021-10,0.0036158041628127037
8185063234515056194,2021-11,0.0039691671005748315
8185063234515056194,2021-11,0.004592705088432713
4993499380140734678,2021-10,0.006125637955790479
5687511145009775604,2021-10,0.028422527578963856
5687511145009775604,2021-10,0.029805194934025794
8576047157867370630,2021-10,0.05646456868243852
8576047157867370630,2021-11,0.2894534911373533
3915426102465954493,2021-10,0.0015786670388626112
3915426102465954493,2021-11,0.0016762219725355342
8623308321032624474,2021-10,0.10897722268711951
8623308321032624474,2021-11,0.11307118859938955
180672270337706285,2021-10,0.4302488927685955
7236776406341522879,2021-10,0.005506978009494821
7236776406341522879,2021-11,0.0036097401306682693
4532469127306079736,2021-10,0.016692406693473064
4532469127306079736,2021-11,0.012431528773804922
2903869860445366876,2021-10,0.0035931154987791105
2903869860445366876,2021-11,0.0038363722305835846
1343530446996409207,2021-10,0.0024227951645156435
1343530446996409207,2021-11,0.001965785759426186
2573553293518763494,2021-10,0.005347884495373071
2573553293518763494,2021-11,0.008815289963024664
2573553293518763494,2021-11,0.005624715004900407
4635578010631860111,2021-10,0.006391839192634093
5465001651966355821,2021-10,0.0819391079228536
5465001651966355821,2021-10,0.0891276257949362
66220087398241662,2021-10,0.007250347563837082
66220087398241662,2021-11,0.007250347563837082
66220087398241662,2021-11,0.007250347563837082
66220087398241662,2021-11,0.007250347563837082
5706551050445880395,2021-10,0.500025156398675
5706551050445880395,2021-11,0.5811192359092417
5706551050445880395,2021-11,0.5168787737305528
6134696632487351445,2021-10,0.001708581488946624
6134696632487351445,2021-11,0.001876038184038928
6134696632487351445,2021-11,0.001876038184038928
6134696632487351445,2021-11,0.0018133458721306913
968400235888951633,2021-10,0.002251855406190848
968400235888951633,2021-11,0.001712667236430906
1891145854263312840,2021-10,0.06371678667505122
1891145854263312840,2021-11,0.009571807192354214
3283662016127058429,2021-10,0.007983964248005716
3283662016127058429,2021-11,0.007647478255619032
7692335720341018458,2021-10,0.0034451868989997534
7692335720341018458,2021-11,0.003577663805377117
191536915328669008,2021-10,0.29180620908936156
2805743565496207618,2021-10,0.017244113520930766
6030285068945261052,2021-10,0.0017133910524700638
6030285068945261052,2021-11,0.0017133910524700638
6030285068945261052,2021-11,0.0017133910524700638
3095408468798675621,2021-11,0.0011889048111728793
3095408468798675621,2021-11,0.0012284634716656282
3095408468798675621,2021-11,0.0011659934040626377
2678966409665050034,2021-11,0.004573196254292363
2678966409665050034,2021-11,0.003598352954557686
2678966409665050034,2021-11,0.0041529159885345755
6528158819463595826,2021-11,0.0014685970341165892
6528158819463595826,2021-11,0.003133015453765193
3970610368027129821,2021-11,0.0011525951817972933
107343823625119033,2021-11,0.0039941253631180125
107343823625119033,2021-11,0.0039941253631180125
107343823625119033,2021-11,0.0039941253631180125
7444686668183702737,2021-11,0.0014241914002867363
7444686668183702737,2021-11,0.0016555631553468455
7444686668183702737,2021-11,0.0019279291637364514
7444686668183702737,2021-11,0.0014370713990607528
1028630885537616736,2021-11,0.006067507289262642
8559143756893267192,2021-11,0.05554930769427538
8559143756893267192,2021-11,0.04892522833188136
2191990606593345695,2021-11,0.014393353159318134
6100972975033180377,2021-11,0.003175835413443063
6100972975033180377,2021-11,0.0027765234399623963
6100972975033180377,2021-11,0.0036248336752721347
6100972975033180377,2021-11,0.0029466917455484814
4980232475645447238,2021-11,0.0022521124575984436
4980232475645447238,2021-11,0.0022940349590687497
4980232475645447238,2021-11,0.002300116199857823
792560389712312178,2021-11,0.0009132486591156537
792560389712312178,2021-11,0.0013677388151047208
6643358471662528195,2021-11,0.0006621137766838747
6643358471662528195,2021-11,0.0006762496919834709
271068078606473697,2021-11,0.0019663725051348654
8027035272622701013,2021-11,0.12413525322907241
2522900990060384939,2021-11,0.05019141212632888
2522900990060384939,2021-11,0.057337772752255885
2522900990060384939,2021-11,0.05007286284129542
8274986328479596038,2021-11,0.12781261228144805
5635781225931111684,2021-11,0.005733663571610673
5635781225931111684,2021-11,0.005733663571610673
5635781225931111684,2021-11,0.005211260794636902
5974858472822751652,2021-11,0.006436766255197105
5974858472822751652,2021-11,0.006436766255197105
5974858472822751652,2021-11,0.07977026522136835
5974858472822751652,2021-11,0.006436766255197105
8480109508191086169,2021-11,0.00215371839407217
8480109508191086169,2021-11,0.0022206105198417704
8480109508191086169,2021-11,0.0023723058688149613
8480109508191086169,2021-11,0.0024780322639179815
5477900120643078645,2021-11,0.017233947845290015
5477900120643078645,2021-11,0.017233947845290015
2278650548373578523,2021-11,0.026423824857133855
7895753719321668294,2021-11,0.0023063807868813854
7895753719321668294,2021-11,0.0014742169338779834
7895753719321668294,2021-11,0.0029303859975292525
4104959289203999917,2021-11,0.0016277379264603355
4104959289203999917,2021-11,0.0016277379264603355
7387419407817356825,2021-11,0.02371740742309017
7442192566700924647,2021-11,0.001229979821367665
7442192566700924647,2021-11,0.0009669174191637718
7442192566700924647,2021-11,0.06787780121651461
7442192566700924647,2021-11,0.0011312762792832585
7442192566700924647,2021-11,0.001106444584664726
5503073374822479037,2021-11,0.004444574381051784
5503073374822479037,2021-11,0.006258387405682647
7038761645302069945,2021-11,0.014628803170110595
8004409125524742779,2021-11,0.0027613440542043548
8004409125524742779,2021-11,0.0027613440542043548
460993244124061972,2021-11,0.08215644927407861
2003221759676247813,2021-11,0.0009643471863025782
2003221759676247813,2021-11,0.0009643471863025782
4704892067681576893,2021-11,0.03215039801736592
1420529738304793615,2021-11,0.035088151115535204
5371387005775513675,2021-11,0.025494841303478552
5371387005775513675,2021-11,0.6149926723050777
5371387005775513675,2021-11,0.025494841303478552
7968118679747232249,2021-11,0.1456572600794507
7968118679747232249,2021-11,0.1456572600794507
7968118679747232249,2021-11,0.0948569362065166
1956406515279457110,2021-11,0.018565109081302277
1956406515279457110,2021-11,0.016148021317203203
683445437387317282,2021-11,0.18611716269609055
1430896989654626045,2021-11,0.0018487070451153726
1430896989654626045,2021-11,0.0018487070451153726
1430896989654626045,2021-11,0.14017565868893367
1430896989654626045,2021-11,0.0018487070451153726
1430896989654626045,2021-11,0.0018487070451153726
7816319470107777265,2021-11,0.059533973783473144
7816319470107777265,2021-11,0.027946288694601865
7229721428946324455,2021-11,0.2537756803614037
6216982347344525048,2021-11,0.010380121196541612
5791518044186095039,2021-11,0.004512025914919337
5791518044186095039,2021-11,0.04524901042246211
7176848230239877915,2021-11,0.0011222653789137878
7176848230239877915,2021-11,0.07118968518157777
7176848230239877915,2021-11,0.0014124008131036945
904857901361577913,2021-11,0.003060482262249618
4956614249204803652,2021-11,0.27977532210650774
1767360303789815418,2021-11,0.006582793272766489
4130617254899676131,2021-11,0.07168600271880814
3109771318936962520,2021-11,0.0194273773535333
3192341047315717823,2021-11,0.02081480236312723
4831988987853936627,2021-11,0.07513374756110996
1104269683367198574,2021-11,0.08981894730118524
1104269683367198574,2021-11,0.0038756782116757408
6909701795322574613,2021-11,0.03478710528027401
4556737702757145073,2021-11,0.018583635785779477
4556737702757145073,2021-11,0.010427969589313309
7367321179169390502,2021-11,0.6321668857755387
4769364850030443969,2021-11,0.031679294591316576
4769364850030443969,2021-11,0.048327918754658666
2032592272238235730,2021-11,0.5836810719782664
2032592272238235730,2021-11,0.008219306689484182
9016049685460415544,2021-11,0.5385012410879044
226405871752897670,2021-11,0.005728746496814535
295375823203017296,2021-11,0.0018146215806053956
4820852183212661131,2021-11,0.4491638314047725
4820852183212661131,2021-11,0.023111366812109513
4820852183212661131,2021-11,0.010836602413857671
696014079855281037,2021-11,0.5646381295979437
696014079855281037,2021-11,0.05795818094120894
696014079855281037,2021-11,0.05795818094120894
93982185886107798,2021-11,0.031541839698723845
7041489327620930099,2021-11,0.0059694675276146915
3258345688897172820,2021-11,0.12260328451368017
7889351655716537527,2021-11,0.009396365118401556
3025708129948185495,2021-11,0.0020162367958437492
3025708129948185495,2021-11,0.0029503742382570794
8646472172649019955,2021-11,0.5981126339042457
8646472172649019955,2021-11,0.2661423291211287
8646472172649019955,2021-11,0.2661423291211287
8646472172649019955,2021-11,0.2661423291211287
8646472172649019955,2021-11,0.2844833824051636
531805620371082364,2021-11,0.22672310065033144
8487807876567995441,2021-11,0.14597699271386064
8487807876567995441,2021-11,0.008250938733836036
8196449005061156808,2021-11,0.004366329892017989
8196449005061156808,2021-11,0.004354175258345462
8196449005061156808,2021-11,0.00429880038145536
8196449005061156808,2021-11,0.004366329892017989
8196449005061156808,2021-11,0.00429880038145536
8196449005061156808,2021-11,0.004095258724078002
5448628641564935127,2021-11,0.022179738117191806
6335613629467537085,2021-11,0.48876489734225975
1611146298923153842,2021-11,0.019501837807950118
8510653215962746781,2021-11,0.0017026034608529999
7696655736121386405,2021-11,0.01883743788577362
8400764778654490278,2021-11,0.03166326123113242
8400764778654490278,2021-11,0.03166326123113242
6617479989097680138,2021-11,0.05818254152823498
2025898153078562640,2021-11,0.01707274878885779
4919908458022265747,2021-11,0.005482404801005271
1044946691507317745,2021-11,0.003069198828243256
1246864346193559124,2021-11,0.019520258611610452
5489089370448387505,2021-11,0.01184212776522845
493667100055938118,2021-11,0.9069561931540594
8248484932270772248,2021-11,0.05982360797880544
3183208564139585182,2021-11,0.8407885416458168
4588313530969303734,2021-11,0.05112956807316702
4588313530969303734,2021-11,0.05112956807316702
4588313530969303734,2021-11,0.043761955647062756
2493688222671282470,2021-11,0.0030200607960944757
2493688222671282470,2021-11,0.0038872284833211513
9108733472015251498,2021-11,0.0019885413553070446
9108733472015251498,2021-11,0.0019885413553070446
7646606457278894341,2021-11,0.004056117193155328
238894451665334246,2021-11,0.10552281039140952
1239032704486561936,2021-11,0.9030843655130136
1239032704486561936,2021-11,0.8612119939508164
2900002014851776114,2021-11,0.3204573096398223
8535586342375301953,2021-11,0.004098868135429589
8535586342375301953,2021-11,0.004098868135429589
8464769152264029983,2021-11,0.01803203679654337
7457803471605010846,2021-11,0.010084668943236463
5517114603826429870,2021-11,0.006210727926974944
5757271354816214865,2021-11,0.6809081363782683
7870373680211625064,2021-11,0.022128114252687757
7870373680211625064,2021-11,0.0205659265896262
7870373680211625064,2021-11,0.0205659265896262
7870373680211625064,2021-11,0.022128114252687757
7870373680211625064,2021-11,0.0205659265896262
5082455700818638342,2021-11,0.021626173621143045
8374461419511631785,2021-11,0.005776498836075551
8374461419511631785,2021-11,0.004454353100557558
4202876623878743806,2021-11,0.029666412728448787
9156666134024889730,2021-11,0.0020338795929934674
9156666134024889730,2021-11,0.0020338795929934674
8828303152301461681,2021-11,0.06308176532922774
8828303152301461681,2021-11,0.06702812778117251
8511588642284189303,2021-11,0.019138514617561525
5460280878923715699,2021-11,0.0022713550501016195
5714540197488862003,2021-11,0.15664380174926376
5714540197488862003,2021-11,0.15664380174926376
1963239178085807816,2021-11,0.004823079804885109
7221446976321358973,2021-11,0.011157282892826399
39547025441582855,2021-11,0.007026042125907581
4527499691197377217,2021-11,0.006603915201736047
6089029916190588614,2021-11,0.009966248949102781
1093053069479288753,2021-11,0.0777698976816733
6968106554514688300,2021-11,0.028284421964556966
7810985951121711480,2021-11,0.005722820574585947
5136739522477907100,2021-11,0.003756141454715264
1741049493106216406,2021-11,0.017735535597070515
1741049493106216406,2021-11,0.017735535597070515
1507697130807703164,2021-11,0.0007729428937294918
1507697130807703164,2021-11,0.0007507681750913098
4530631557358349711,2021-11,0.007841011298067949
4530631557358349711,2021-11,0.005527833958134815
6547707428090179960,2021-11,0.006953107474039199
6547707428090179960,2021-11,0.005150873931102142
1117184216453911295,2021-11,0.017202749743923842
7722287846688771887,2021-11,0.011723957692544518
7722287846688771887,2021-11,0.011723957692544518
7722287846688771887,2021-11,0.011723957692544518
4166581859919473627,2021-11,0.01788261651348065
2369364892942408355,2021-11,0.005929208514238996
4723919748432185874,2021-11,0.0027323884369106683
4512887927067894301,2021-11,0.008709931514740461
4512887927067894301,2021-11,0.008340541399111287
6842075380768862290,2021-11,0.012635532612483858
6842075380768862290,2021-11,0.01023745392134124
665505091521986356,2021-11,0.0035970082721949303
665505091521986356,2021-11,0.002144769494876868
1533755281771668509,2021-11,0.001668914026928524
1533755281771668509,2021-11,0.001668914026928524
5855956854975734380,2021-11,0.007306727620525062
5855956854975734380,2021-11,0.00458351808949276
3431426889924624821,2021-11,0.04570803795950479
3431426889924624821,2021-11,0.027336256117808655
1269153452773908541,2021-11,0.004328355520989531
1696462947583294958,2021-11,0.004297877729444522
1696462947583294958,2021-11,0.005562467796258771
1738460583932152602,2021-11,0.11524497742864726
7492389223353246125,2021-11,0.0317972941941073
8174633018998080168,2021-11,0.006803177684393663
6926309382371178621,2021-11,0.0018274787292131237
5864443060004179363,2021-11,0.007183804356323562
5864443060004179363,2021-11,0.004878107226426033
5864443060004179363,2021-11,0.007183804356323562
7215053254854713098,2021-11,0.01032855694442525
1462395707491634845,2021-11,0.8351102866872828
1462395707491634845,2021-11,0.8351102866872828
8843432852270832388,2021-11,0.02099510635954939
5288503299611498087,2021-11,0.01251333656819465
6284433051333854194,2021-11,0.0021075997195810535
6012031176108922616,2021-11,0.020710572259161484
6012031176108922616,2021-11,0.020710572259161484
993334998462320108,2021-11,0.8741192518909388
957773253650890560,2021-11,0.4516342467173276
5613825020130267729,2021-11,0.002544414573465839
3421433989501830226,2021-11,0.030804021891765246
8332840690177201182,2021-11,0.443340447329723
6094038865287329652,2021-11,0.8333964915976465
1712483726555581515,2021-11,0.003302404612451911
1396078312562623766,2021-11,0.05785817587222667
2307201111381758912,2021-11,0.01020597576807146
1000372849175668062,2021-11,0.0059928754890442235
1129657311668961746,2021-11,0.025235698376824735
780065359501679358,2021-11,0.020061132363647392
121658372387044248,2021-11,0.009188976025750214
798425422240919854,2021-11,0.0022850827963244273
7828430488099134389,2021-11,0.028849034415570903
5726178124659661019,2021-11,0.0011395594931969588
5726178124659661019,2021-11,0.0010798494425281622
5726178124659661019,2021-11,0.0008970487306041826
5726178124659661019,2021-11,0.001105196125528368
2088532321693492263,2021-11,0.019767589304420023
4679462479444735708,2021-11,0.024467274744607918
4679462479444735708,2021-11,0.00987567173969514
4679462479444735708,2021-11,0.013969755233696594
621182491555347581,2021-11,0.01560778555821225
621182491555347581,2021-11,0.01560778555821225
8901696535927078963,2021-11,0.003954537823742636
8901696535927078963,2021-11,0.003954537823742636
8901696535927078963,2021-11,0.003762611068006852
8901696535927078963,2021-11,0.003762611068006852
8901696535927078963,2021-11,0.003954537823742636
7444686668183702737,2021-11,0.001800470232801086
7444686668183702737,2021-11,0.0015171893596480157
2092588065958607289,2021-11,0.003391101236140439
2092588065958607289,2021-11,0.003391101236140439
2092588065958607289,2021-11,0.003391101236140439
2092588065958607289,2021-11,0.003391101236140439
2092588065958607289,2021-11,0.003391101236140439
2092588065958607289,2021-11,0.003391101236140439
4334472256949955221,2021-11,0.0018196404670193886
6893616200284527465,2021-11,0.11143078337379415
7779268298304613772,2021-11,0.005182823854205572
7779268298304613772,2021-11,0.002649548089208888
7779268298304613772,2021-11,0.003150474029366777
8213533889694327948,2021-11,0.0017186520409124488
8213533889694327948,2021-11,0.0017186520409124488
8213533889694327948,2021-11,0.0013225623895204196
7222128416864635362,2021-11,0.10872970086833565
5993765508162121762,2021-11,0.043646518176407655
5993765508162121762,2021-11,0.045465953405592584
5993765508162121762,2021-11,0.043646518176407655
8716163053080758848,2021-11,0.001752553473413646
8716163053080758848,2021-11,0.0015040449358610117
8716163053080758848,2021-11,0.001752553473413646
1430896989654626045,2021-11,0.0018487070451153726
1430896989654626045,2021-11,0.0018487070451153726
1592581784061157609,2021-11,0.08723103639859293
8536031856585966123,2021-11,0.025988953927571452
8536031856585966123,2021-11,0.01760414156859215
8536031856585966123,2021-11,0.025105513724180163
8536031856585966123,2021-11,0.025105513724180163
7963861799566207637,2021-11,0.0006569688009386651
8123515208041701633,2021-11,0.017656556824143133
8123515208041701633,2021-11,0.01740879525232424
5714540197488862003,2021-11,0.15715892252612346
5714540197488862003,2021-11,0.15491862271434084
5714540197488862003,2021-11,0.172702596673771
7330131219998265639,2021-11,0.0015260601401258513
7330131219998265639,2021-11,0.0013286464173551955
1951407691087813358,2021-11,0.0012077347448577116
6969348581033924947,2021-11,0.002637074224725805
6969348581033924947,2021-11,0.0026785700353717697
6969348581033924947,2021-11,0.002637074224725805
8374461419511631785,2021-11,0.007100717366768063
8374461419511631785,2021-11,0.0049919470108076534
5136739522477907100,2021-11,0.007150899207921259
8609938720215175911,2021-11,0.007699742488886088
8609938720215175911,2021-11,0.009509389120141482
5897410907783139228,2021-11,0.0024660336729774015
49632905576538927,2021-11,0.0012258991804447125
3408536439470975134,2021-11,0.00033308287465423425
3408536439470975134,2021-11,0.00030092698953658594
3408536439470975134,2021-11,0.00029431622378744466
3408536439470975134,2021-11,0.00033308287465423425
7664272163315705419,2021-11,0.005880164179879831
7664272163315705419,2021-11,0.008361841248175749
7664272163315705419,2021-11,0.006672536497210801
7664272163315705419,2021-11,0.005880164179879831
8596605705893456305,2021-11,0.19608801674206022
8596605705893456305,2021-11,0.2106991275564518
1551531256789550891,2021-11,0.0015457812001647424
792560389712312178,2021-11,0.004217999401850543
7403979270048469991,2021-11,0.003970141691278259
1507697130807703164,2021-11,0.000732219721470282
1507697130807703164,2021-11,0.0007112124657260157
410843023337872279,2021-11,0.0028689503658350726
7231408738455755015,2021-11,0.7795669814724727
7686361238195690925,2021-11,0.002674098305013075
4661684997487171886,2021-11,0.0074724220843404
4661684997487171886,2021-11,0.002859805254751322
4661684997487171886,2021-11,0.0028114081291340325
4661684997487171886,2021-11,0.004993908020722289
4661684997487171886,2021-11,0.004453302572545195
8926565682509268383,2021-11,0.005710586297324777
8926565682509268383,2021-11,0.005710586297324777
8013668117699219722,2021-11,0.014763510401679445
8173830874846355280,2021-11,0.0013752941680601621
8173830874846355280,2021-11,0.0013752941680601621
8173830874846355280,2021-11,0.0013752941680601621
8173830874846355280,2021-11,0.0015820671117496561
8173830874846355280,2021-11,0.0013752941680601621
3977861004707764824,2021-11,0.015604645247760897
3977861004707764824,2021-11,0.016275028517777294
3977861004707764824,2021-11,0.01734234086098189
3977861004707764824,2021-11,0.018086004829186306
3977861004707764824,2021-11,0.015604645247760897
3977861004707764824,2021-11,0.016275028517777294
3812760626052898456,2021-11,0.0017471981370111832
1106971614386004604,2021-11,0.008645998437451176
1106971614386004604,2021-11,0.008645998437451176
8348574220426911086,2021-11,0.006965071701249399
7268895973869107930,2021-11,0.012743705098452515
7268895973869107930,2021-11,0.015399269933453651
7268895973869107930,2021-11,0.015399269933453651
7268895973869107930,2021-11,0.012363750507899519
4831988987853936627,2021-11,0.005983677662275963
984915269987074754,2021-11,0.0015409145057666902
984915269987074754,2021-11,0.001539704704899775
7269781193318890653,2021-11,0.005083877722818277
7269781193318890653,2021-11,0.002288185908532032
7269781193318890653,2021-11,0.004745456448964276
7269781193318890653,2021-11,0.002670117255722066
7085295800541340563,2021-11,0.004340370271743116
7085295800541340563,2021-11,0.019114670311416847
7930925883736021864,2021-11,0.007500007977477543
7930925883736021864,2021-11,0.005198441163140697
7930925883736021864,2021-11,0.007500007977477543
7930925883736021864,2021-11,0.005198441163140697
1235244772550233980,2021-11,0.0013134728557944717
1235244772550233980,2021-11,0.0013134728557944717
3355881107559250653,2021-11,0.002577466705115134
3355881107559250653,2021-11,0.0024908769032441335
3355881107559250653,2021-11,0.0024908769032441335
3355881107559250653,2021-11,0.0026580514439803024
3355881107559250653,2021-11,0.002577466705115134
3355881107559250653,2021-11,0.0027443926505717974
5481711897502154955,2021-11,0.01168726775551564
5481711897502154955,2021-11,0.019409093934500143
2290083177086946553,2021-11,0.0141932005877608
1366416810235233769,2021-11,0.004474279145132179
1156053485989336481,2021-11,0.03749732894036941
1156053485989336481,2021-11,0.04146649386678335
1156053485989336481,2021-11,0.03749732894036941
1156053485989336481,2021-11,0.03749732894036941
1156053485989336481,2021-11,0.04146649386678335
1156053485989336481,2021-11,0.03749732894036941
1156053485989336481,2021-11,0.03749732894036941
1156053485989336481,2021-11,0.03749732894036941
1192891347324061812,2021-11,0.002685680935975539
1192891347324061812,2021-11,0.0024614210350764765
1192891347324061812,2021-11,0.002685680935975539
1192891347324061812,2021-11,0.002511871315938247
5761480994209806499,2021-11,0.0019832886760148462
5761480994209806499,2021-11,0.0019832886760148462
5761480994209806499,2021-11,0.0022517330543476042
5761480994209806499,2021-11,0.002143923547617794
5761480994209806499,2021-11,0.0019832886760148462
5761480994209806499,2021-11,0.002143923547617794
5761480994209806499,2021-11,0.0019832886760148462
5761480994209806499,2021-11,0.0021090366327079133
5761480994209806499,2021-11,0.0019832886760148462
2397171153213063761,2021-11,0.004003301237013826
2397171153213063761,2021-11,0.004003301237013826
2397171153213063761,2021-11,0.004003301237013826
2397171153213063761,2021-11,0.004003301237013826
6858769421191999702,2021-11,0.0028972006964809774
6858769421191999702,2021-11,0.0028972006964809774
5409960473983330744,2021-11,0.024547390453453066
5409960473983330744,2021-11,0.024547390453453066
3543162424793477785,2021-11,0.016596335081351277
7908414709866823255,2021-11,0.005835553304576685
7908414709866823255,2021-11,0.005312224925436639
7908414709866823255,2021-11,0.005397711616173868
7120090169052575663,2021-11,0.0031324959182541436
7120090169052575663,2021-11,0.0031324959182541436
7665801401860589626,2021-11,0.0038972532105969316
6968106554514688300,2021-11,0.017135635291398596
8609211777002937758,2021-11,0.0036370745378614677
4571290108043699959,2021-11,0.0026316543838232746
6217788509719675691,2021-11,0.003509785701242199
6217788509719675691,2021-11,0.005723135024104638
6217788509719675691,2021-11,0.006270897900771903
6053752047545474051,2021-11,0.004416412434207887
6053752047545474051,2021-11,0.004155035311845593
8529899700094903171,2021-11,0.00885165340104296
8529899700094903171,2021-11,0.00885165340104296
8529899700094903171,2021-11,0.00885165340104296
8529899700094903171,2021-11,0.00885165340104296
8529899700094903171,2021-11,0.008036721154740991
8529899700094903171,2021-11,0.00885165340104296
8292458529987016717,2021-11,0.00785208697916767
3045840317107313913,2021-11,0.004493018807735969
3045840317107313913,2021-11,0.004493018807735969
3045840317107313913,2021-11,0.03968107051502326
2347028805684088098,2021-11,0.0004951992031843567
2347028805684088098,2021-11,0.0005554407772257634
903093877129717133,2021-11,0.0013438568364279929
903093877129717133,2021-11,0.0012864581551166223
903093877129717133,2021-11,0.0011882818014913035
903093877129717133,2021-11,0.0013438568364279929
7485107528960607346,2021-11,0.06691797052416722
7468724002190465812,2021-11,0.0035848140685111134
6987942592445950913,2021-11,0.002665169531486313
1044946691507317745,2021-11,0.00314021446414894
4537982850248578883,2021-11,0.00581292963139706
1617695035450525647,2021-11,0.0005648425876226403
1617695035450525647,2021-11,0.000541036762227997
1617695035450525647,2021-11,0.0008522513371126376
1617695035450525647,2021-11,0.0005478002790870539
5082813456193598086,2021-11,0.002919098976567634
5082813456193598086,2021-11,0.003444310720939842
6349142675790687765,2021-11,0.19724575768551922
7751080728852739823,2021-11,0.002055644299307179
257162352336759783,2021-11,0.002387194459719808
257162352336759783,2021-11,0.002262105252598803
1269153452773908541,2021-11,0.004680636740116141
8464809590757561185,2021-11,0.003833390101240896
4045739494965095560,2021-11,0.0022098510457870635
4045739494965095560,2021-11,0.0022098510457870635
8889055492416898333,2021-11,0.09010587120552822
8889055492416898333,2021-11,0.00952291561833193
8889055492416898333,2021-11,0.0437979529647054
6394935036014530592,2021-11,0.003678101603521088
6394935036014530592,2021-11,0.0037340752930121383
6916556752218696485,2021-11,0.004965984336313854
6916556752218696485,2021-11,0.0050045606998306855
6916556752218696485,2021-11,0.004965984336313854
6916556752218696485,2021-11,0.004965984336313854
665505091521986356,2021-11,0.002976732057684912
8961924617442201922,2021-11,0.0018379388872099532
312543480920432545,2021-11,0.0009348355343584839
312543480920432545,2021-11,0.0009348355343584839
312543480920432545,2021-11,0.0009348355343584839
6927178425683104769,2021-11,0.0023379602218954534
6927178425683104769,2021-11,0.002367034652639128
6927178425683104769,2021-11,0.0022821399510349547
7613717984547031729,2021-11,0.0027185436852773396
7613717984547031729,2021-11,0.0018232070303899237
7613717984547031729,2021-11,0.0015840836364364392
5304536516981778801,2021-11,0.0026636566062795395
5304536516981778801,2021-11,0.0019852934106058544
2780030912070252968,2021-11,0.06694523384143766
9205015186723569289,2021-11,0.013565397564785135
6330043096034525408,2021-11,0.08235178592027079
3137879241768961145,2021-11,0.0009122771092412858
4414438591613884911,2021-11,0.006788950764863483
5373371196946859811,2021-11,0.02086213994723005
8874257794774679816,2021-11,0.008130799744796094
8874257794774679816,2021-11,0.008130799744796094
6784879562354696650,2021-11,0.01658143131583556
8195468623809753777,2021-11,0.006882264794002838
8195468623809753777,2021-11,0.006882264794002838
5225029212547588718,2021-11,0.023218761894334097
5225029212547588718,2021-11,0.026704115404585036
5225029212547588718,2021-11,0.026704115404585036
4724876423989598202,2021-11,0.006210574413036979
4724876423989598202,2021-11,0.002197168677603129
6284433051333854194,2021-11,0.0023186961442069045
6284433051333854194,2021-11,0.0021971883497787052
417157680860985231,2021-11,0.0009593633443290028
7395696797140470088,2021-11,0.0013844090628838015
7395696797140470088,2021-11,0.0014564063831071952
2687720147676132707,2021-11,0.008886812121210761
3631603567749349715,2021-11,0.0015558742640804527
2032592272238235730,2021-11,0.008494929135611801
2032592272238235730,2021-11,0.007007521320929543
6238903426443761049,2021-11,0.013826798017291093
6238903426443761049,2021-11,0.01167421336189107
6238903426443761049,2021-11,0.010650164856602693
6471448246085839373,2021-11,0.0018849656130308255
3472934456083131714,2021-11,0.003502488194973609
3472934456083131714,2021-11,0.0024703477580933276
4740535838297269949,2021-11,0.001870238710600757
4740535838297269949,2021-11,0.001870238710600757
6582676833651678345,2021-11,0.0005990003840941905
6582676833651678345,2021-11,0.0005990003840941905
6582676833651678345,2021-11,0.0005573910339852602
324916756972236008,2021-11,0.006414260744722575
324916756972236008,2021-11,0.00747014441928087
324916756972236008,2021-11,0.00747014441928087
2658946240987854807,2021-11,0.0021715246192956423
2658946240987854807,2021-11,0.0021715246192956423
5042877476420217533,2021-11,0.004170297163844418
1003144834589372198,2021-11,0.002079510566766773
4635578010631860111,2021-11,0.005071452468730231
5462970244186515758,2021-11,0.0009543257733607324
5462970244186515758,2021-11,0.0009645446775672024
5462970244186515758,2021-11,0.005232461612359948
7182085930008391174,2021-11,0.004987588369833748
6352592240901579272,2021-11,0.0024827421342772274
7710364735942975505,2021-11,0.003958711351954521
5460280878923715699,2021-11,0.0020299133654773345
5460280878923715699,2021-11,0.0020156784992336183
93982185886107798,2021-11,0.013319919389551545
8080988579391900405,2021-11,0.003108244405301527
7397206777205091443,2021-11,0.006852341960867252
968199235777440720,2021-11,0.021467231984818327
968199235777440720,2021-11,0.006604963426551799
968199235777440720,2021-11,0.004937976705880122
2771214050521171719,2021-11,0.001337553697732858
2771214050521171719,2021-11,0.0017507512135278083
6448580780254847411,2021-11,0.001773592604695738
8706851346184249504,2021-11,0.001913464980904622
6532139198609901627,2021-11,0.0009229892591454893
3591324331706630867,2021-11,0.023902147158936213
1182975716201409626,2021-11,0.0023601158098573234
1182975716201409626,2021-11,0.002652531333427766
1182975716201409626,2021-11,0.002652531333427766
4641659186059167709,2021-11,0.012228975010351379
5611787644735474299,2021-11,0.002035389341215185
5611787644735474299,2021-11,0.0032544399742109793
5611787644735474299,2021-11,0.002243719531267967
5611787644735474299,2021-11,0.00318230741545264
5611787644735474299,2021-11,0.002126132400741985
2634859679238614382,2021-11,0.0026327060921020468
2634859679238614382,2021-11,0.0026783358512262774
2634859679238614382,2021-11,0.003890641858073661
6486277549325701534,2021-11,0.00492195396850689
6486277549325701534,2021-11,0.00492195396850689
8623308321032624474,2021-11,0.11683104903965182
3668905663669864663,2021-11,0.002850384312639889
3668905663669864663,2021-11,0.003206300203461735
295375823203017296,2021-11,0.0017450590506098798
5271591321704178730,2021-11,0.004810085126674351
4762256864594914240,2021-11,0.004321529055763294
2598475569074240783,2021-11,0.006059831692054527
4071158585850879204,2021-11,0.014780869165084216
4071158585850879204,2021-11,0.01584447031179544
5503073374822479037,2021-11,0.005830956076344503
5503073374822479037,2021-11,0.005728889769338487
1741049493106216406,2021-11,0.03140844918961203
2346482557594782345,2021-11,0.015440250806806525
2346482557594782345,2021-11,0.015440250806806525
2346482557594782345,2021-11,0.01608841614211544
2407532237672094312,2021-11,0.012816799549823574
2407532237672094312,2021-11,0.01816985056726738
5048392903148444335,2021-11,0.02001317031855877
5048392903148444335,2021-11,0.014064263452659018
6198047969028248384,2021-11,0.0018320915366863784
3660744270380078352,2021-11,0.049310723863878136
3660744270380078352,2021-11,0.12199831015951931
3660744270380078352,2021-11,0.026683314978463702
7215053254854713098,2021-11,0.010163028973797311
8015571584405428572,2021-11,0.008009872753150694
6118873739225005756,2021-11,0.001345739074186961
3386019519917828299,2021-11,0.005656404783229627
3386019519917828299,2021-11,0.013758090409871464
2900002014851776114,2021-11,0.21263808424407687
7398738404146260251,2021-11,0.002521629684931976
8313765100460016738,2021-11,0.3551109713555258
6547707428090179960,2021-11,0.005150873931102142
710593997981520423,2021-11,0.012921041527479773
8409181491723988567,2021-11,0.005654093919664166
5108407319813072955,2021-11,0.002811693628195584
4335865859049992260,2021-11,0.005754474261078544
6122719618012473549,2021-11,0.005386887095891198
460993244124061972,2021-11,0.035818598890744735
459290606780222306,2021-11,0.0013040219067881299
459290606780222306,2021-11,0.0012613482838459665
459290606780222306,2021-11,0.001166188224333337
6276792736652545216,2021-11,0.006372829301513008
8487807876567995441,2021-11,0.008637610308782377
8487807876567995441,2021-11,0.010854895994546445
5522764880180045081,2021-11,0.004182698962741239
2191990606593345695,2021-11,0.036461796652450744
2903869860445366876,2021-11,0.0038132578429743292
7347715771145302549,2021-11,0.0024611934008120315
5057726374207815794,2021-11,0.01627136516093917
1616952665234409442,2021-11,0.05620047473915531
5706551050445880395,2021-11,0.5168787737305528
1454789421854453615,2021-11,0.011485812121785932
3285246914299291124,2021-11,0.0011658285926971564
8733525963966339207,2021-11,0.20246498124896808
4717717003637613480,2021-11,0.004949093682156799
4717717003637613480,2021-11,0.004692038636602618
3192341047315717823,2021-11,0.018694067035855935
8287608084245946173,2021-11,0.003734524276333054
9184785003280841216,2021-11,0.006271528395360165
9184785003280841216,2021-11,0.006290247959819901
170089315547146305,2021-11,0.05079719429027112
8196449005061156808,2021-11,0.00412152839659258
8196449005061156808,2021-11,0.004095258724078002
8826489829259520138,2021-11,0.0012907255514523742
8826489829259520138,2021-11,0.0013515540527314343
8826489829259520138,2021-11,0.0013218936246499233
8350724667410677464,2021-11,0.01030586656281755
8784237149961904,2021-11,0.0028849525175677097
5635781225931111684,2021-11,0.00541888976944697
6842075380768862290,2021-11,0.012781224679503047
6842075380768862290,2021-11,0.011914055362791257
4995217181024687397,2021-11,0.006053333331299216
4723919748432185874,2021-11,0.0037394114199035414
4723919748432185874,2021-11,0.0037394114199035414
4723919748432185874,2021-11,0.002612039705330097
1977574645216036803,2021-11,0.2728271243744566
1343530446996409207,2021-11,0.0019065551297826533
9206030810342980458,2021-11,0.0035455976649991857
9206030810342980458,2021-11,0.003445795587212724
9052787288251876909,2021-11,0.0011886432697102067
9052787288251876909,2021-11,0.001213195263160801
3156852928909455203,2021-11,0.004808577575719697
3156852928909455203,2021-11,0.004808577575719697
7595945751692012281,2021-11,0.007413096841174883
1678680306005074426,2021-11,0.01604085154826637
4327694790333781288,2021-11,0.0004985150455534148
4593070249039532001,2021-11,0.0013368614687174125
4593070249039532001,2021-11,0.0017875527382658954
3118152790263512426,2021-11,0.01952452116338005
1788369195969129749,2021-11,0.0022925294945247403
4342146186255136598,2021-11,0.0017211382952066411
4342146186255136598,2021-11,0.00366507475546686
2573553293518763494,2021-11,0.009085383041725688
2573553293518763494,2021-11,0.008815289963024664
5067621068959932809,2021-11,0.08856996825776071
5067621068959932809,2021-11,0.058119662197613574
2123312420728961012,2021-11,0.03463960161145935
4018182555897034052,2021-11,0.0016807022281778452
4018182555897034052,2021-11,0.0014720658933173542
4018182555897034052,2021-11,0.0014720658933173542
3248432590399829766,2021-11,0.001234118156351113
4347826483121154490,2021-11,0.0025395169396394235
4347826483121154490,2021-11,0.00449251678869285
4347826483121154490,2021-11,0.0021542744700897404
2128970218770090704,2021-11,0.005428667102816318
1052398277967427422,2021-11,0.004022945934839337
8909740532547211288,2021-11,0.002435913235186501
2408009918678280470,2021-11,0.00677106171605051
2408009918678280470,2021-11,0.007226017846951518
2408009918678280470,2021-11,0.007226017846951518
5166128847048245697,2021-11,0.0027026742222787214
6615694774618628402,2021-11,0.015035552771105532
8049805689946244047,2021-11,0.00536393616273113
6950439982480713649,2021-11,0.0900840585906521
1683619849073499603,2021-11,0.00625615018177117
5440313607363845188,2021-11,0.002182039581311987
9127318190908282126,2021-11,0.0034823001735733126
1117184216453911295,2021-11,0.00983655397429213
1117184216453911295,2021-11,0.00983655397429213
1097345589386012260,2021-11,0.0019328078392399685
8004409125524742779,2021-11,0.0008563147480935415
4898797487317475277,2021-11,0.08517294497983655
4785355632922927313,2021-11,0.15927763778378684
5752688018135006198,2021-11,0.008211329451992313
1477629972594346481,2021-11,0.014015697853448202
1477629972594346481,2021-11,0.014015697853448202
5477900120643078645,2021-11,0.016925190208925894
2988042199057874759,2021-11,0.010597822337182839
2988042199057874759,2021-11,0.010597822337182839
2988042199057874759,2021-11,0.010597822337182839
4532469127306079736,2021-11,0.005941682903122824
4566920105008626302,2021-11,0.0017009730994231671
4566920105008626302,2021-11,0.0017009730994231671
4566920105008626302,2021-11,0.0023855203334522835
4566920105008626302,2021-11,0.0012612543618949145
5855956854975734380,2021-11,0.005354368894779227
2929243640075785940,2021-11,0.00604595156742263
5122095358293179297,2021-11,0.0030347141738776996
8255085612985072878,2021-11,0.005320638289043337
4817816966382229074,2021-11,0.00248320971407561
6528158819463595826,2021-11,0.0014685970341165892
5287265869592025756,2021-11,0.003375435679820312
2532435113844289043,2021-11,0.0019729492482556013
5606267905834401873,2021-11,0.014311284827332044
5606267905834401873,2021-11,0.013637279108591733
2033394215069562776,2021-11,0.015812245212646875
2033394215069562776,2021-11,0.016239400932247187
904857901361577913,2021-11,0.003291996407807975
3822753345985951756,2021-11,0.004975614097744988
3822753345985951756,2021-11,0.007971826685195407
8248484932270772248,2021-11,0.05768328812759183
7828430488099134389,2021-11,0.028360621881415797
682352428813668634,2021-11,0.002644024311008963
682352428813668634,2021-11,0.002793504819976277
510795635145114083,2021-11,0.014973339599160045
510795635145114083,2021-11,0.014884434667629846
4995679129936981612,2021-11,0.2082457169044852
5176940320835464459,2021-11,0.0033490932427320697
5176940320835464459,2021-11,0.003253156056337604
5176940320835464459,2021-11,0.003253156056337604
5176940320835464459,2021-11,0.003253156056337604
8512214463586144353,2021-11,0.008042074942015623
6721448955097663572,2021-11,0.008048396401482246
7451017400765373278,2021-11,0.002383301004434219
6681781879793693802,2021-11,0.0024619356589326573
7708030042671632236,2021-11,0.0048430807350419245
3698481516392183789,2021-11,0.0037559545338696062
7722287846688771887,2021-11,0.011723957692544518
7722287846688771887,2021-11,0.01250751434961022
7436628409157313756,2021-11,0.01690112964168904
5448628641564935127,2021-11,0.02246602917031668
2530707686830644666,2021-11,0.006295411697439026
8045116560666679751,2021-11,0.028916050554972265
5303720405946805990,2021-11,0.0008497946558962735
1613152204777372951,2021-11,0.014005266901052974
2508429106201166689,2021-11,0.0013241775679011258
2951563549197799278,2021-11,0.0027466041676551586
2022367282554149730,2021-11,0.0018712700721210623
8570963260597299378,2021-11,0.0017857885054885796
8570963260597299378,2021-11,0.0017857885054885796
7895753719321668294,2021-11,0.0014028735258714757
2819054834565698513,2021-11,0.004238721269174065
5757271354816214865,2021-11,0.6856315029276917
1292049196559782171,2021-11,0.0016262394867479469
5753677550753111444,2021-11,0.0007217237871752693
8503092146854371576,2021-11,0.0018794359179410034
113538242419211987,2021-11,0.010470717979369604
7692330898726665144,2021-11,0.004623234978326834
5810778736737569699,2021-11,0.012741238832111404
8559143756893267192,2021-11,0.05554930769427538
8536980239903840341,2021-11,0.002002728899298539
8536980239903840341,2021-11,0.002155360498262806
6545052034269841737,2021-11,0.003173012821926049
5255460548789019114,2021-11,0.004425451203974418
7457803471605010846,2021-11,0.009600636867751637
3997247264680905799,2021-11,0.0032899428716519023
3997247264680905799,2021-11,0.0039037271590351636
5732713959930509093,2021-11,0.03447607528770433
924957821424248698,2021-11,0.0014832845553514134
1210783884008131648,2021-11,0.0031170241788009774
3036967290595689189,2021-11,0.0037610787979255023
2307201111381758912,2021-11,0.007843840994325703
4235078665660987689,2021-11,0.009544839097758242
3605652314611460806,2021-11,0.007620299881906182
6722781660631652440,2021-11,0.005297516172058774
4237135112070444140,2021-11,0.0505558932245893
7442192566700924647,2021-11,0.001185904262082343
3915426102465954493,2021-11,0.002038374209356605
1667173444642500307,2021-11,0.036723166052508194
1874361799315286610,2021-11,0.0024594371144001604
5358243820364010940,2021-11,0.0023697870174622226
3682570285558758138,2021-11,0.009097370341044984
3095686599956852697,2021-11,0.001507989424237163
692350198401528327,2021-11,0.004373396212857045
705648002974742140,2021-11,0.06980791141945546
4993499380140734678,2021-11,0.0055706702384002065
4614484019183480654,2021-11,0.08656303187126564
1299146298565441811,2021-11,0.01584671476107021
4061297388883391410,2021-11,0.0019482232183854406
